모델명,카테고리,상품설명,가격,중고가격,감가율
매직쉐프 MMW-W23FDHW,가스레인지,4년 사용했습니다. 상태 최상이며 작동 이상 없음.,119960,77974,0.35
린나이 RT-1080IJ,가스레인지,3년 사용했습니다. 외관 심한 흠집그리고 액정 파손. 추가 액세서리 포함.,128060,53785,0.58
린나이 INCP2032WJ,가스레인지,3년 사용했습니다. 상태 최상하지만 생활 기스 있음. 추가 액세서리 포함.,143060,103003,0.28
SK매직 GRA-B3218D,가스레인지,2년 사용했습니다. 외관 심한 흠집그리고 액정 파손. 정품 인증서 포함.,147990,75474,0.49
린나이 RT-6520I,가스레인지,2년 사용했습니다. 외관 약간 흠집이며 작동 이상 없음. 정품 인증서 포함.,188810,145383,0.23
린나이 CPBC611DJ,가스레인지,6개월 사용했습니다. 생활흔적 있음이며 고장 없음. 박스 및 구성품 있음.,176080,158472,0.1
SK매직 GRA-BA301D,가스레인지,5년 사용했습니다. 상태 보통그리고 배터리 효율 낮음. 정품 인증서 포함.,229020,87027,0.62
린나이 RBR-PF3000,가스레인지,6개월 사용했습니다. 사용감 있음그리고 생활 기스 있음. 박스 없음.,294960,244816,0.17
SK매직 뉴에코 GRA-851SR,가스레인지,5년 사용했습니다. 상태 보통그리고 액정 파손. 박스 없음.,128820,32205,0.75
린나이 RBR-S6201D,가스레인지,2년 사용했습니다. 상태 보통이며 작동 이상 없음. 충전기 없음.,180000,133200,0.26
린나이 RBR-P3511WD,가스레인지,2년 사용했습니다. 상태 최상하지만 화면 금 갔음. 충전기 없음.,241400,161737,0.33
린나이 RBR-P2501D,가스레인지,3년 사용했습니다. 사용감 있음그리고 액정 파손. 박스 및 구성품 있음.,210750,94837,0.55
SK매직 뉴에코 GRA-910SR,가스레인지,5년 사용했습니다. 외관 약간 흠집그리고 화면 금 갔음. 박스 및 구성품 있음.,171700,53227,0.69
SK매직 GRA-F2NRH,가스레인지,거의 사용하지 않음. 외관 약간 흠집그리고 액정 파손. 박스 및 구성품 있음.,116450,82679,0.29
린나이 GTA24SJ,가스레인지,5년 사용했습니다. 상태 보통그리고 배터리 효율 낮음. 정품 인증서 포함.,133400,50692,0.62
SK매직 뉴에코 GRA-841SR (GRA-841R),가스레인지,6개월 사용했습니다. 상태 양호이며 작동 이상 없음. 추가 액세서리 포함.,144000,129600,0.1
린나이 RBR-S3000,가스레인지,1년 사용했습니다. 상태 양호이며 작동 이상 없음. 충전기 없음.,218950,190486,0.13
하츠 GC-3605SDBH,가스레인지,6개월 사용했습니다. 외관 심한 흠집그리고 생활 기스 있음. 박스 및 구성품 있음.,135000,108000,0.2
린나이 RBR-S3603DIJ,가스레인지,1개월 사용했습니다. 외관 약간 흠집그리고 배터리 효율 낮음. 박스 없음.,156710,128502,0.18
SK매직 GRA-B3FDD,가스레인지,4년 사용했습니다. 상태 양호이며 고장 없음. 박스 및 구성품 있음.,126000,75600,0.4
린나이 RBR-S4000,가스레인지,6개월 사용했습니다. 상태 보통그리고 배터리 효율 낮음. 정품 인증서 포함.,260460,216181,0.17
SK매직 GRA-B3216D,가스레인지,거의 사용하지 않음. 외관 약간 흠집그리고 화면 금 갔음. 박스 및 구성품 있음.,113920,86579,0.24
SK매직 GRA-B322K,가스레인지,5년 사용했습니다. 상태 보통그리고 화면 금 갔음. 박스 없음.,174080,52224,0.7
린나이 RBR-P4400,가스레인지,4년 사용했습니다. 상태 보통그리고 배터리 효율 낮음. 박스 없음.,436700,196514,0.55
린나이 RT-5102,가스레인지,1개월 사용했습니다. 상태 양호하지만 생활 기스 있음. 박스 없음.,250380,225342,0.1
린나이 INBS301DJ,가스레인지,4년 사용했습니다. 상태 양호이며 고장 없음. 박스 및 구성품 있음.,167350,100410,0.4
SK매직 GRAB221K,가스레인지,6개월 사용했습니다. 사용감 있음이며 고장 없음. 충전기 없음.,85440,74332,0.13
린나이 RBR-S3307DJ,가스레인지,5년 사용했습니다. 상태 양호하지만 화면 금 갔음. 충전기 없음.,158790,50812,0.68
린나이 RBR-S3001D,가스레인지,4년 사용했습니다. 상태 최상하지만 화면 금 갔음.,213600,106800,0.5
린나이 CTA22NJ,가스레인지,5년 사용했습니다. 상태 최상하지만 배터리 효율 낮음. 박스 및 구성품 있음.,138600,62369,0.55
린나이 RT-1620I,가스레인지,거의 사용하지 않음. 생활흔적 있음그리고 배터리 효율 낮음. 박스 없음.,189730,147989,0.22
매직쉐프 MMW-W23FDHW,가스레인지,5년 사용했습니다. 외관 심한 흠집그리고 생활 기스 있음. 정품 인증서 포함.,119960,43185,0.64
린나이 RT-1080IJ,가스레인지,4년 사용했습니다. 생활흔적 있음그리고 화면 금 갔음.,128060,51224,0.6
린나이 INCP2032WJ,가스레인지,거의 사용하지 않음. 사용감 있음그리고 생활 기스 있음.,143060,121601,0.15
SK매직 GRA-B3218D,가스레인지,4년 사용했습니다. 상태 보통그리고 생활 기스 있음.,147990,76954,0.48
린나이 RT-6520I,가스레인지,거의 사용하지 않음. 외관 약간 흠집이며 작동 이상 없음. 박스 없음.,188810,168040,0.11
린나이 CPBC611DJ,가스레인지,1개월 사용했습니다. 상태 양호하지만 액정 파손.,176080,137342,0.22
SK매직 GRA-BA301D,가스레인지,1개월 사용했습니다. 상태 양호하지만 생활 기스 있음. 충전기 없음.,229020,206118,0.1
린나이 RBR-PF3000,가스레인지,5년 사용했습니다. 상태 양호이며 고장 없음. 추가 액세서리 포함.,294960,153379,0.48
SK매직 뉴에코 GRA-851SR,가스레인지,1개월 사용했습니다. 사용감 있음그리고 화면 금 갔음. 충전기 없음.,128820,96615,0.25
린나이 RBR-S6201D,가스레인지,6개월 사용했습니다. 상태 보통그리고 생활 기스 있음. 충전기 없음.,180000,151200,0.16
린나이 RBR-P3511WD,가스레인지,2년 사용했습니다. 사용감 있음그리고 배터리 효율 낮음. 박스 없음.,241400,152082,0.37
린나이 RBR-P2501D,가스레인지,거의 사용하지 않음. 사용감 있음그리고 배터리 효율 낮음. 충전기 없음.,210750,162277,0.23
SK매직 뉴에코 GRA-910SR,가스레인지,4년 사용했습니다. 상태 양호하지만 액정 파손.,171700,68680,0.6
SK매직 GRA-F2NRH,가스레인지,4년 사용했습니다. 사용감 있음그리고 생활 기스 있음.,116450,58225,0.5
린나이 GTA24SJ,가스레인지,2년 사용했습니다. 외관 약간 흠집그리고 생활 기스 있음. 정품 인증서 포함.,133400,96048,0.28
SK매직 뉴에코 GRA-841SR (GRA-841R),가스레인지,3년 사용했습니다. 상태 양호하지만 화면 금 갔음. 박스 및 구성품 있음.,144000,79200,0.45
린나이 RBR-S3000,가스레인지,3년 사용했습니다. 외관 심한 흠집그리고 액정 파손. 정품 인증서 포함.,218950,89769,0.59
하츠 GC-3605SDBH,가스레인지,4년 사용했습니다. 외관 약간 흠집그리고 화면 금 갔음. 박스 및 구성품 있음.,135000,55350,0.59
린나이 RBR-S3603DIJ,가스레인지,1개월 사용했습니다. 생활흔적 있음그리고 액정 파손. 박스 및 구성품 있음.,156710,114398,0.27
SK매직 GRA-B3FDD,가스레인지,4년 사용했습니다. 상태 양호이며 작동 이상 없음. 박스 및 구성품 있음.,126000,75600,0.4
린나이 RBR-S4000,가스레인지,4년 사용했습니다. 상태 최상하지만 액정 파손. 박스 없음.,260460,111997,0.57
SK매직 GRA-B3216D,가스레인지,거의 사용하지 않음. 상태 보통그리고 액정 파손. 추가 액세서리 포함.,113920,84300,0.26
SK매직 GRA-B322K,가스레인지,5년 사용했습니다. 외관 심한 흠집그리고 액정 파손. 박스 없음.,174080,31334,0.82
린나이 RBR-P4400,가스레인지,1년 사용했습니다. 외관 약간 흠집그리고 화면 금 갔음. 정품 인증서 포함.,436700,314424,0.28
린나이 RT-5102,가스레인지,1년 사용했습니다. 생활흔적 있음이며 작동 이상 없음. 정품 인증서 포함.,250380,215326,0.14
린나이 INBS301DJ,가스레인지,4년 사용했습니다. 상태 최상하지만 화면 금 갔음. 추가 액세서리 포함.,167350,87022,0.48
SK매직 GRAB221K,가스레인지,3년 사용했습니다. 상태 최상하지만 배터리 효율 낮음. 추가 액세서리 포함.,85440,57244,0.33
린나이 RBR-S3307DJ,가스레인지,거의 사용하지 않음. 상태 양호하지만 생활 기스 있음. 박스 및 구성품 있음.,158790,142911,0.1
린나이 RBR-S3001D,가스레인지,1개월 사용했습니다. 사용감 있음그리고 생활 기스 있음.,213600,187968,0.12
린나이 CTA22NJ,가스레인지,1년 사용했습니다. 사용감 있음이며 작동 이상 없음. 박스 없음.,138600,115038,0.17
린나이 RT-1620I,가스레인지,5년 사용했습니다. 사용감 있음그리고 화면 금 갔음.,189730,56919,0.7
매직쉐프 MMW-W23FDHW,가스레인지,5년 사용했습니다. 상태 최상하지만 배터리 효율 낮음. 박스 없음.,119960,51582,0.57
린나이 RT-1080IJ,가스레인지,3년 사용했습니다. 생활흔적 있음그리고 화면 금 갔음. 정품 인증서 포함.,128060,65310,0.49
린나이 INCP2032WJ,가스레인지,6개월 사용했습니다. 외관 약간 흠집그리고 생활 기스 있음. 충전기 없음.,143060,118739,0.17
SK매직 GRA-B3218D,가스레인지,거의 사용하지 않음. 상태 최상하지만 화면 금 갔음. 박스 및 구성품 있음.,147990,125791,0.15
린나이 RT-6520I,가스레인지,2년 사용했습니다. 사용감 있음그리고 배터리 효율 낮음. 충전기 없음.,188810,117062,0.38
린나이 CPBC611DJ,가스레인지,3년 사용했습니다. 사용감 있음그리고 배터리 효율 낮음. 정품 인증서 포함.,176080,98604,0.44
SK매직 GRA-BA301D,가스레인지,거의 사용하지 않음. 상태 양호하지만 화면 금 갔음.,229020,183216,0.2
린나이 RBR-PF3000,가스레인지,4년 사용했습니다. 상태 양호이며 고장 없음. 충전기 없음.,294960,168127,0.43
SK매직 뉴에코 GRA-851SR,가스레인지,1개월 사용했습니다. 외관 약간 흠집그리고 액정 파손.,128820,95326,0.26
린나이 RBR-S6201D,가스레인지,5년 사용했습니다. 상태 양호이며 작동 이상 없음. 박스 없음.,180000,86400,0.52
린나이 RBR-P3511WD,가스레인지,3년 사용했습니다. 외관 심한 흠집이며 작동 이상 없음. 정품 인증서 포함.,241400,147254,0.39
린나이 RBR-P2501D,가스레인지,거의 사용하지 않음. 사용감 있음그리고 화면 금 갔음.,210750,158062,0.25
SK매직 뉴에코 GRA-910SR,가스레인지,3년 사용했습니다. 사용감 있음이며 작동 이상 없음. 추가 액세서리 포함.,171700,115038,0.33
SK매직 GRA-F2NRH,가스레인지,1개월 사용했습니다. 외관 약간 흠집이며 작동 이상 없음. 충전기 없음.,116450,104805,0.1
린나이 GTA24SJ,가스레인지,1년 사용했습니다. 상태 최상이며 작동 이상 없음. 충전기 없음.,133400,120060,0.1
SK매직 뉴에코 GRA-841SR (GRA-841R),가스레인지,3년 사용했습니다. 상태 최상이며 작동 이상 없음. 추가 액세서리 포함.,144000,110880,0.23
린나이 RBR-S3000,가스레인지,1년 사용했습니다. 생활흔적 있음그리고 생활 기스 있음. 정품 인증서 포함.,218950,177349,0.19
하츠 GC-3605SDBH,가스레인지,2년 사용했습니다. 외관 약간 흠집그리고 배터리 효율 낮음. 추가 액세서리 포함.,135000,91799,0.32
린나이 RBR-S3603DIJ,가스레인지,거의 사용하지 않음. 외관 약간 흠집그리고 화면 금 갔음. 박스 및 구성품 있음.,156710,119099,0.24
SK매직 GRA-B3FDD,가스레인지,6개월 사용했습니다. 외관 약간 흠집이며 고장 없음. 충전기 없음.,126000,110880,0.12
린나이 RBR-S4000,가스레인지,거의 사용하지 않음. 상태 보통그리고 배터리 효율 낮음. 충전기 없음.,260460,205763,0.21
SK매직 GRA-B3216D,가스레인지,2년 사용했습니다. 외관 약간 흠집그리고 배터리 효율 낮음. 충전기 없음.,113920,71769,0.37
SK매직 GRA-B322K,가스레인지,1개월 사용했습니다. 생활흔적 있음그리고 액정 파손. 박스 및 구성품 있음.,174080,127078,0.27
린나이 RBR-P4400,가스레인지,2년 사용했습니다. 상태 최상하지만 화면 금 갔음. 박스 없음.,436700,296956,0.32
린나이 RT-5102,가스레인지,거의 사용하지 않음. 상태 최상하지만 액정 파손. 추가 액세서리 포함.,250380,205311,0.18
린나이 INBS301DJ,가스레인지,3년 사용했습니다. 상태 양호이며 고장 없음. 정품 인증서 포함.,167350,118818,0.29
SK매직 GRAB221K,가스레인지,4년 사용했습니다. 외관 심한 흠집그리고 배터리 효율 낮음. 추가 액세서리 포함.,85440,35884,0.58
린나이 RBR-S3307DJ,가스레인지,5년 사용했습니다. 상태 보통그리고 화면 금 갔음. 박스 및 구성품 있음.,158790,50812,0.68
린나이 RBR-S3001D,가스레인지,2년 사용했습니다. 상태 최상하지만 배터리 효율 낮음. 박스 및 구성품 있음.,213600,160200,0.25
린나이 CTA22NJ,가스레인지,5년 사용했습니다. 상태 보통그리고 화면 금 갔음. 충전기 없음.,138600,40194,0.71
린나이 RT-1620I,가스레인지,6개월 사용했습니다. 사용감 있음이며 작동 이상 없음. 충전기 없음.,189730,165065,0.13
매직쉐프 MMW-W23FDHW,가스레인지,6개월 사용했습니다. 상태 양호하지만 화면 금 갔음. 박스 없음.,119960,93568,0.22
린나이 RT-1080IJ,가스레인지,5년 사용했습니다. 외관 심한 흠집그리고 배터리 효율 낮음. 박스 및 구성품 있음.,128060,38418,0.7
린나이 INCP2032WJ,가스레인지,5년 사용했습니다. 상태 보통이며 고장 없음. 추가 액세서리 포함.,143060,70099,0.51
SK매직 GRA-B3218D,가스레인지,1년 사용했습니다. 사용감 있음그리고 화면 금 갔음. 충전기 없음.,147990,99153,0.33
린나이 RT-6520I,가스레인지,5년 사용했습니다. 상태 보통그리고 생활 기스 있음. 추가 액세서리 포함.,188810,83076,0.56
린나이 CPBC611DJ,가스레인지,2년 사용했습니다. 상태 양호이며 작동 이상 없음. 충전기 없음.,176080,135581,0.23
SK매직 GRA-BA301D,가스레인지,1년 사용했습니다. 생활흔적 있음그리고 화면 금 갔음. 박스 없음.,229020,155733,0.32
린나이 RBR-PF3000,가스레인지,1년 사용했습니다. 상태 보통그리고 생활 기스 있음. 추가 액세서리 포함.,294960,247766,0.16
SK매직 뉴에코 GRA-851SR,가스레인지,1년 사용했습니다. 외관 약간 흠집그리고 화면 금 갔음. 박스 및 구성품 있음.,128820,91462,0.29
린나이 RBR-S6201D,가스레인지,1개월 사용했습니다. 외관 심한 흠집이며 작동 이상 없음. 충전기 없음.,180000,153000,0.15
린나이 RBR-P3511WD,가스레인지,5년 사용했습니다. 상태 양호이며 고장 없음.,241400,120700,0.5
린나이 RBR-P2501D,가스레인지,거의 사용하지 않음. 상태 양호하지만 배터리 효율 낮음. 박스 없음.,210750,174922,0.17
SK매직 뉴에코 GRA-910SR,가스레인지,3년 사용했습니다. 생활흔적 있음이며 작동 이상 없음. 박스 없음.,171700,108171,0.37
SK매직 GRA-F2NRH,가스레인지,5년 사용했습니다. 상태 보통그리고 생활 기스 있음. 추가 액세서리 포함.,116450,51237,0.56
린나이 GTA24SJ,가스레인지,5년 사용했습니다. 사용감 있음그리고 액정 파손. 정품 인증서 포함.,133400,34684,0.74
SK매직 뉴에코 GRA-841SR (GRA-841R),가스레인지,6개월 사용했습니다. 생활흔적 있음이며 고장 없음. 정품 인증서 포함.,144000,129600,0.1
린나이 RBR-S3000,가스레인지,1개월 사용했습니다. 외관 약간 흠집그리고 액정 파손. 정품 인증서 포함.,218950,164212,0.25
하츠 GC-3605SDBH,가스레인지,거의 사용하지 않음. 사용감 있음그리고 생활 기스 있음. 박스 및 구성품 있음.,135000,114750,0.15
린나이 RBR-S3603DIJ,가스레인지,3년 사용했습니다. 상태 양호이며 작동 이상 없음. 박스 없음.,156710,106562,0.32
SK매직 GRA-B3FDD,가스레인지,거의 사용하지 않음. 외관 심한 흠집그리고 배터리 효율 낮음. 박스 없음.,126000,91980,0.27
린나이 RBR-S4000,가스레인지,1개월 사용했습니다. 상태 보통이며 작동 이상 없음. 박스 및 구성품 있음.,260460,234414,0.1
SK매직 GRA-B3216D,가스레인지,4년 사용했습니다. 사용감 있음이며 작동 이상 없음. 박스 없음.,113920,60377,0.47
SK매직 GRA-B322K,가스레인지,6개월 사용했습니다. 외관 약간 흠집이며 고장 없음.,174080,156672,0.1
린나이 RBR-P4400,가스레인지,2년 사용했습니다. 상태 최상이며 고장 없음. 충전기 없음.,436700,358094,0.18
린나이 RT-5102,가스레인지,거의 사용하지 않음. 외관 심한 흠집그리고 화면 금 갔음. 충전기 없음.,250380,167754,0.33
린나이 INBS301DJ,가스레인지,거의 사용하지 않음. 외관 심한 흠집그리고 액정 파손. 추가 액세서리 포함.,167350,112124,0.33
SK매직 GRAB221K,가스레인지,3년 사용했습니다. 외관 심한 흠집그리고 화면 금 갔음. 충전기 없음.,85440,35884,0.58
린나이 RBR-S3307DJ,가스레인지,2년 사용했습니다. 외관 약간 흠집그리고 생활 기스 있음. 정품 인증서 포함.,158790,114328,0.28
린나이 RBR-S3001D,가스레인지,6개월 사용했습니다. 상태 보통이며 고장 없음. 박스 및 구성품 있음.,213600,192240,0.1
린나이 CTA22NJ,가스레인지,2년 사용했습니다. 상태 보통이며 작동 이상 없음.,138600,106722,0.23
린나이 RT-1620I,가스레인지,2년 사용했습니다. 외관 약간 흠집그리고 생활 기스 있음. 박스 및 구성품 있음.,189730,134708,0.29
매직쉐프 MMW-W23FDHW,가스레인지,2년 사용했습니다. 상태 양호하지만 액정 파손. 박스 없음.,119960,69576,0.42
린나이 RT-1080IJ,가스레인지,4년 사용했습니다. 외관 약간 흠집그리고 배터리 효율 낮음. 박스 없음.,128060,56346,0.56
린나이 INCP2032WJ,가스레인지,5년 사용했습니다. 사용감 있음이며 작동 이상 없음. 박스 없음.,143060,61515,0.57
SK매직 GRA-B3218D,가스레인지,6개월 사용했습니다. 생활흔적 있음이며 작동 이상 없음. 박스 및 구성품 있음.,147990,133191,0.1
린나이 RT-6520I,가스레인지,1개월 사용했습니다. 상태 최상이며 작동 이상 없음. 박스 및 구성품 있음.,188810,169929,0.1
린나이 CPBC611DJ,가스레인지,6개월 사용했습니다. 생활흔적 있음그리고 액정 파손. 박스 없음.,176080,119734,0.32
SK매직 GRA-BA301D,가스레인지,1년 사용했습니다. 생활흔적 있음그리고 화면 금 갔음. 충전기 없음.,229020,153443,0.33
린나이 RBR-PF3000,가스레인지,거의 사용하지 않음. 외관 심한 흠집이며 고장 없음. 추가 액세서리 포함.,294960,256615,0.13
SK매직 뉴에코 GRA-851SR,가스레인지,5년 사용했습니다. 상태 양호하지만 액정 파손. 박스 및 구성품 있음.,128820,38646,0.7
린나이 RBR-S6201D,가스레인지,2년 사용했습니다. 상태 양호이며 고장 없음. 박스 및 구성품 있음.,180000,144000,0.2
린나이 RBR-P3511WD,가스레인지,거의 사용하지 않음. 상태 보통그리고 액정 파손. 정품 인증서 포함.,241400,176222,0.27
린나이 RBR-P2501D,가스레인지,6개월 사용했습니다. 상태 보통이며 작동 이상 없음. 정품 인증서 포함.,210750,189675,0.1
SK매직 뉴에코 GRA-910SR,가스레인지,4년 사용했습니다. 상태 양호하지만 화면 금 갔음. 추가 액세서리 포함.,171700,80699,0.53
SK매직 GRA-F2NRH,가스레인지,4년 사용했습니다. 외관 약간 흠집그리고 화면 금 갔음. 충전기 없음.,116450,44251,0.62
린나이 GTA24SJ,가스레인지,1개월 사용했습니다. 외관 약간 흠집이며 고장 없음. 박스 없음.,133400,120060,0.1
SK매직 뉴에코 GRA-841SR (GRA-841R),가스레인지,3년 사용했습니다. 상태 양호하지만 액정 파손. 박스 없음.,144000,69120,0.52
린나이 RBR-S3000,가스레인지,2년 사용했습니다. 상태 보통그리고 화면 금 갔음. 추가 액세서리 포함.,218950,140128,0.36
하츠 GC-3605SDBH,가스레인지,1개월 사용했습니다. 상태 보통그리고 배터리 효율 낮음. 충전기 없음.,135000,110700,0.18
린나이 RBR-S3603DIJ,가스레인지,1개월 사용했습니다. 상태 최상하지만 배터리 효율 낮음. 충전기 없음.,156710,141039,0.1
SK매직 GRA-B3FDD,가스레인지,4년 사용했습니다. 상태 보통그리고 생활 기스 있음. 박스 및 구성품 있음.,126000,65520,0.48
린나이 RBR-S4000,가스레인지,6개월 사용했습니다. 상태 최상이며 작동 이상 없음. 정품 인증서 포함.,260460,234414,0.1
SK매직 GRA-B3216D,가스레인지,4년 사용했습니다. 상태 양호이며 작동 이상 없음. 박스 없음.,113920,66073,0.42
SK매직 GRA-B322K,가스레인지,1개월 사용했습니다. 사용감 있음그리고 배터리 효율 낮음. 추가 액세서리 포함.,174080,147968,0.15
린나이 RBR-P4400,가스레인지,1년 사용했습니다. 상태 양호이며 작동 이상 없음. 추가 액세서리 포함.,436700,393030,0.1
린나이 RT-5102,가스레인지,1개월 사용했습니다. 상태 최상하지만 생활 기스 있음.,250380,225342,0.1
린나이 INBS301DJ,가스레인지,1년 사용했습니다. 사용감 있음그리고 액정 파손. 박스 없음.,167350,105430,0.37
SK매직 GRAB221K,가스레인지,1개월 사용했습니다. 상태 양호이며 고장 없음.,85440,76896,0.1
린나이 RBR-S3307DJ,가스레인지,3년 사용했습니다. 생활흔적 있음이며 고장 없음. 충전기 없음.,158790,98449,0.38
린나이 RBR-S3001D,가스레인지,1년 사용했습니다. 상태 보통이며 고장 없음.,213600,185832,0.13
린나이 CTA22NJ,가스레인지,5년 사용했습니다. 외관 약간 흠집그리고 배터리 효율 낮음. 추가 액세서리 포함.,138600,52668,0.62
린나이 RT-1620I,가스레인지,2년 사용했습니다. 사용감 있음그리고 액정 파손. 박스 및 구성품 있음.,189730,104351,0.45
매직쉐프 MMW-W23FDHW,가스레인지,2년 사용했습니다. 상태 최상이며 작동 이상 없음.,119960,101966,0.15
린나이 RT-1080IJ,가스레인지,1개월 사용했습니다. 상태 양호하지만 액정 파손.,128060,99886,0.22
린나이 INCP2032WJ,가스레인지,2년 사용했습니다. 상태 최상이며 작동 이상 없음. 충전기 없음.,143060,117309,0.18
SK매직 GRA-B3218D,가스레인지,1개월 사용했습니다. 상태 최상하지만 생활 기스 있음. 충전기 없음.,147990,133191,0.1
린나이 RT-6520I,가스레인지,5년 사용했습니다. 사용감 있음이며 작동 이상 없음. 정품 인증서 포함.,188810,86852,0.54
린나이 CPBC611DJ,가스레인지,4년 사용했습니다. 사용감 있음그리고 화면 금 갔음. 정품 인증서 포함.,176080,72192,0.59
SK매직 GRA-BA301D,가스레인지,5년 사용했습니다. 사용감 있음이며 작동 이상 없음. 박스 없음.,229020,98478,0.57
린나이 RBR-PF3000,가스레인지,5년 사용했습니다. 생활흔적 있음그리고 액정 파손. 박스 없음.,294960,67840,0.77
SK매직 뉴에코 GRA-851SR,가스레인지,2년 사용했습니다. 상태 보통그리고 액정 파손. 정품 인증서 포함.,128820,74715,0.42
린나이 RBR-S6201D,가스레인지,6개월 사용했습니다. 상태 보통그리고 배터리 효율 낮음. 추가 액세서리 포함.,180000,151200,0.16
린나이 RBR-P3511WD,가스레인지,거의 사용하지 않음. 생활흔적 있음그리고 배터리 효율 낮음. 박스 없음.,241400,188292,0.22
린나이 RBR-P2501D,가스레인지,5년 사용했습니다. 상태 보통그리고 액정 파손. 박스 없음.,210750,52687,0.75
SK매직 뉴에코 GRA-910SR,가스레인지,1개월 사용했습니다. 외관 심한 흠집그리고 배터리 효율 낮음. 박스 및 구성품 있음.,171700,133926,0.22
SK매직 GRA-F2NRH,가스레인지,6개월 사용했습니다. 생활흔적 있음그리고 생활 기스 있음. 충전기 없음.,116450,95489,0.18
린나이 GTA24SJ,가스레인지,1년 사용했습니다. 생활흔적 있음그리고 화면 금 갔음. 추가 액세서리 포함.,133400,96048,0.28
SK매직 뉴에코 GRA-841SR (GRA-841R),가스레인지,6개월 사용했습니다. 상태 보통그리고 액정 파손. 정품 인증서 포함.,144000,105120,0.27
린나이 RBR-S3000,가스레인지,5년 사용했습니다. 사용감 있음그리고 생활 기스 있음. 충전기 없음.,218950,81011,0.63
하츠 GC-3605SDBH,가스레인지,5년 사용했습니다. 상태 양호이며 작동 이상 없음. 충전기 없음.,135000,63450,0.53
린나이 RBR-S3603DIJ,가스레인지,6개월 사용했습니다. 상태 보통그리고 생활 기스 있음. 추가 액세서리 포함.,156710,139471,0.11
SK매직 GRA-B3FDD,가스레인지,거의 사용하지 않음. 사용감 있음그리고 생활 기스 있음. 추가 액세서리 포함.,126000,109620,0.13
린나이 RBR-S4000,가스레인지,3년 사용했습니다. 외관 약간 흠집그리고 화면 금 갔음. 추가 액세서리 포함.,260460,138043,0.47
SK매직 GRA-B3216D,가스레인지,5년 사용했습니다. 외관 심한 흠집그리고 생활 기스 있음. 박스 없음.,113920,37593,0.67
SK매직 GRA-B322K,가스레인지,6개월 사용했습니다. 외관 심한 흠집그리고 화면 금 갔음. 박스 없음.,174080,118374,0.32
린나이 RBR-P4400,가스레인지,6개월 사용했습니다. 사용감 있음그리고 배터리 효율 낮음. 추가 액세서리 포함.,436700,358094,0.18
린나이 RT-5102,가스레인지,6개월 사용했습니다. 외관 심한 흠집그리고 생활 기스 있음. 박스 및 구성품 있음.,250380,200304,0.2
린나이 INBS301DJ,가스레인지,2년 사용했습니다. 상태 보통그리고 생활 기스 있음. 충전기 없음.,167350,115471,0.31
SK매직 GRAB221K,가스레인지,2년 사용했습니다. 생활흔적 있음그리고 배터리 효율 낮음. 박스 없음.,85440,53827,0.37
린나이 RBR-S3307DJ,가스레인지,5년 사용했습니다. 상태 보통그리고 화면 금 갔음. 충전기 없음.,158790,46049,0.71
린나이 RBR-S3001D,가스레인지,4년 사용했습니다. 상태 최상하지만 배터리 효율 낮음. 박스 없음.,213600,113208,0.47
린나이 CTA22NJ,가스레인지,1개월 사용했습니다. 외관 약간 흠집이며 고장 없음.,138600,124740,0.1
린나이 RT-1620I,가스레인지,1년 사용했습니다. 외관 약간 흠집그리고 생활 기스 있음.,189730,153681,0.19
매직쉐프 MMW-W23FDHW,가스레인지,거의 사용하지 않음. 사용감 있음그리고 액정 파손. 추가 액세서리 포함.,119960,86371,0.28
린나이 RT-1080IJ,가스레인지,6개월 사용했습니다. 외관 심한 흠집이며 고장 없음. 추가 액세서리 포함.,128060,111412,0.13
린나이 INCP2032WJ,가스레인지,거의 사용하지 않음. 상태 보통그리고 생활 기스 있음. 박스 없음.,143060,121601,0.15
SK매직 GRA-B3218D,가스레인지,2년 사용했습니다. 상태 양호이며 고장 없음. 박스 없음.,147990,115432,0.22
린나이 RT-6520I,가스레인지,1개월 사용했습니다. 사용감 있음이며 작동 이상 없음. 추가 액세서리 포함.,188810,169929,0.1
린나이 CPBC611DJ,가스레인지,4년 사용했습니다. 생활흔적 있음그리고 액정 파손. 정품 인증서 포함.,176080,63388,0.64
SK매직 GRA-BA301D,가스레인지,3년 사용했습니다. 상태 최상하지만 화면 금 갔음. 박스 및 구성품 있음.,229020,137412,0.4
린나이 RBR-PF3000,가스레인지,1년 사용했습니다. 외관 약간 흠집그리고 화면 금 갔음. 정품 인증서 포함.,294960,212371,0.28
SK매직 뉴에코 GRA-851SR,가스레인지,1개월 사용했습니다. 상태 양호하지만 액정 파손. 박스 없음.,128820,97903,0.24
린나이 RBR-S6201D,가스레인지,3년 사용했습니다. 생활흔적 있음이며 고장 없음. 정품 인증서 포함.,180000,118799,0.34
린나이 RBR-P3511WD,가스레인지,거의 사용하지 않음. 상태 양호하지만 생활 기스 있음. 정품 인증서 포함.,241400,217260,0.1
린나이 RBR-P2501D,가스레인지,거의 사용하지 않음. 상태 양호이며 작동 이상 없음. 정품 인증서 포함.,210750,189675,0.1
SK매직 뉴에코 GRA-910SR,가스레인지,4년 사용했습니다. 상태 보통그리고 액정 파손. 추가 액세서리 포함.,171700,66963,0.61
SK매직 GRA-F2NRH,가스레인지,6개월 사용했습니다. 사용감 있음그리고 액정 파손.,116450,81515,0.3
린나이 GTA24SJ,가스레인지,1년 사용했습니다. 상태 최상이며 고장 없음. 충전기 없음.,133400,120060,0.1
SK매직 뉴에코 GRA-841SR (GRA-841R),가스레인지,1개월 사용했습니다. 사용감 있음그리고 배터리 효율 낮음. 충전기 없음.,144000,115200,0.2
린나이 RBR-S3000,가스레인지,3년 사용했습니다. 상태 보통그리고 생활 기스 있음. 충전기 없음.,218950,129180,0.41
하츠 GC-3605SDBH,가스레인지,5년 사용했습니다. 생활흔적 있음이며 작동 이상 없음. 추가 액세서리 포함.,135000,63450,0.53
린나이 RBR-S3603DIJ,가스레인지,6개월 사용했습니다. 상태 보통이며 작동 이상 없음. 충전기 없음.,156710,139471,0.11
SK매직 GRA-B3FDD,가스레인지,1개월 사용했습니다. 상태 최상이며 작동 이상 없음. 정품 인증서 포함.,126000,113400,0.1
린나이 RBR-S4000,가스레인지,4년 사용했습니다. 상태 최상하지만 화면 금 갔음.,260460,130230,0.5
SK매직 GRA-B3216D,가스레인지,6개월 사용했습니다. 생활흔적 있음그리고 화면 금 갔음. 추가 액세서리 포함.,113920,87718,0.23
SK매직 GRA-B322K,가스레인지,6개월 사용했습니다. 상태 양호하지만 액정 파손. 충전기 없음.,174080,125337,0.28
린나이 RBR-P4400,가스레인지,1년 사용했습니다. 외관 약간 흠집그리고 액정 파손. 충전기 없음.,436700,275121,0.37
린나이 RT-5102,가스레인지,3년 사용했습니다. 사용감 있음이며 고장 없음. 충전기 없음.,250380,155235,0.38
린나이 INBS301DJ,가스레인지,3년 사용했습니다. 외관 심한 흠집이며 작동 이상 없음. 충전기 없음.,167350,95389,0.43
SK매직 GRAB221K,가스레인지,1개월 사용했습니다. 외관 약간 흠집이며 작동 이상 없음. 정품 인증서 포함.,85440,76896,0.1
린나이 RBR-S3307DJ,가스레인지,2년 사용했습니다. 상태 최상하지만 배터리 효율 낮음. 추가 액세서리 포함.,158790,122268,0.23
린나이 RBR-S3001D,가스레인지,5년 사용했습니다. 외관 심한 흠집이며 작동 이상 없음. 정품 인증서 포함.,213600,87576,0.59
린나이 CTA22NJ,가스레인지,6개월 사용했습니다. 상태 최상하지만 액정 파손. 박스 없음.,138600,108108,0.22
린나이 RT-1620I,가스레인지,5년 사용했습니다. 상태 보통그리고 배터리 효율 낮음.,189730,70200,0.63
매직쉐프 MMW-W23FDHW,가스레인지,4년 사용했습니다. 생활흔적 있음그리고 생활 기스 있음. 추가 액세서리 포함.,119960,62379,0.48
린나이 RT-1080IJ,가스레인지,3년 사용했습니다. 사용감 있음이며 작동 이상 없음. 추가 액세서리 포함.,128060,85800,0.33
린나이 INCP2032WJ,가스레인지,1년 사용했습니다. 상태 양호이며 고장 없음. 정품 인증서 포함.,143060,128754,0.1
SK매직 GRA-B3218D,가스레인지,1개월 사용했습니다. 상태 보통이며 작동 이상 없음. 추가 액세서리 포함.,147990,133191,0.1
린나이 RT-6520I,가스레인지,6개월 사용했습니다. 외관 약간 흠집그리고 화면 금 갔음. 추가 액세서리 포함.,188810,147271,0.22
린나이 CPBC611DJ,가스레인지,1개월 사용했습니다. 상태 최상하지만 화면 금 갔음. 정품 인증서 포함.,176080,156711,0.11
SK매직 GRA-BA301D,가스레인지,6개월 사용했습니다. 생활흔적 있음그리고 생활 기스 있음. 박스 및 구성품 있음.,229020,194667,0.15
린나이 RBR-PF3000,가스레인지,거의 사용하지 않음. 사용감 있음이며 고장 없음. 정품 인증서 포함.,294960,265464,0.1
SK매직 뉴에코 GRA-851SR,가스레인지,3년 사용했습니다. 상태 양호하지만 화면 금 갔음.,128820,70851,0.45
린나이 RBR-S6201D,가스레인지,1개월 사용했습니다. 상태 보통이며 작동 이상 없음. 박스 없음.,180000,162000,0.1
린나이 RBR-P3511WD,가스레인지,거의 사용하지 않음. 상태 최상이며 고장 없음. 충전기 없음.,241400,217260,0.1
린나이 RBR-P2501D,가스레인지,1년 사용했습니다. 사용감 있음그리고 화면 금 갔음. 정품 인증서 포함.,210750,149632,0.29
SK매직 뉴에코 GRA-910SR,가스레인지,1년 사용했습니다. 생활흔적 있음그리고 화면 금 갔음. 충전기 없음.,171700,115038,0.33
SK매직 GRA-F2NRH,가스레인지,6개월 사용했습니다. 외관 심한 흠집이며 고장 없음. 충전기 없음.,116450,95489,0.18
린나이 GTA24SJ,가스레인지,5년 사용했습니다. 상태 최상하지만 화면 금 갔음. 박스 없음.,133400,50692,0.62
SK매직 뉴에코 GRA-841SR (GRA-841R),가스레인지,5년 사용했습니다. 상태 양호하지만 화면 금 갔음.,144000,50400,0.65
린나이 RBR-S3000,가스레인지,1개월 사용했습니다. 외관 약간 흠집이며 작동 이상 없음. 박스 및 구성품 있음.,218950,197055,0.1
하츠 GC-3605SDBH,가스레인지,4년 사용했습니다. 생활흔적 있음그리고 화면 금 갔음. 충전기 없음.,135000,49950,0.63
린나이 RBR-S3603DIJ,가스레인지,3년 사용했습니다. 상태 보통그리고 생활 기스 있음. 추가 액세서리 포함.,156710,100294,0.36
SK매직 GRA-B3FDD,가스레인지,5년 사용했습니다. 생활흔적 있음그리고 화면 금 갔음. 충전기 없음.,126000,34020,0.73
린나이 RBR-S4000,가스레인지,1개월 사용했습니다. 외관 약간 흠집그리고 생활 기스 있음. 박스 없음.,260460,226600,0.13
SK매직 GRA-B3216D,가스레인지,5년 사용했습니다. 상태 보통그리고 배터리 효율 낮음. 박스 및 구성품 있음.,113920,42150,0.63
SK매직 GRA-B322K,가스레인지,4년 사용했습니다. 상태 최상하지만 생활 기스 있음. 추가 액세서리 포함.,174080,107929,0.38
린나이 RBR-P4400,가스레인지,1년 사용했습니다. 사용감 있음그리고 액정 파손. 정품 인증서 포함.,436700,288221,0.34
린나이 RT-5102,가스레인지,4년 사용했습니다. 상태 최상이며 작동 이상 없음. 박스 없음.,250380,157739,0.37
린나이 INBS301DJ,가스레인지,1개월 사용했습니다. 상태 보통그리고 화면 금 갔음. 충전기 없음.,167350,128859,0.23
SK매직 GRAB221K,가스레인지,3년 사용했습니다. 사용감 있음그리고 배터리 효율 낮음. 추가 액세서리 포함.,85440,48700,0.43
린나이 RBR-S3307DJ,가스레인지,2년 사용했습니다. 상태 최상이며 고장 없음. 추가 액세서리 포함.,158790,138147,0.13
린나이 RBR-S3001D,가스레인지,6개월 사용했습니다. 사용감 있음그리고 배터리 효율 낮음.,213600,170880,0.2
린나이 CTA22NJ,가스레인지,4년 사용했습니다. 사용감 있음그리고 생활 기스 있음. 충전기 없음.,138600,65141,0.53
린나이 RT-1620I,가스레인지,거의 사용하지 않음. 외관 약간 흠집그리고 화면 금 갔음. 박스 및 구성품 있음.,189730,144194,0.24
매직쉐프 MMW-W23FDHW,가스레인지,4년 사용했습니다. 상태 최상하지만 액정 파손. 추가 액세서리 포함.,119960,56381,0.53
린나이 RT-1080IJ,가스레인지,1개월 사용했습니다. 사용감 있음이며 고장 없음. 추가 액세서리 포함.,128060,115254,0.1
린나이 INCP2032WJ,가스레인지,1년 사용했습니다. 사용감 있음그리고 생활 기스 있음. 박스 및 구성품 있음.,143060,114448,0.2
SK매직 GRA-B3218D,가스레인지,1개월 사용했습니다. 상태 보통이며 고장 없음. 충전기 없음.,147990,133191,0.1
린나이 RT-6520I,가스레인지,6개월 사용했습니다. 상태 최상하지만 배터리 효율 낮음. 정품 인증서 포함.,188810,169929,0.1
린나이 CPBC611DJ,가스레인지,1년 사용했습니다. 생활흔적 있음그리고 화면 금 갔음. 충전기 없음.,176080,117973,0.33
SK매직 GRA-BA301D,가스레인지,6개월 사용했습니다. 외관 약간 흠집그리고 액정 파손. 추가 액세서리 포함.,229020,167184,0.27
린나이 RBR-PF3000,가스레인지,1년 사용했습니다. 상태 보통그리고 화면 금 갔음.,294960,212371,0.28
SK매직 뉴에코 GRA-851SR,가스레인지,4년 사용했습니다. 상태 양호하지만 배터리 효율 낮음. 박스 및 구성품 있음.,128820,64410,0.5
린나이 RBR-S6201D,가스레인지,1개월 사용했습니다. 상태 양호이며 작동 이상 없음. 정품 인증서 포함.,180000,162000,0.1
린나이 RBR-P3511WD,가스레인지,거의 사용하지 않음. 상태 양호이며 고장 없음. 박스 없음.,241400,217260,0.1
린나이 RBR-P2501D,가스레인지,1개월 사용했습니다. 상태 보통그리고 배터리 효율 낮음.,210750,179137,0.15
SK매직 뉴에코 GRA-910SR,가스레인지,2년 사용했습니다. 사용감 있음그리고 화면 금 갔음. 정품 인증서 포함.,171700,104737,0.39
SK매직 GRA-F2NRH,가스레인지,2년 사용했습니다. 생활흔적 있음그리고 액정 파손. 추가 액세서리 포함.,116450,66376,0.43
린나이 GTA24SJ,가스레인지,4년 사용했습니다. 생활흔적 있음그리고 생활 기스 있음. 정품 인증서 포함.,133400,68034,0.49
SK매직 뉴에코 GRA-841SR (GRA-841R),가스레인지,6개월 사용했습니다. 상태 보통그리고 배터리 효율 낮음. 박스 없음.,144000,115200,0.2
린나이 RBR-S3000,가스레인지,5년 사용했습니다. 사용감 있음그리고 배터리 효율 낮음. 박스 및 구성품 있음.,218950,76632,0.65
하츠 GC-3605SDBH,가스레인지,1개월 사용했습니다. 생활흔적 있음이며 고장 없음. 추가 액세서리 포함.,135000,121500,0.1
린나이 RBR-S3603DIJ,가스레인지,4년 사용했습니다. 상태 최상이며 작동 이상 없음.,156710,101861,0.35
SK매직 GRA-B3FDD,가스레인지,4년 사용했습니다. 외관 약간 흠집그리고 액정 파손. 정품 인증서 포함.,126000,46620,0.63
린나이 RBR-S4000,가스레인지,5년 사용했습니다. 외관 약간 흠집그리고 생활 기스 있음.,260460,106788,0.59
SK매직 GRA-B3216D,가스레인지,2년 사용했습니다. 외관 심한 흠집이며 고장 없음. 충전기 없음.,113920,76326,0.33
SK매직 GRA-B322K,가스레인지,1개월 사용했습니다. 생활흔적 있음그리고 액정 파손.,174080,127078,0.27
린나이 RBR-P4400,가스레인지,6개월 사용했습니다. 사용감 있음그리고 배터리 효율 낮음. 추가 액세서리 포함.,436700,358094,0.18
린나이 RT-5102,가스레인지,3년 사용했습니다. 외관 심한 흠집이며 작동 이상 없음. 추가 액세서리 포함.,250380,155235,0.38
린나이 INBS301DJ,가스레인지,1개월 사용했습니다. 생활흔적 있음그리고 액정 파손. 추가 액세서리 포함.,167350,125512,0.25
SK매직 GRAB221K,가스레인지,4년 사용했습니다. 사용감 있음그리고 액정 파손.,85440,29903,0.65
린나이 RBR-S3307DJ,가스레인지,4년 사용했습니다. 외관 심한 흠집그리고 화면 금 갔음. 박스 없음.,158790,52400,0.67
린나이 RBR-S3001D,가스레인지,1년 사용했습니다. 상태 양호하지만 생활 기스 있음.,213600,181560,0.15
린나이 CTA22NJ,가스레인지,3년 사용했습니다. 상태 최상하지만 화면 금 갔음. 박스 없음.,138600,80388,0.42
린나이 RT-1620I,가스레인지,6개월 사용했습니다. 상태 양호하지만 액정 파손. 추가 액세서리 포함.,189730,146092,0.23
매직쉐프 MMW-W23FDHW,가스레인지,거의 사용하지 않음. 사용감 있음그리고 화면 금 갔음.,119960,89970,0.25
린나이 RT-1080IJ,가스레인지,2년 사용했습니다. 외관 약간 흠집그리고 생활 기스 있음. 정품 인증서 포함.,128060,92203,0.28
린나이 INCP2032WJ,가스레인지,1개월 사용했습니다. 외관 약간 흠집그리고 생활 기스 있음. 박스 및 구성품 있음.,143060,127323,0.11
SK매직 GRA-B3218D,가스레인지,1개월 사용했습니다. 외관 약간 흠집이며 고장 없음. 충전기 없음.,147990,133191,0.1
린나이 RT-6520I,가스레인지,3년 사용했습니다. 사용감 있음그리고 액정 파손. 정품 인증서 포함.,188810,86852,0.54
린나이 CPBC611DJ,가스레인지,4년 사용했습니다. 생활흔적 있음이며 작동 이상 없음. 추가 액세서리 포함.,176080,100365,0.43
SK매직 GRA-BA301D,가스레인지,6개월 사용했습니다. 생활흔적 있음그리고 생활 기스 있음. 추가 액세서리 포함.,229020,199247,0.13
린나이 RBR-PF3000,가스레인지,6개월 사용했습니다. 생활흔적 있음그리고 화면 금 갔음. 박스 및 구성품 있음.,294960,221220,0.25
SK매직 뉴에코 GRA-851SR,가스레인지,3년 사용했습니다. 상태 양호이며 고장 없음. 충전기 없음.,128820,86309,0.33
린나이 RBR-S6201D,가스레인지,거의 사용하지 않음. 상태 최상이며 작동 이상 없음. 충전기 없음.,180000,162000,0.1
린나이 RBR-P3511WD,가스레인지,1개월 사용했습니다. 외관 심한 흠집이며 작동 이상 없음. 추가 액세서리 포함.,241400,217260,0.1
린나이 RBR-P2501D,가스레인지,거의 사용하지 않음. 사용감 있음이며 작동 이상 없음. 박스 없음.,210750,185460,0.12
SK매직 뉴에코 GRA-910SR,가스레인지,3년 사용했습니다. 사용감 있음그리고 생활 기스 있음. 충전기 없음.,171700,97869,0.43
SK매직 GRA-F2NRH,가스레인지,6개월 사용했습니다. 외관 심한 흠집그리고 화면 금 갔음.,116450,81515,0.3
린나이 GTA24SJ,가스레인지,1개월 사용했습니다. 생활흔적 있음그리고 배터리 효율 낮음. 박스 없음.,133400,108054,0.19
SK매직 뉴에코 GRA-841SR (GRA-841R),가스레인지,6개월 사용했습니다. 외관 심한 흠집그리고 화면 금 갔음. 박스 없음.,144000,97919,0.32
린나이 RBR-S3000,가스레인지,6개월 사용했습니다. 상태 최상하지만 생활 기스 있음.,218950,197055,0.1
하츠 GC-3605SDBH,가스레인지,3년 사용했습니다. 외관 약간 흠집이며 작동 이상 없음. 충전기 없음.,135000,85050,0.37
린나이 RBR-S3603DIJ,가스레인지,1년 사용했습니다. 사용감 있음이며 작동 이상 없음. 정품 인증서 포함.,156710,134770,0.14
SK매직 GRA-B3FDD,가스레인지,1개월 사용했습니다. 상태 최상하지만 생활 기스 있음. 충전기 없음.,126000,113400,0.1
린나이 RBR-S4000,가스레인지,1년 사용했습니다. 사용감 있음그리고 화면 금 갔음. 충전기 없음.,260460,174508,0.33
SK매직 GRA-B3216D,가스레인지,1개월 사용했습니다. 상태 보통그리고 액정 파손. 추가 액세서리 포함.,113920,87718,0.23
SK매직 GRA-B322K,가스레인지,3년 사용했습니다. 외관 심한 흠집그리고 화면 금 갔음. 충전기 없음.,174080,73113,0.58
린나이 RBR-P4400,가스레인지,1개월 사용했습니다. 상태 양호이며 고장 없음. 박스 및 구성품 있음.,436700,393030,0.1
린나이 RT-5102,가스레인지,4년 사용했습니다. 외관 심한 흠집이며 고장 없음. 정품 인증서 포함.,250380,127693,0.49
린나이 INBS301DJ,가스레인지,5년 사용했습니다. 외관 심한 흠집그리고 생활 기스 있음. 박스 및 구성품 있음.,167350,58572,0.65
SK매직 GRAB221K,가스레인지,거의 사용하지 않음. 상태 최상하지만 액정 파손. 충전기 없음.,85440,65788,0.23
린나이 RBR-S3307DJ,가스레인지,3년 사용했습니다. 생활흔적 있음그리고 배터리 효율 낮음. 추가 액세서리 포함.,158790,90510,0.43
린나이 RBR-S3001D,가스레인지,3년 사용했습니다. 상태 최상하지만 생활 기스 있음. 정품 인증서 포함.,213600,151656,0.29
린나이 CTA22NJ,가스레인지,1년 사용했습니다. 상태 보통그리고 배터리 효율 낮음. 추가 액세서리 포함.,138600,109494,0.21
린나이 RT-1620I,가스레인지,1개월 사용했습니다. 외관 약간 흠집그리고 배터리 효율 낮음. 정품 인증서 포함.,189730,161270,0.15
매직쉐프 MMW-W23FDHW,가스레인지,6개월 사용했습니다. 외관 약간 흠집그리고 화면 금 갔음.,119960,91169,0.24
린나이 RT-1080IJ,가스레인지,2년 사용했습니다. 생활흔적 있음그리고 배터리 효율 낮음. 박스 및 구성품 있음.,128060,83239,0.35
린나이 INCP2032WJ,가스레인지,3년 사용했습니다. 상태 양호하지만 배터리 효율 낮음. 박스 및 구성품 있음.,143060,85836,0.4
SK매직 GRA-B3218D,가스레인지,거의 사용하지 않음. 상태 양호하지만 배터리 효율 낮음.,147990,125791,0.15
린나이 RT-6520I,가스레인지,3년 사용했습니다. 상태 최상하지만 생활 기스 있음. 충전기 없음.,188810,126502,0.33
린나이 CPBC611DJ,가스레인지,3년 사용했습니다. 외관 약간 흠집이며 작동 이상 없음. 정품 인증서 포함.,176080,117973,0.33
SK매직 GRA-BA301D,가스레인지,1년 사용했습니다. 외관 심한 흠집그리고 생활 기스 있음. 정품 인증서 포함.,229020,174055,0.24
린나이 RBR-PF3000,가스레인지,4년 사용했습니다. 상태 최상이며 작동 이상 없음. 박스 및 구성품 있음.,294960,191724,0.35
SK매직 뉴에코 GRA-851SR,가스레인지,1개월 사용했습니다. 외관 심한 흠집그리고 생활 기스 있음. 추가 액세서리 포함.,128820,109497,0.15
린나이 RBR-S6201D,가스레인지,6개월 사용했습니다. 외관 심한 흠집이며 작동 이상 없음. 박스 및 구성품 있음.,180000,153000,0.15
린나이 RBR-P3511WD,가스레인지,6개월 사용했습니다. 사용감 있음그리고 화면 금 갔음.,241400,181050,0.25
린나이 RBR-P2501D,가스레인지,3년 사용했습니다. 외관 심한 흠집그리고 화면 금 갔음. 정품 인증서 포함.,210750,96944,0.54
SK매직 뉴에코 GRA-910SR,가스레인지,6개월 사용했습니다. 생활흔적 있음그리고 화면 금 갔음.,171700,128775,0.25
SK매직 GRA-F2NRH,가스레인지,6개월 사용했습니다. 사용감 있음이며 고장 없음. 박스 없음.,116450,102476,0.12
린나이 GTA24SJ,가스레인지,5년 사용했습니다. 상태 양호이며 작동 이상 없음. 추가 액세서리 포함.,133400,69368,0.48
SK매직 뉴에코 GRA-841SR (GRA-841R),가스레인지,6개월 사용했습니다. 사용감 있음그리고 생활 기스 있음. 박스 및 구성품 있음.,144000,122400,0.15
린나이 RBR-S3000,가스레인지,5년 사용했습니다. 외관 심한 흠집이며 고장 없음.,218950,87580,0.6
하츠 GC-3605SDBH,가스레인지,5년 사용했습니다. 상태 최상이며 고장 없음. 정품 인증서 포함.,135000,75600,0.44
린나이 RBR-S3603DIJ,가스레인지,거의 사용하지 않음. 사용감 있음그리고 화면 금 갔음.,156710,117532,0.25
SK매직 GRA-B3FDD,가스레인지,2년 사용했습니다. 상태 최상하지만 배터리 효율 낮음. 정품 인증서 포함.,126000,95760,0.24
린나이 RBR-S4000,가스레인지,2년 사용했습니다. 상태 양호하지만 생활 기스 있음. 박스 없음.,260460,190135,0.27
SK매직 GRA-B3216D,가스레인지,1년 사용했습니다. 상태 양호하지만 화면 금 갔음. 박스 및 구성품 있음.,113920,85440,0.25
SK매직 GRA-B322K,가스레인지,2년 사용했습니다. 상태 보통이며 작동 이상 없음.,174080,134041,0.23
린나이 RBR-P4400,가스레인지,3년 사용했습니다. 상태 보통이며 작동 이상 없음. 추가 액세서리 포함.,436700,301323,0.31
린나이 RT-5102,가스레인지,1년 사용했습니다. 상태 양호하지만 화면 금 갔음. 추가 액세서리 포함.,250380,192792,0.23
린나이 INBS301DJ,가스레인지,6개월 사용했습니다. 상태 보통그리고 액정 파손. 충전기 없음.,167350,115471,0.31
SK매직 GRAB221K,가스레인지,4년 사용했습니다. 생활흔적 있음이며 작동 이상 없음.,85440,46992,0.45
린나이 RBR-S3307DJ,가스레인지,2년 사용했습니다. 상태 보통그리고 배터리 효율 낮음. 충전기 없음.,158790,101625,0.36
린나이 RBR-S3001D,가스레인지,2년 사용했습니다. 상태 최상하지만 배터리 효율 낮음. 박스 및 구성품 있음.,213600,160200,0.25
린나이 CTA22NJ,가스레인지,거의 사용하지 않음. 상태 양호이며 고장 없음. 정품 인증서 포함.,138600,124740,0.1
린나이 RT-1620I,가스레인지,6개월 사용했습니다. 사용감 있음그리고 화면 금 갔음. 박스 없음.,189730,138502,0.27
매직쉐프 MMW-W23FDHW,가스레인지,5년 사용했습니다. 상태 양호하지만 화면 금 갔음. 추가 액세서리 포함.,119960,44385,0.63
린나이 RT-1080IJ,가스레인지,1년 사용했습니다. 사용감 있음그리고 액정 파손. 정품 인증서 포함.,128060,84519,0.34
린나이 INCP2032WJ,가스레인지,4년 사용했습니다. 외관 심한 흠집그리고 배터리 효율 낮음. 박스 및 구성품 있음.,143060,57224,0.6
SK매직 GRA-B3218D,가스레인지,1개월 사용했습니다. 외관 약간 흠집그리고 생활 기스 있음.,147990,131711,0.11
린나이 RT-6520I,가스레인지,1개월 사용했습니다. 상태 보통이며 고장 없음.,188810,169929,0.1
린나이 CPBC611DJ,가스레인지,3년 사용했습니다. 상태 최상이며 작동 이상 없음. 박스 및 구성품 있음.,176080,132060,0.25
SK매직 GRA-BA301D,가스레인지,4년 사용했습니다. 상태 최상이며 고장 없음. 박스 없음.,229020,144282,0.37
린나이 RBR-PF3000,가스레인지,4년 사용했습니다. 사용감 있음그리고 배터리 효율 낮음. 박스 및 구성품 있음.,294960,132732,0.55
SK매직 뉴에코 GRA-851SR,가스레인지,6개월 사용했습니다. 상태 양호이며 고장 없음. 박스 없음.,128820,115938,0.1
린나이 RBR-S6201D,가스레인지,거의 사용하지 않음. 상태 최상하지만 액정 파손. 박스 및 구성품 있음.,180000,144000,0.2
린나이 RBR-P3511WD,가스레인지,6개월 사용했습니다. 상태 보통그리고 화면 금 갔음. 정품 인증서 포함.,241400,188292,0.22
린나이 RBR-P2501D,가스레인지,6개월 사용했습니다. 외관 약간 흠집그리고 생활 기스 있음. 박스 및 구성품 있음.,210750,181245,0.14
SK매직 뉴에코 GRA-910SR,가스레인지,거의 사용하지 않음. 외관 심한 흠집그리고 화면 금 갔음.,171700,120189,0.3
SK매직 GRA-F2NRH,가스레인지,3년 사용했습니다. 상태 보통그리고 화면 금 갔음. 박스 없음.,116450,58225,0.5
린나이 GTA24SJ,가스레인지,3년 사용했습니다. 외관 약간 흠집이며 작동 이상 없음. 박스 없음.,133400,85376,0.36
SK매직 뉴에코 GRA-841SR (GRA-841R),가스레인지,거의 사용하지 않음. 사용감 있음그리고 생활 기스 있음. 추가 액세서리 포함.,144000,125280,0.13
린나이 RBR-S3000,가스레인지,1개월 사용했습니다. 외관 약간 흠집그리고 배터리 효율 낮음.,218950,183918,0.16
하츠 GC-3605SDBH,가스레인지,거의 사용하지 않음. 상태 양호하지만 배터리 효율 낮음. 박스 없음.,135000,112050,0.17
린나이 RBR-S3603DIJ,가스레인지,3년 사용했습니다. 상태 양호하지만 액정 파손. 정품 인증서 포함.,156710,79922,0.49
SK매직 GRA-B3FDD,가스레인지,4년 사용했습니다. 상태 양호하지만 배터리 효율 낮음.,126000,63000,0.5
린나이 RBR-S4000,가스레인지,1개월 사용했습니다. 외관 약간 흠집이며 작동 이상 없음. 박스 및 구성품 있음.,260460,234414,0.1
SK매직 GRA-B3216D,가스레인지,6개월 사용했습니다. 상태 보통그리고 화면 금 갔음. 추가 액세서리 포함.,113920,89996,0.21
SK매직 GRA-B322K,가스레인지,4년 사용했습니다. 외관 약간 흠집이며 고장 없음. 박스 및 구성품 있음.,174080,97484,0.44
린나이 RBR-P4400,가스레인지,1년 사용했습니다. 상태 최상하지만 액정 파손. 추가 액세서리 포함.,436700,336259,0.23
린나이 RT-5102,가스레인지,1년 사용했습니다. 상태 최상하지만 액정 파손. 충전기 없음.,250380,180273,0.28
린나이 INBS301DJ,가스레인지,4년 사용했습니다. 외관 약간 흠집이며 작동 이상 없음. 정품 인증서 포함.,167350,95389,0.43
SK매직 GRAB221K,가스레인지,1개월 사용했습니다. 외관 심한 흠집이며 고장 없음. 박스 및 구성품 있음.,85440,75187,0.12
린나이 RBR-S3307DJ,가스레인지,4년 사용했습니다. 상태 양호하지만 배터리 효율 낮음.,158790,79395,0.5
린나이 RBR-S3001D,가스레인지,1개월 사용했습니다. 외관 심한 흠집그리고 화면 금 갔음.,213600,155928,0.27
린나이 CTA22NJ,가스레인지,4년 사용했습니다. 사용감 있음이며 작동 이상 없음.,138600,76230,0.45
린나이 RT-1620I,가스레인지,거의 사용하지 않음. 상태 최상하지만 생활 기스 있음. 충전기 없음.,189730,170757,0.1
매직쉐프 MMW-W23FDHW,가스레인지,1년 사용했습니다. 외관 약간 흠집그리고 액정 파손. 박스 및 구성품 있음.,119960,79173,0.34
린나이 RT-1080IJ,가스레인지,6개월 사용했습니다. 사용감 있음그리고 생활 기스 있음. 추가 액세서리 포함.,128060,111412,0.13
린나이 INCP2032WJ,가스레인지,5년 사용했습니다. 상태 양호하지만 생활 기스 있음. 박스 없음.,143060,61515,0.57
SK매직 GRA-B3218D,가스레인지,5년 사용했습니다. 사용감 있음이며 고장 없음. 박스 및 구성품 있음.,147990,66595,0.55
린나이 RT-6520I,가스레인지,거의 사용하지 않음. 외관 약간 흠집그리고 화면 금 갔음. 정품 인증서 포함.,188810,145383,0.23
린나이 CPBC611DJ,가스레인지,거의 사용하지 않음. 외관 약간 흠집그리고 생활 기스 있음.,176080,151428,0.14
SK매직 GRA-BA301D,가스레인지,4년 사용했습니다. 상태 양호하지만 생활 기스 있음. 박스 및 구성품 있음.,229020,125961,0.45
린나이 RBR-PF3000,가스레인지,4년 사용했습니다. 상태 최상하지만 화면 금 갔음. 정품 인증서 포함.,294960,150429,0.49
SK매직 뉴에코 GRA-851SR,가스레인지,1개월 사용했습니다. 생활흔적 있음이며 고장 없음. 충전기 없음.,128820,115938,0.1
린나이 RBR-S6201D,가스레인지,1년 사용했습니다. 사용감 있음그리고 생활 기스 있음. 박스 및 구성품 있음.,180000,144000,0.2
린나이 RBR-P3511WD,가스레인지,2년 사용했습니다. 외관 약간 흠집그리고 화면 금 갔음. 정품 인증서 포함.,241400,149668,0.38
린나이 RBR-P2501D,가스레인지,5년 사용했습니다. 상태 최상하지만 액정 파손. 정품 인증서 포함.,210750,75870,0.64
SK매직 뉴에코 GRA-910SR,가스레인지,거의 사용하지 않음. 상태 보통그리고 배터리 효율 낮음.,171700,140794,0.18
SK매직 GRA-F2NRH,가스레인지,6개월 사용했습니다. 사용감 있음그리고 화면 금 갔음. 정품 인증서 포함.,116450,88502,0.24
린나이 GTA24SJ,가스레인지,거의 사용하지 않음. 사용감 있음그리고 액정 파손. 박스 및 구성품 있음.,133400,93380,0.3
SK매직 뉴에코 GRA-841SR (GRA-841R),가스레인지,거의 사용하지 않음. 사용감 있음그리고 배터리 효율 낮음. 추가 액세서리 포함.,144000,118080,0.18
린나이 RBR-S3000,가스레인지,5년 사용했습니다. 상태 최상이며 작동 이상 없음. 박스 및 구성품 있음.,218950,120422,0.45
하츠 GC-3605SDBH,가스레인지,1년 사용했습니다. 상태 양호하지만 화면 금 갔음. 정품 인증서 포함.,135000,102600,0.24
린나이 RBR-S3603DIJ,가스레인지,1년 사용했습니다. 상태 양호이며 작동 이상 없음. 박스 및 구성품 있음.,156710,141039,0.1
SK매직 GRA-B3FDD,가스레인지,1개월 사용했습니다. 사용감 있음이며 고장 없음.,126000,113400,0.1
린나이 RBR-S4000,가스레인지,1년 사용했습니다. 외관 심한 흠집이며 고장 없음. 추가 액세서리 포함.,260460,213577,0.18
SK매직 GRA-B3216D,가스레인지,1개월 사용했습니다. 상태 최상이며 작동 이상 없음. 박스 없음.,113920,102528,0.1
SK매직 GRA-B322K,가스레인지,1개월 사용했습니다. 상태 양호하지만 화면 금 갔음. 박스 없음.,174080,141004,0.19
린나이 RBR-P4400,가스레인지,1년 사용했습니다. 외관 심한 흠집이며 고장 없음. 박스 없음.,436700,340626,0.22
린나이 RT-5102,가스레인지,4년 사용했습니다. 외관 심한 흠집그리고 화면 금 갔음. 박스 및 구성품 있음.,250380,87633,0.65
린나이 INBS301DJ,가스레인지,6개월 사용했습니다. 사용감 있음그리고 생활 기스 있음. 박스 및 구성품 있음.,167350,142247,0.15
SK매직 GRAB221K,가스레인지,거의 사용하지 않음. 사용감 있음그리고 배터리 효율 낮음.,85440,68352,0.2
린나이 RBR-S3307DJ,가스레인지,3년 사용했습니다. 외관 약간 흠집그리고 생활 기스 있음. 박스 없음.,158790,93686,0.41
린나이 RBR-S3001D,가스레인지,5년 사용했습니다. 외관 심한 흠집그리고 생활 기스 있음. 박스 및 구성품 있음.,213600,74760,0.65
린나이 CTA22NJ,가스레인지,5년 사용했습니다. 외관 약간 흠집그리고 배터리 효율 낮음. 충전기 없음.,138600,45737,0.67
린나이 RT-1620I,가스레인지,3년 사용했습니다. 사용감 있음그리고 화면 금 갔음. 충전기 없음.,189730,89173,0.53
매직쉐프 MMW-W23FDHW,가스레인지,5년 사용했습니다. 상태 보통이며 작동 이상 없음. 박스 없음.,119960,53981,0.55
린나이 RT-1080IJ,가스레인지,1년 사용했습니다. 상태 양호이며 고장 없음. 박스 및 구성품 있음.,128060,115254,0.1
린나이 INCP2032WJ,가스레인지,6개월 사용했습니다. 생활흔적 있음그리고 배터리 효율 낮음.,143060,114448,0.2
SK매직 GRA-B3218D,가스레인지,2년 사용했습니다. 상태 보통이며 고장 없음. 박스 없음.,147990,110992,0.25
린나이 RT-6520I,가스레인지,거의 사용하지 않음. 사용감 있음그리고 배터리 효율 낮음. 추가 액세서리 포함.,188810,154824,0.18
린나이 CPBC611DJ,가스레인지,3년 사용했습니다. 사용감 있음이며 고장 없음. 박스 없음.,176080,110930,0.37
SK매직 GRA-BA301D,가스레인지,1년 사용했습니다. 외관 심한 흠집그리고 액정 파손.,229020,137412,0.4
린나이 RBR-PF3000,가스레인지,거의 사용하지 않음. 상태 양호하지만 화면 금 갔음. 추가 액세서리 포함.,294960,241867,0.18
SK매직 뉴에코 GRA-851SR,가스레인지,2년 사용했습니다. 상태 보통이며 작동 이상 없음. 박스 없음.,128820,96615,0.25
린나이 RBR-S6201D,가스레인지,1개월 사용했습니다. 상태 보통그리고 화면 금 갔음. 정품 인증서 포함.,180000,145800,0.19
린나이 RBR-P3511WD,가스레인지,4년 사용했습니다. 생활흔적 있음그리고 배터리 효율 낮음.,241400,108629,0.55
린나이 RBR-P2501D,가스레인지,2년 사용했습니다. 상태 최상이며 작동 이상 없음. 정품 인증서 포함.,210750,181245,0.14
SK매직 뉴에코 GRA-910SR,가스레인지,1개월 사용했습니다. 상태 보통이며 작동 이상 없음. 정품 인증서 포함.,171700,154530,0.1
SK매직 GRA-F2NRH,가스레인지,4년 사용했습니다. 사용감 있음그리고 화면 금 갔음.,116450,46580,0.6
린나이 GTA24SJ,가스레인지,1개월 사용했습니다. 상태 양호하지만 액정 파손. 박스 및 구성품 있음.,133400,104052,0.22
SK매직 뉴에코 GRA-841SR (GRA-841R),가스레인지,2년 사용했습니다. 외관 심한 흠집그리고 생활 기스 있음. 박스 및 구성품 있음.,144000,93600,0.35
린나이 RBR-S3000,가스레인지,3년 사용했습니다. 사용감 있음그리고 화면 금 갔음. 추가 액세서리 포함.,218950,113854,0.48
하츠 GC-3605SDBH,가스레인지,3년 사용했습니다. 사용감 있음그리고 화면 금 갔음. 충전기 없음.,135000,63450,0.53
린나이 RBR-S3603DIJ,가스레인지,거의 사용하지 않음. 상태 보통이며 작동 이상 없음. 박스 없음.,156710,141039,0.1
SK매직 GRA-B3FDD,가스레인지,5년 사용했습니다. 외관 약간 흠집이며 작동 이상 없음. 박스 없음.,126000,55439,0.56
린나이 RBR-S4000,가스레인지,3년 사용했습니다. 상태 양호이며 고장 없음. 충전기 없음.,260460,174508,0.33
SK매직 GRA-B3216D,가스레인지,6개월 사용했습니다. 상태 최상이며 고장 없음. 정품 인증서 포함.,113920,102528,0.1
SK매직 GRA-B322K,가스레인지,1년 사용했습니다. 상태 양호이며 고장 없음. 박스 없음.,174080,153190,0.12
린나이 RBR-P4400,가스레인지,5년 사용했습니다. 상태 최상이며 작동 이상 없음.,436700,240185,0.45
린나이 RT-5102,가스레인지,2년 사용했습니다. 상태 양호하지만 배터리 효율 낮음. 정품 인증서 포함.,250380,177769,0.29
린나이 INBS301DJ,가스레인지,2년 사용했습니다. 생활흔적 있음그리고 화면 금 갔음. 추가 액세서리 포함.,167350,103757,0.38
SK매직 GRAB221K,가스레인지,거의 사용하지 않음. 상태 보통그리고 화면 금 갔음.,85440,65788,0.23
린나이 RBR-S3307DJ,가스레인지,1개월 사용했습니다. 외관 심한 흠집이며 고장 없음. 정품 인증서 포함.,158790,141323,0.11
린나이 RBR-S3001D,가스레인지,1개월 사용했습니다. 생활흔적 있음그리고 화면 금 갔음. 충전기 없음.,213600,160200,0.25
린나이 CTA22NJ,가스레인지,1개월 사용했습니다. 상태 보통그리고 생활 기스 있음. 충전기 없음.,138600,120582,0.13
린나이 RT-1620I,가스레인지,거의 사용하지 않음. 생활흔적 있음이며 작동 이상 없음.,189730,170757,0.1
매직쉐프 MMW-W23FDHW,가스레인지,거의 사용하지 않음. 상태 보통이며 고장 없음. 박스 없음.,119960,107964,0.1
린나이 RT-1080IJ,가스레인지,1년 사용했습니다. 생활흔적 있음이며 작동 이상 없음. 박스 및 구성품 있음.,128060,108851,0.15
린나이 INCP2032WJ,가스레인지,2년 사용했습니다. 사용감 있음그리고 생활 기스 있음. 충전기 없음.,143060,95850,0.33
SK매직 GRA-B3218D,가스레인지,거의 사용하지 않음. 상태 최상하지만 화면 금 갔음. 추가 액세서리 포함.,147990,128751,0.13
린나이 RT-6520I,가스레인지,2년 사용했습니다. 상태 양호하지만 배터리 효율 낮음. 추가 액세서리 포함.,188810,135943,0.28
린나이 CPBC611DJ,가스레인지,3년 사용했습니다. 상태 양호하지만 액정 파손. 추가 액세서리 포함.,176080,91561,0.48
SK매직 GRA-BA301D,가스레인지,6개월 사용했습니다. 사용감 있음그리고 화면 금 갔음. 정품 인증서 포함.,229020,174055,0.24
린나이 RBR-PF3000,가스레인지,6개월 사용했습니다. 상태 최상하지만 생활 기스 있음. 박스 및 구성품 있음.,294960,265464,0.1
SK매직 뉴에코 GRA-851SR,가스레인지,1년 사용했습니다. 외관 약간 흠집이며 작동 이상 없음. 박스 없음.,128820,108208,0.16
린나이 RBR-S6201D,가스레인지,1개월 사용했습니다. 사용감 있음그리고 화면 금 갔음. 충전기 없음.,180000,135000,0.25
린나이 RBR-P3511WD,가스레인지,6개월 사용했습니다. 상태 최상이며 고장 없음. 박스 없음.,241400,217260,0.1
린나이 RBR-P2501D,가스레인지,1년 사용했습니다. 상태 양호하지만 화면 금 갔음. 정품 인증서 포함.,210750,160170,0.24
SK매직 뉴에코 GRA-910SR,가스레인지,2년 사용했습니다. 생활흔적 있음이며 작동 이상 없음. 박스 없음.,171700,125341,0.27
SK매직 GRA-F2NRH,가스레인지,1년 사용했습니다. 생활흔적 있음이며 작동 이상 없음. 박스 및 구성품 있음.,116450,98982,0.15
린나이 GTA24SJ,가스레인지,1년 사용했습니다. 상태 최상하지만 화면 금 갔음.,133400,106720,0.2
SK매직 뉴에코 GRA-841SR (GRA-841R),가스레인지,3년 사용했습니다. 외관 심한 흠집그리고 배터리 효율 낮음. 박스 및 구성품 있음.,144000,72000,0.5
린나이 RBR-S3000,가스레인지,2년 사용했습니다. 사용감 있음그리고 액정 파손. 박스 및 구성품 있음.,218950,120422,0.45
하츠 GC-3605SDBH,가스레인지,5년 사용했습니다. 외관 약간 흠집이며 작동 이상 없음. 추가 액세서리 포함.,135000,64800,0.52
린나이 RBR-S3603DIJ,가스레인지,3년 사용했습니다. 상태 보통그리고 배터리 효율 낮음. 박스 및 구성품 있음.,156710,89324,0.43
SK매직 GRA-B3FDD,가스레인지,5년 사용했습니다. 상태 보통이며 고장 없음. 정품 인증서 포함.,126000,60480,0.52
린나이 RBR-S4000,가스레인지,2년 사용했습니다. 외관 심한 흠집이며 고장 없음.,260460,182322,0.3
SK매직 GRA-B3216D,가스레인지,거의 사용하지 않음. 외관 약간 흠집그리고 액정 파손. 충전기 없음.,113920,77465,0.32
SK매직 GRA-B322K,가스레인지,1년 사용했습니다. 상태 최상이며 작동 이상 없음. 박스 및 구성품 있음.,174080,156672,0.1
린나이 RBR-P4400,가스레인지,5년 사용했습니다. 생활흔적 있음그리고 생활 기스 있음. 추가 액세서리 포함.,436700,183414,0.58
린나이 RT-5102,가스레인지,거의 사용하지 않음. 생활흔적 있음이며 작동 이상 없음. 추가 액세서리 포함.,250380,225342,0.1
린나이 INBS301DJ,가스레인지,1년 사용했습니다. 외관 심한 흠집이며 작동 이상 없음.,167350,133880,0.2
SK매직 GRAB221K,가스레인지,1개월 사용했습니다. 생활흔적 있음그리고 화면 금 갔음. 충전기 없음.,85440,64080,0.25
린나이 RBR-S3307DJ,가스레인지,6개월 사용했습니다. 상태 최상이며 작동 이상 없음. 충전기 없음.,158790,142911,0.1
린나이 RBR-S3001D,가스레인지,1개월 사용했습니다. 외관 심한 흠집이며 작동 이상 없음. 박스 없음.,213600,183696,0.14
린나이 CTA22NJ,가스레인지,6개월 사용했습니다. 상태 양호하지만 액정 파손. 정품 인증서 포함.,138600,105336,0.24
린나이 RT-1620I,가스레인지,1개월 사용했습니다. 상태 양호하지만 생활 기스 있음.,189730,170757,0.1
매직쉐프 MMW-W23FDHW,가스레인지,1년 사용했습니다. 상태 보통이며 작동 이상 없음. 박스 없음.,119960,101966,0.15
린나이 RT-1080IJ,가스레인지,3년 사용했습니다. 외관 약간 흠집이며 작동 이상 없음.,128060,84519,0.34
린나이 INCP2032WJ,가스레인지,5년 사용했습니다. 상태 보통그리고 생활 기스 있음. 박스 없음.,143060,57224,0.6
SK매직 GRA-B3218D,가스레인지,5년 사용했습니다. 사용감 있음그리고 배터리 효율 낮음. 충전기 없음.,147990,47356,0.68
린나이 RT-6520I,가스레인지,1년 사용했습니다. 사용감 있음이며 고장 없음. 충전기 없음.,188810,154824,0.18
린나이 CPBC611DJ,가스레인지,1개월 사용했습니다. 상태 보통그리고 화면 금 갔음. 충전기 없음.,176080,135581,0.23
SK매직 GRA-BA301D,가스레인지,1년 사용했습니다. 외관 약간 흠집이며 고장 없음. 박스 및 구성품 있음.,229020,196957,0.14
린나이 RBR-PF3000,가스레인지,6개월 사용했습니다. 사용감 있음이며 고장 없음. 박스 및 구성품 있음.,294960,265464,0.1
SK매직 뉴에코 GRA-851SR,가스레인지,3년 사용했습니다. 상태 보통이며 고장 없음. 박스 및 구성품 있음.,128820,86309,0.33
린나이 RBR-S6201D,가스레인지,5년 사용했습니다. 외관 심한 흠집그리고 화면 금 갔음. 박스 및 구성품 있음.,180000,45000,0.75
린나이 RBR-P3511WD,가스레인지,6개월 사용했습니다. 사용감 있음그리고 생활 기스 있음. 충전기 없음.,241400,197948,0.18
린나이 RBR-P2501D,가스레인지,5년 사용했습니다. 생활흔적 있음이며 고장 없음. 추가 액세서리 포함.,210750,99052,0.53
SK매직 뉴에코 GRA-910SR,가스레인지,6개월 사용했습니다. 상태 최상하지만 배터리 효율 낮음. 정품 인증서 포함.,171700,154530,0.1
SK매직 GRA-F2NRH,가스레인지,거의 사용하지 않음. 상태 보통이며 작동 이상 없음. 충전기 없음.,116450,103640,0.11
린나이 GTA24SJ,가스레인지,1년 사용했습니다. 상태 보통이며 고장 없음. 박스 및 구성품 있음.,133400,116058,0.13
SK매직 뉴에코 GRA-841SR (GRA-841R),가스레인지,4년 사용했습니다. 생활흔적 있음그리고 액정 파손. 추가 액세서리 포함.,144000,53280,0.63
린나이 RBR-S3000,가스레인지,거의 사용하지 않음. 외관 심한 흠집그리고 배터리 효율 낮음. 충전기 없음.,218950,157644,0.28
하츠 GC-3605SDBH,가스레인지,1년 사용했습니다. 생활흔적 있음그리고 액정 파손. 충전기 없음.,135000,83700,0.38
린나이 RBR-S3603DIJ,가스레인지,5년 사용했습니다. 생활흔적 있음그리고 액정 파손. 충전기 없음.,156710,34476,0.78
SK매직 GRA-B3FDD,가스레인지,6개월 사용했습니다. 사용감 있음그리고 배터리 효율 낮음. 박스 및 구성품 있음.,126000,100800,0.2
린나이 RBR-S4000,가스레인지,4년 사용했습니다. 상태 최상이며 작동 이상 없음. 박스 없음.,260460,164089,0.37
SK매직 GRA-B3216D,가스레인지,4년 사용했습니다. 사용감 있음그리고 배터리 효율 낮음. 정품 인증서 포함.,113920,52403,0.54
SK매직 GRA-B322K,가스레인지,6개월 사용했습니다. 생활흔적 있음이며 작동 이상 없음.,174080,156672,0.1
린나이 RBR-P4400,가스레인지,1년 사용했습니다. 생활흔적 있음그리고 액정 파손. 충전기 없음.,436700,270754,0.38
린나이 RT-5102,가스레인지,4년 사용했습니다. 생활흔적 있음이며 작동 이상 없음. 박스 없음.,250380,132701,0.47
린나이 INBS301DJ,가스레인지,5년 사용했습니다. 상태 보통이며 작동 이상 없음. 추가 액세서리 포함.,167350,82001,0.51
SK매직 GRAB221K,가스레인지,거의 사용하지 않음. 상태 최상이며 고장 없음. 박스 및 구성품 있음.,85440,76896,0.1
린나이 RBR-S3307DJ,가스레인지,1개월 사용했습니다. 상태 보통그리고 생활 기스 있음. 충전기 없음.,158790,138147,0.13
린나이 RBR-S3001D,가스레인지,1년 사용했습니다. 상태 양호이며 작동 이상 없음. 정품 인증서 포함.,213600,192240,0.1
린나이 CTA22NJ,가스레인지,1년 사용했습니다. 상태 보통그리고 배터리 효율 낮음. 박스 및 구성품 있음.,138600,106722,0.23
린나이 RT-1620I,가스레인지,3년 사용했습니다. 외관 심한 흠집이며 작동 이상 없음. 박스 없음.,189730,110043,0.42
매직쉐프 MMW-W23FDHW,가스레인지,5년 사용했습니다. 외관 약간 흠집그리고 화면 금 갔음. 박스 및 구성품 있음.,119960,37187,0.69
린나이 RT-1080IJ,가스레인지,4년 사용했습니다. 생활흔적 있음그리고 생활 기스 있음. 박스 및 구성품 있음.,128060,64030,0.5
린나이 INCP2032WJ,가스레인지,4년 사용했습니다. 외관 약간 흠집그리고 배터리 효율 낮음. 충전기 없음.,143060,61515,0.57
SK매직 GRA-B3218D,가스레인지,5년 사용했습니다. 외관 심한 흠집그리고 생활 기스 있음. 정품 인증서 포함.,147990,53276,0.64
린나이 RT-6520I,가스레인지,3년 사용했습니다. 사용감 있음이며 고장 없음. 충전기 없음.,188810,117062,0.38
린나이 CPBC611DJ,가스레인지,1개월 사용했습니다. 상태 보통그리고 화면 금 갔음. 박스 없음.,176080,137342,0.22
SK매직 GRA-BA301D,가스레인지,2년 사용했습니다. 상태 최상하지만 화면 금 갔음.,229020,160314,0.3
린나이 RBR-PF3000,가스레인지,6개월 사용했습니다. 외관 약간 흠집이며 작동 이상 없음. 정품 인증서 포함.,294960,265464,0.1
SK매직 뉴에코 GRA-851SR,가스레인지,거의 사용하지 않음. 상태 양호하지만 액정 파손. 박스 없음.,128820,94038,0.27
린나이 RBR-S6201D,가스레인지,2년 사용했습니다. 생활흔적 있음그리고 액정 파손. 박스 및 구성품 있음.,180000,99000,0.45
린나이 RBR-P3511WD,가스레인지,6개월 사용했습니다. 외관 약간 흠집그리고 화면 금 갔음. 추가 액세서리 포함.,241400,188292,0.22
린나이 RBR-P2501D,가스레인지,거의 사용하지 않음. 사용감 있음이며 작동 이상 없음. 정품 인증서 포함.,210750,189675,0.1
SK매직 뉴에코 GRA-910SR,가스레인지,2년 사용했습니다. 외관 심한 흠집이며 고장 없음. 박스 및 구성품 있음.,171700,120189,0.3
SK매직 GRA-F2NRH,가스레인지,1개월 사용했습니다. 생활흔적 있음그리고 화면 금 갔음. 박스 및 구성품 있음.,116450,90831,0.22
린나이 GTA24SJ,가스레인지,1개월 사용했습니다. 생활흔적 있음이며 작동 이상 없음. 충전기 없음.,133400,120060,0.1
SK매직 뉴에코 GRA-841SR (GRA-841R),가스레인지,1년 사용했습니다. 생활흔적 있음그리고 배터리 효율 낮음. 추가 액세서리 포함.,144000,110880,0.23
린나이 RBR-S3000,가스레인지,1개월 사용했습니다. 외관 약간 흠집그리고 배터리 효율 낮음.,218950,183918,0.16
하츠 GC-3605SDBH,가스레인지,5년 사용했습니다. 사용감 있음그리고 화면 금 갔음.,135000,40500,0.7
린나이 RBR-S3603DIJ,가스레인지,6개월 사용했습니다. 외관 심한 흠집이며 작동 이상 없음. 정품 인증서 포함.,156710,134770,0.14
SK매직 GRA-B3FDD,가스레인지,4년 사용했습니다. 상태 보통그리고 배터리 효율 낮음. 정품 인증서 포함.,126000,60480,0.52
린나이 RBR-S4000,가스레인지,2년 사용했습니다. 상태 보통그리고 액정 파손. 박스 및 구성품 있음.,260460,148462,0.43
SK매직 GRA-B3216D,가스레인지,2년 사용했습니다. 상태 최상하지만 생활 기스 있음.,113920,91136,0.2
SK매직 GRA-B322K,가스레인지,5년 사용했습니다. 외관 약간 흠집그리고 배터리 효율 낮음.,174080,62668,0.64
린나이 RBR-P4400,가스레인지,4년 사용했습니다. 외관 약간 흠집그리고 생활 기스 있음. 박스 및 구성품 있음.,436700,222717,0.49
린나이 RT-5102,가스레인지,1년 사용했습니다. 외관 심한 흠집그리고 화면 금 갔음.,250380,162747,0.35
린나이 INBS301DJ,가스레인지,5년 사용했습니다. 상태 보통그리고 배터리 효율 낮음. 충전기 없음.,167350,56898,0.66
SK매직 GRAB221K,가스레인지,6개월 사용했습니다. 상태 보통그리고 액정 파손. 박스 없음.,85440,59807,0.3
린나이 RBR-S3307DJ,가스레인지,4년 사용했습니다. 상태 보통그리고 화면 금 갔음. 정품 인증서 포함.,158790,68279,0.57
린나이 RBR-S3001D,가스레인지,5년 사용했습니다. 사용감 있음이며 고장 없음. 박스 없음.,213600,91848,0.57
린나이 CTA22NJ,가스레인지,6개월 사용했습니다. 외관 심한 흠집그리고 액정 파손. 박스 없음.,138600,87318,0.37
린나이 RT-1620I,가스레인지,5년 사용했습니다. 외관 심한 흠집이며 고장 없음. 박스 없음.,189730,72097,0.62
매직쉐프 MMW-W23FDHW,가스레인지,1개월 사용했습니다. 생활흔적 있음이며 고장 없음. 충전기 없음.,119960,107964,0.1
린나이 RT-1080IJ,가스레인지,3년 사용했습니다. 사용감 있음그리고 액정 파손.,128060,57626,0.55
린나이 INCP2032WJ,가스레인지,1개월 사용했습니다. 생활흔적 있음그리고 화면 금 갔음.,143060,111586,0.22
SK매직 GRA-B3218D,가스레인지,2년 사용했습니다. 상태 최상하지만 배터리 효율 낮음. 정품 인증서 포함.,147990,112472,0.24
린나이 RT-6520I,가스레인지,거의 사용하지 않음. 외관 약간 흠집그리고 화면 금 갔음. 정품 인증서 포함.,188810,145383,0.23
린나이 CPBC611DJ,가스레인지,4년 사용했습니다. 상태 보통그리고 화면 금 갔음.,176080,73953,0.58
SK매직 GRA-BA301D,가스레인지,1년 사용했습니다. 생활흔적 있음그리고 화면 금 갔음. 추가 액세서리 포함.,229020,164894,0.28
린나이 RBR-PF3000,가스레인지,1년 사용했습니다. 외관 약간 흠집이며 작동 이상 없음. 정품 인증서 포함.,294960,256615,0.13
SK매직 뉴에코 GRA-851SR,가스레인지,1년 사용했습니다. 외관 심한 흠집이며 고장 없음. 정품 인증서 포함.,128820,104344,0.19
린나이 RBR-S6201D,가스레인지,1년 사용했습니다. 생활흔적 있음그리고 배터리 효율 낮음. 충전기 없음.,180000,129600,0.28
린나이 RBR-P3511WD,가스레인지,3년 사용했습니다. 외관 약간 흠집그리고 액정 파손. 정품 인증서 포함.,241400,113458,0.53
린나이 RBR-P2501D,가스레인지,1개월 사용했습니다. 상태 최상이며 고장 없음. 추가 액세서리 포함.,210750,189675,0.1
SK매직 뉴에코 GRA-910SR,가스레인지,1년 사용했습니다. 외관 약간 흠집그리고 생활 기스 있음. 박스 및 구성품 있음.,171700,139077,0.19
SK매직 GRA-F2NRH,가스레인지,1개월 사용했습니다. 생활흔적 있음그리고 생활 기스 있음. 박스 및 구성품 있음.,116450,102476,0.12
린나이 GTA24SJ,가스레인지,1년 사용했습니다. 상태 보통그리고 화면 금 갔음. 충전기 없음.,133400,92046,0.31
SK매직 뉴에코 GRA-841SR (GRA-841R),가스레인지,1개월 사용했습니다. 외관 약간 흠집그리고 액정 파손. 정품 인증서 포함.,144000,108000,0.25
린나이 RBR-S3000,가스레인지,거의 사용하지 않음. 외관 심한 흠집그리고 생활 기스 있음. 정품 인증서 포함.,218950,177349,0.19
하츠 GC-3605SDBH,가스레인지,6개월 사용했습니다. 상태 양호하지만 생활 기스 있음. 박스 및 구성품 있음.,135000,121500,0.1
린나이 RBR-S3603DIJ,가스레인지,6개월 사용했습니다. 상태 보통그리고 배터리 효율 낮음. 충전기 없음.,156710,123800,0.21
SK매직 GRA-B3FDD,가스레인지,5년 사용했습니다. 외관 심한 흠집그리고 화면 금 갔음. 박스 없음.,126000,28979,0.77
린나이 RBR-S4000,가스레인지,1년 사용했습니다. 상태 최상이며 작동 이상 없음. 충전기 없음.,260460,234414,0.1
SK매직 GRA-B3216D,가스레인지,1년 사용했습니다. 상태 양호하지만 생활 기스 있음. 충전기 없음.,113920,93414,0.18
SK매직 GRA-B322K,가스레인지,6개월 사용했습니다. 상태 양호이며 고장 없음. 충전기 없음.,174080,156672,0.1
린나이 RBR-P4400,가스레인지,2년 사용했습니다. 외관 심한 흠집이며 고장 없음. 정품 인증서 포함.,436700,310057,0.29
린나이 RT-5102,가스레인지,2년 사용했습니다. 생활흔적 있음그리고 배터리 효율 낮음. 추가 액세서리 포함.,250380,167754,0.33
린나이 INBS301DJ,가스레인지,2년 사용했습니다. 상태 양호하지만 생활 기스 있음. 정품 인증서 포함.,167350,127186,0.24
SK매직 GRAB221K,가스레인지,1년 사용했습니다. 사용감 있음그리고 액정 파손. 정품 인증서 포함.,85440,56390,0.34
린나이 RBR-S3307DJ,가스레인지,5년 사용했습니다. 생활흔적 있음그리고 액정 파손. 박스 없음.,158790,36521,0.77
린나이 RBR-S3001D,가스레인지,6개월 사용했습니다. 외관 약간 흠집이며 고장 없음. 박스 없음.,213600,190104,0.11
린나이 CTA22NJ,가스레인지,1개월 사용했습니다. 외관 약간 흠집그리고 배터리 효율 낮음. 추가 액세서리 포함.,138600,119196,0.14
린나이 RT-1620I,가스레인지,거의 사용하지 않음. 상태 최상하지만 배터리 효율 낮음. 정품 인증서 포함.,189730,170757,0.1
매직쉐프 MMW-W23FDHW,가스레인지,5년 사용했습니다. 상태 보통그리고 배터리 효율 낮음. 추가 액세서리 포함.,119960,46784,0.61
린나이 RT-1080IJ,가스레인지,4년 사용했습니다. 생활흔적 있음그리고 생활 기스 있음. 박스 없음.,128060,61468,0.52
린나이 INCP2032WJ,가스레인지,거의 사용하지 않음. 상태 보통그리고 화면 금 갔음. 정품 인증서 포함.,143060,111586,0.22
SK매직 GRA-B3218D,가스레인지,3년 사용했습니다. 상태 보통그리고 배터리 효율 낮음. 박스 및 구성품 있음.,147990,84354,0.43
린나이 RT-6520I,가스레인지,5년 사용했습니다. 외관 심한 흠집그리고 액정 파손. 충전기 없음.,188810,32097,0.83
린나이 CPBC611DJ,가스레인지,거의 사용하지 않음. 사용감 있음그리고 배터리 효율 낮음.,176080,140864,0.2
SK매직 GRA-BA301D,가스레인지,2년 사용했습니다. 상태 양호이며 고장 없음. 박스 및 구성품 있음.,229020,183216,0.2
린나이 RBR-PF3000,가스레인지,1개월 사용했습니다. 외관 심한 흠집이며 작동 이상 없음. 정품 인증서 포함.,294960,262514,0.11
SK매직 뉴에코 GRA-851SR,가스레인지,6개월 사용했습니다. 외관 심한 흠집이며 고장 없음. 추가 액세서리 포함.,128820,112073,0.13
린나이 RBR-S6201D,가스레인지,3년 사용했습니다. 외관 약간 흠집그리고 생활 기스 있음.,180000,109800,0.39
린나이 RBR-P3511WD,가스레인지,5년 사용했습니다. 생활흔적 있음그리고 화면 금 갔음. 추가 액세서리 포함.,241400,77247,0.68
린나이 RBR-P2501D,가스레인지,거의 사용하지 않음. 외관 심한 흠집그리고 화면 금 갔음. 추가 액세서리 포함.,210750,151740,0.28
SK매직 뉴에코 GRA-910SR,가스레인지,1개월 사용했습니다. 상태 보통그리고 액정 파손. 추가 액세서리 포함.,171700,132209,0.23
SK매직 GRA-F2NRH,가스레인지,4년 사용했습니다. 외관 약간 흠집그리고 화면 금 갔음. 정품 인증서 포함.,116450,48909,0.58
린나이 GTA24SJ,가스레인지,1년 사용했습니다. 상태 양호하지만 생활 기스 있음. 정품 인증서 포함.,133400,114724,0.14
SK매직 뉴에코 GRA-841SR (GRA-841R),가스레인지,6개월 사용했습니다. 상태 최상하지만 액정 파손. 충전기 없음.,144000,110880,0.23
린나이 RBR-S3000,가스레인지,1개월 사용했습니다. 상태 최상하지만 생활 기스 있음. 정품 인증서 포함.,218950,197055,0.1
하츠 GC-3605SDBH,가스레인지,3년 사용했습니다. 외관 약간 흠집그리고 배터리 효율 낮음. 박스 및 구성품 있음.,135000,75600,0.44
린나이 RBR-S3603DIJ,가스레인지,3년 사용했습니다. 상태 양호이며 고장 없음.,156710,109697,0.3
SK매직 GRA-B3FDD,가스레인지,거의 사용하지 않음. 외관 심한 흠집그리고 생활 기스 있음. 추가 액세서리 포함.,126000,103320,0.18
린나이 RBR-S4000,가스레인지,1개월 사용했습니다. 생활흔적 있음그리고 생활 기스 있음. 정품 인증서 포함.,260460,231809,0.11
SK매직 GRA-B3216D,가스레인지,거의 사용하지 않음. 상태 양호하지만 액정 파손. 박스 없음.,113920,83161,0.27
SK매직 GRA-B322K,가스레인지,4년 사용했습니다. 외관 심한 흠집그리고 화면 금 갔음. 정품 인증서 포함.,174080,62668,0.64
린나이 RBR-P4400,가스레인지,5년 사용했습니다. 상태 양호하지만 화면 금 갔음. 박스 및 구성품 있음.,436700,152845,0.65
린나이 RT-5102,가스레인지,3년 사용했습니다. 상태 최상하지만 배터리 효율 낮음. 정품 인증서 포함.,250380,165250,0.34
린나이 INBS301DJ,가스레인지,4년 사용했습니다. 상태 최상하지만 생활 기스 있음. 박스 없음.,167350,97063,0.42
SK매직 GRAB221K,가스레인지,5년 사용했습니다. 생활흔적 있음이며 작동 이상 없음. 박스 없음.,85440,36739,0.57
린나이 RBR-S3307DJ,가스레인지,6개월 사용했습니다. 상태 보통그리고 생활 기스 있음.,158790,138147,0.13
린나이 RBR-S3001D,가스레인지,1개월 사용했습니다. 외관 심한 흠집이며 작동 이상 없음. 박스 없음.,213600,183696,0.14
린나이 CTA22NJ,가스레인지,6개월 사용했습니다. 외관 약간 흠집그리고 화면 금 갔음. 추가 액세서리 포함.,138600,108108,0.22
린나이 RT-1620I,가스레인지,2년 사용했습니다. 사용감 있음이며 작동 이상 없음. 충전기 없음.,189730,136605,0.28
매직쉐프 MMW-W23FDHW,가스레인지,2년 사용했습니다. 생활흔적 있음그리고 액정 파손. 박스 및 구성품 있음.,119960,65978,0.45
린나이 RT-1080IJ,가스레인지,4년 사용했습니다. 외관 심한 흠집이며 고장 없음.,128060,64030,0.5
린나이 INCP2032WJ,가스레인지,4년 사용했습니다. 사용감 있음그리고 생활 기스 있음. 충전기 없음.,143060,67238,0.53
SK매직 GRA-B3218D,가스레인지,4년 사용했습니다. 상태 양호이며 고장 없음. 추가 액세서리 포함.,147990,91753,0.38
린나이 RT-6520I,가스레인지,1개월 사용했습니다. 생활흔적 있음그리고 배터리 효율 낮음. 박스 없음.,188810,152936,0.19
린나이 CPBC611DJ,가스레인지,2년 사용했습니다. 외관 심한 흠집그리고 화면 금 갔음. 추가 액세서리 포함.,176080,100365,0.43
SK매직 GRA-BA301D,가스레인지,1개월 사용했습니다. 상태 보통그리고 화면 금 갔음. 정품 인증서 포함.,229020,185506,0.19
린나이 RBR-PF3000,가스레인지,3년 사용했습니다. 외관 약간 흠집그리고 생활 기스 있음.,294960,179925,0.39
SK매직 뉴에코 GRA-851SR,가스레인지,4년 사용했습니다. 외관 심한 흠집그리고 액정 파손. 추가 액세서리 포함.,128820,41222,0.68
린나이 RBR-S6201D,가스레인지,1년 사용했습니다. 상태 보통그리고 배터리 효율 낮음. 정품 인증서 포함.,180000,140400,0.22
린나이 RBR-P3511WD,가스레인지,1개월 사용했습니다. 외관 심한 흠집그리고 화면 금 갔음.,241400,176222,0.27
린나이 RBR-P2501D,가스레인지,거의 사용하지 않음. 외관 약간 흠집이며 작동 이상 없음. 추가 액세서리 포함.,210750,189675,0.1
SK매직 뉴에코 GRA-910SR,가스레인지,거의 사용하지 않음. 생활흔적 있음이며 고장 없음.,171700,154530,0.1
SK매직 GRA-F2NRH,가스레인지,4년 사용했습니다. 외관 심한 흠집그리고 생활 기스 있음.,116450,52402,0.55
린나이 GTA24SJ,가스레인지,1개월 사용했습니다. 외관 약간 흠집그리고 배터리 효율 낮음. 박스 및 구성품 있음.,133400,112056,0.16
SK매직 뉴에코 GRA-841SR (GRA-841R),가스레인지,4년 사용했습니다. 상태 최상하지만 배터리 효율 낮음. 충전기 없음.,144000,74880,0.48
린나이 RBR-S3000,가스레인지,1개월 사용했습니다. 상태 양호하지만 화면 금 갔음. 추가 액세서리 포함.,218950,186107,0.15
하츠 GC-3605SDBH,가스레인지,4년 사용했습니다. 외관 약간 흠집이며 고장 없음. 충전기 없음.,135000,71550,0.47
린나이 RBR-S3603DIJ,가스레인지,4년 사용했습니다. 상태 양호하지만 배터리 효율 낮음. 충전기 없음.,156710,73653,0.53
SK매직 GRA-B3FDD,가스레인지,6개월 사용했습니다. 상태 보통이며 고장 없음. 추가 액세서리 포함.,126000,113400,0.1
린나이 RBR-S4000,가스레인지,1개월 사용했습니다. 상태 양호이며 작동 이상 없음. 충전기 없음.,260460,234414,0.1
SK매직 GRA-B3216D,가스레인지,1년 사용했습니다. 상태 양호이며 고장 없음. 정품 인증서 포함.,113920,102528,0.1
SK매직 GRA-B322K,가스레인지,3년 사용했습니다. 상태 양호이며 작동 이상 없음. 박스 없음.,174080,118374,0.32
린나이 RBR-P4400,가스레인지,5년 사용했습니다. 상태 보통그리고 화면 금 갔음.,436700,139743,0.68
린나이 RT-5102,가스레인지,6개월 사용했습니다. 상태 보통이며 고장 없음.,250380,225342,0.1
린나이 INBS301DJ,가스레인지,2년 사용했습니다. 생활흔적 있음그리고 화면 금 갔음. 박스 및 구성품 있음.,167350,100410,0.4
SK매직 GRAB221K,가스레인지,2년 사용했습니다. 상태 보통그리고 생활 기스 있음. 충전기 없음.,85440,58953,0.31
린나이 RBR-S3307DJ,가스레인지,3년 사용했습니다. 외관 약간 흠집이며 작동 이상 없음. 박스 및 구성품 있음.,158790,104801,0.34
린나이 RBR-S3001D,가스레인지,1년 사용했습니다. 상태 보통그리고 화면 금 갔음. 박스 및 구성품 있음.,213600,153792,0.28
린나이 CTA22NJ,가스레인지,1개월 사용했습니다. 상태 최상이며 작동 이상 없음. 추가 액세서리 포함.,138600,124740,0.1
린나이 RT-1620I,가스레인지,2년 사용했습니다. 상태 보통이며 고장 없음.,189730,146092,0.23
매직쉐프 MMW-W23FDHW,가스레인지,4년 사용했습니다. 생활흔적 있음그리고 생활 기스 있음. 충전기 없음.,119960,56381,0.53
린나이 RT-1080IJ,가스레인지,6개월 사용했습니다. 외관 약간 흠집이며 작동 이상 없음. 정품 인증서 포함.,128060,115254,0.1
린나이 INCP2032WJ,가스레인지,1개월 사용했습니다. 상태 보통이며 작동 이상 없음. 정품 인증서 포함.,143060,128754,0.1
SK매직 GRA-B3218D,가스레인지,1개월 사용했습니다. 외관 심한 흠집이며 고장 없음. 박스 및 구성품 있음.,147990,130231,0.12
린나이 RT-6520I,가스레인지,거의 사용하지 않음. 외관 약간 흠집이며 작동 이상 없음. 정품 인증서 포함.,188810,169929,0.1
린나이 CPBC611DJ,가스레인지,1년 사용했습니다. 생활흔적 있음이며 고장 없음.,176080,149668,0.15
SK매직 GRA-BA301D,가스레인지,2년 사용했습니다. 상태 최상이며 작동 이상 없음. 충전기 없음.,229020,187796,0.18
린나이 RBR-PF3000,가스레인지,4년 사용했습니다. 상태 최상하지만 화면 금 갔음. 추가 액세서리 포함.,294960,153379,0.48
SK매직 뉴에코 GRA-851SR,가스레인지,6개월 사용했습니다. 외관 심한 흠집이며 작동 이상 없음. 정품 인증서 포함.,128820,110785,0.14
린나이 RBR-S6201D,가스레인지,2년 사용했습니다. 외관 약간 흠집그리고 생활 기스 있음. 추가 액세서리 포함.,180000,131400,0.27
린나이 RBR-P3511WD,가스레인지,6개월 사용했습니다. 상태 최상하지만 화면 금 갔음. 충전기 없음.,241400,197948,0.18
린나이 RBR-P2501D,가스레인지,2년 사용했습니다. 외관 심한 흠집그리고 화면 금 갔음. 정품 인증서 포함.,210750,118020,0.44
SK매직 뉴에코 GRA-910SR,가스레인지,거의 사용하지 않음. 사용감 있음이며 작동 이상 없음. 박스 없음.,171700,151096,0.12
SK매직 GRA-F2NRH,가스레인지,1년 사용했습니다. 외관 심한 흠집그리고 배터리 효율 낮음. 추가 액세서리 포함.,116450,83844,0.28
린나이 GTA24SJ,가스레인지,1년 사용했습니다. 상태 최상하지만 배터리 효율 낮음. 박스 없음.,133400,110722,0.17
SK매직 뉴에코 GRA-841SR (GRA-841R),가스레인지,4년 사용했습니다. 상태 보통그리고 액정 파손. 박스 없음.,144000,50400,0.65
린나이 RBR-S3000,가스레인지,5년 사용했습니다. 사용감 있음그리고 화면 금 갔음. 추가 액세서리 포함.,218950,70063,0.68
하츠 GC-3605SDBH,가스레인지,5년 사용했습니다. 상태 최상이며 작동 이상 없음. 정품 인증서 포함.,135000,75600,0.44
린나이 RBR-S3603DIJ,가스레인지,거의 사용하지 않음. 생활흔적 있음그리고 생활 기스 있음. 박스 및 구성품 있음.,156710,133203,0.15
SK매직 GRA-B3FDD,가스레인지,1년 사용했습니다. 사용감 있음그리고 배터리 효율 낮음.,126000,94500,0.25
린나이 RBR-S4000,가스레인지,5년 사용했습니다. 사용감 있음그리고 배터리 효율 낮음. 추가 액세서리 포함.,260460,96370,0.63
SK매직 GRA-B3216D,가스레인지,5년 사용했습니다. 외관 심한 흠집이며 고장 없음. 박스 및 구성품 있음.,113920,45568,0.6
SK매직 GRA-B322K,가스레인지,1년 사용했습니다. 상태 최상하지만 액정 파손. 박스 없음.,174080,127078,0.27
린나이 RBR-P4400,가스레인지,1년 사용했습니다. 사용감 있음그리고 액정 파손. 추가 액세서리 포함.,436700,292588,0.33
린나이 RT-5102,가스레인지,2년 사용했습니다. 외관 약간 흠집그리고 액정 파손. 박스 및 구성품 있음.,250380,140212,0.44
린나이 INBS301DJ,가스레인지,4년 사용했습니다. 생활흔적 있음이며 작동 이상 없음. 박스 없음.,167350,88695,0.47
SK매직 GRAB221K,가스레인지,3년 사용했습니다. 생활흔적 있음이며 고장 없음. 정품 인증서 포함.,85440,56390,0.34
린나이 RBR-S3307DJ,가스레인지,6개월 사용했습니다. 외관 약간 흠집그리고 액정 파손. 추가 액세서리 포함.,158790,115916,0.27
린나이 RBR-S3001D,가스레인지,거의 사용하지 않음. 상태 양호하지만 생활 기스 있음. 충전기 없음.,213600,185832,0.13
린나이 CTA22NJ,가스레인지,1개월 사용했습니다. 외관 심한 흠집그리고 화면 금 갔음. 박스 및 구성품 있음.,138600,101178,0.27
린나이 RT-1620I,가스레인지,4년 사용했습니다. 상태 최상이며 고장 없음. 정품 인증서 포함.,189730,125221,0.34
매직쉐프 MMW-W23FDHW,가스레인지,3년 사용했습니다. 상태 최상이며 작동 이상 없음. 정품 인증서 포함.,119960,91169,0.24
린나이 RT-1080IJ,가스레인지,2년 사용했습니다. 사용감 있음그리고 액정 파손. 충전기 없음.,128060,66591,0.48
린나이 INCP2032WJ,가스레인지,3년 사용했습니다. 상태 양호하지만 액정 파손. 충전기 없음.,143060,67238,0.53
SK매직 GRA-B3218D,가스레인지,3년 사용했습니다. 외관 심한 흠집그리고 화면 금 갔음. 추가 액세서리 포함.,147990,69555,0.53
린나이 RT-6520I,가스레인지,6개월 사용했습니다. 사용감 있음그리고 액정 파손. 박스 없음.,188810,128390,0.32
린나이 CPBC611DJ,가스레인지,5년 사용했습니다. 외관 약간 흠집그리고 생활 기스 있음. 정품 인증서 포함.,176080,73953,0.58
SK매직 GRA-BA301D,가스레인지,거의 사용하지 않음. 상태 보통이며 작동 이상 없음. 충전기 없음.,229020,203827,0.11
린나이 RBR-PF3000,가스레인지,6개월 사용했습니다. 상태 양호하지만 배터리 효율 낮음.,294960,250716,0.15
SK매직 뉴에코 GRA-851SR,가스레인지,거의 사용하지 않음. 외관 약간 흠집그리고 배터리 효율 낮음. 충전기 없음.,128820,100479,0.22
린나이 RBR-S6201D,가스레인지,5년 사용했습니다. 외관 심한 흠집이며 고장 없음. 충전기 없음.,180000,66600,0.63
린나이 RBR-P3511WD,가스레인지,1년 사용했습니다. 상태 최상하지만 생활 기스 있음. 충전기 없음.,241400,210018,0.13
린나이 RBR-P2501D,가스레인지,1개월 사용했습니다. 상태 양호하지만 생활 기스 있음. 추가 액세서리 포함.,210750,189675,0.1
SK매직 뉴에코 GRA-910SR,가스레인지,1개월 사용했습니다. 외관 약간 흠집그리고 배터리 효율 낮음. 추가 액세서리 포함.,171700,147662,0.14
SK매직 GRA-F2NRH,가스레인지,2년 사용했습니다. 생활흔적 있음이며 작동 이상 없음. 박스 없음.,116450,85008,0.27
린나이 GTA24SJ,가스레인지,1개월 사용했습니다. 상태 보통그리고 배터리 효율 낮음.,133400,113390,0.15
SK매직 뉴에코 GRA-841SR (GRA-841R),가스레인지,6개월 사용했습니다. 외관 심한 흠집그리고 생활 기스 있음. 박스 없음.,144000,112320,0.22
린나이 RBR-S3000,가스레인지,2년 사용했습니다. 생활흔적 있음그리고 생활 기스 있음. 박스 없음.,218950,148886,0.32
하츠 GC-3605SDBH,가스레인지,1년 사용했습니다. 생활흔적 있음그리고 생활 기스 있음. 정품 인증서 포함.,135000,109350,0.19
린나이 RBR-S3603DIJ,가스레인지,1개월 사용했습니다. 상태 최상이며 작동 이상 없음. 충전기 없음.,156710,141039,0.1
SK매직 GRA-B3FDD,가스레인지,거의 사용하지 않음. 상태 최상하지만 배터리 효율 낮음. 박스 및 구성품 있음.,126000,113400,0.1
린나이 RBR-S4000,가스레인지,5년 사용했습니다. 상태 최상하지만 생활 기스 있음. 정품 인증서 포함.,260460,132834,0.49
SK매직 GRA-B3216D,가스레인지,5년 사용했습니다. 외관 약간 흠집그리고 배터리 효율 낮음.,113920,41011,0.64
SK매직 GRA-B322K,가스레인지,4년 사용했습니다. 외관 심한 흠집그리고 배터리 효율 낮음. 추가 액세서리 포함.,174080,73113,0.58
린나이 RBR-P4400,가스레인지,5년 사용했습니다. 상태 최상하지만 생활 기스 있음. 박스 및 구성품 있음.,436700,218350,0.5
린나이 RT-5102,가스레인지,3년 사용했습니다. 사용감 있음그리고 배터리 효율 낮음. 추가 액세서리 포함.,250380,142716,0.43
린나이 INBS301DJ,가스레인지,6개월 사용했습니다. 상태 최상하지만 배터리 효율 낮음. 충전기 없음.,167350,145594,0.13
SK매직 GRAB221K,가스레인지,거의 사용하지 않음. 외관 약간 흠집그리고 화면 금 갔음. 정품 인증서 포함.,85440,65788,0.23
린나이 RBR-S3307DJ,가스레인지,5년 사용했습니다. 생활흔적 있음이며 고장 없음. 충전기 없음.,158790,66691,0.58
린나이 RBR-S3001D,가스레인지,5년 사용했습니다. 생활흔적 있음이며 고장 없음. 박스 및 구성품 있음.,213600,96119,0.55
린나이 CTA22NJ,가스레인지,5년 사용했습니다. 생활흔적 있음그리고 배터리 효율 낮음. 박스 및 구성품 있음.,138600,48510,0.65
린나이 RT-1620I,가스레인지,1개월 사용했습니다. 생활흔적 있음그리고 액정 파손. 박스 및 구성품 있음.,189730,138502,0.27
매직쉐프 MMW-W23FDHW,가스레인지,1개월 사용했습니다. 외관 약간 흠집이며 작동 이상 없음. 박스 없음.,119960,107964,0.1
린나이 RT-1080IJ,가스레인지,5년 사용했습니다. 상태 양호하지만 생활 기스 있음.,128060,57626,0.55
린나이 INCP2032WJ,가스레인지,4년 사용했습니다. 외관 심한 흠집그리고 생활 기스 있음. 추가 액세서리 포함.,143060,67238,0.53
SK매직 GRA-B3218D,가스레인지,1개월 사용했습니다. 상태 양호이며 고장 없음. 박스 및 구성품 있음.,147990,133191,0.1
린나이 RT-6520I,가스레인지,6개월 사용했습니다. 외관 약간 흠집그리고 액정 파손. 충전기 없음.,188810,128390,0.32
린나이 CPBC611DJ,가스레인지,1년 사용했습니다. 외관 심한 흠집이며 고장 없음.,176080,140864,0.2
SK매직 GRA-BA301D,가스레인지,3년 사용했습니다. 상태 보통이며 고장 없음. 정품 인증서 포함.,229020,155733,0.32
린나이 RBR-PF3000,가스레인지,5년 사용했습니다. 외관 약간 흠집그리고 생활 기스 있음. 박스 없음.,294960,115034,0.61
SK매직 뉴에코 GRA-851SR,가스레인지,1개월 사용했습니다. 외관 약간 흠집그리고 생활 기스 있음. 정품 인증서 포함.,128820,115938,0.1
린나이 RBR-S6201D,가스레인지,5년 사용했습니다. 외관 약간 흠집그리고 배터리 효율 낮음. 추가 액세서리 포함.,180000,68400,0.62
린나이 RBR-P3511WD,가스레인지,2년 사용했습니다. 외관 심한 흠집이며 작동 이상 없음. 박스 없음.,241400,164151,0.32
린나이 RBR-P2501D,가스레인지,1개월 사용했습니다. 외관 약간 흠집그리고 배터리 효율 낮음. 박스 없음.,210750,172815,0.18
SK매직 뉴에코 GRA-910SR,가스레인지,1년 사용했습니다. 상태 양호하지만 화면 금 갔음. 박스 및 구성품 있음.,171700,128775,0.25
SK매직 GRA-F2NRH,가스레인지,1개월 사용했습니다. 외관 심한 흠집그리고 배터리 효율 낮음. 박스 없음.,116450,88502,0.24
린나이 GTA24SJ,가스레인지,1개월 사용했습니다. 상태 양호이며 작동 이상 없음.,133400,120060,0.1
SK매직 뉴에코 GRA-841SR (GRA-841R),가스레인지,거의 사용하지 않음. 생활흔적 있음그리고 배터리 효율 낮음.,144000,115200,0.2
린나이 RBR-S3000,가스레인지,5년 사용했습니다. 상태 최상이며 작동 이상 없음. 박스 및 구성품 있음.,218950,120422,0.45
하츠 GC-3605SDBH,가스레인지,2년 사용했습니다. 상태 최상이며 작동 이상 없음. 박스 없음.,135000,112050,0.17
린나이 RBR-S3603DIJ,가스레인지,1개월 사용했습니다. 외관 약간 흠집그리고 화면 금 갔음. 추가 액세서리 포함.,156710,126935,0.19
SK매직 GRA-B3FDD,가스레인지,5년 사용했습니다. 상태 최상이며 고장 없음. 박스 및 구성품 있음.,126000,69300,0.45
린나이 RBR-S4000,가스레인지,2년 사용했습니다. 외관 심한 흠집그리고 액정 파손. 정품 인증서 포함.,260460,132834,0.49
SK매직 GRA-B3216D,가스레인지,거의 사용하지 않음. 생활흔적 있음이며 작동 이상 없음.,113920,102528,0.1
SK매직 GRA-B322K,가스레인지,2년 사용했습니다. 상태 보통그리고 화면 금 갔음. 박스 및 구성품 있음.,174080,107929,0.38
린나이 RBR-P4400,가스레인지,거의 사용하지 않음. 상태 양호이며 작동 이상 없음. 충전기 없음.,436700,393030,0.1
린나이 RT-5102,가스레인지,1년 사용했습니다. 상태 양호하지만 화면 금 갔음. 정품 인증서 포함.,250380,190288,0.24
린나이 INBS301DJ,가스레인지,1년 사용했습니다. 상태 최상이며 고장 없음.,167350,150615,0.1
SK매직 GRAB221K,가스레인지,6개월 사용했습니다. 상태 보통이며 고장 없음. 추가 액세서리 포함.,85440,76896,0.1
린나이 RBR-S3307DJ,가스레인지,5년 사용했습니다. 사용감 있음이며 작동 이상 없음. 박스 및 구성품 있음.,158790,71455,0.55
린나이 RBR-S3001D,가스레인지,1개월 사용했습니다. 상태 보통그리고 액정 파손. 추가 액세서리 포함.,213600,164472,0.23
린나이 CTA22NJ,가스레인지,1개월 사용했습니다. 생활흔적 있음그리고 배터리 효율 낮음. 추가 액세서리 포함.,138600,117810,0.15
린나이 RT-1620I,가스레인지,4년 사용했습니다. 외관 약간 흠집이며 고장 없음. 박스 없음.,189730,102454,0.46
매직쉐프 MMW-W23FDHW,가스레인지,1년 사용했습니다. 외관 심한 흠집그리고 생활 기스 있음. 충전기 없음.,119960,86371,0.28
린나이 RT-1080IJ,가스레인지,6개월 사용했습니다. 상태 최상하지만 생활 기스 있음. 추가 액세서리 포함.,128060,115254,0.1
린나이 INCP2032WJ,가스레인지,4년 사용했습니다. 외관 약간 흠집그리고 생활 기스 있음.,143060,72960,0.49
SK매직 GRA-B3218D,가스레인지,1년 사용했습니다. 생활흔적 있음그리고 배터리 효율 낮음. 충전기 없음.,147990,106552,0.28
린나이 RT-6520I,가스레인지,2년 사용했습니다. 상태 최상이며 고장 없음. 정품 인증서 포함.,188810,162376,0.14
린나이 CPBC611DJ,가스레인지,1년 사용했습니다. 상태 최상하지만 액정 파손. 정품 인증서 포함.,176080,133820,0.24
SK매직 GRA-BA301D,가스레인지,5년 사용했습니다. 상태 최상하지만 화면 금 갔음. 정품 인증서 포함.,229020,93898,0.59
린나이 RBR-PF3000,가스레인지,거의 사용하지 않음. 상태 양호하지만 화면 금 갔음. 정품 인증서 포함.,294960,238917,0.19
SK매직 뉴에코 GRA-851SR,가스레인지,5년 사용했습니다. 사용감 있음그리고 생활 기스 있음. 박스 및 구성품 있음.,128820,51528,0.6
린나이 RBR-S6201D,가스레인지,2년 사용했습니다. 생활흔적 있음그리고 액정 파손. 박스 및 구성품 있음.,180000,99000,0.45
린나이 RBR-P3511WD,가스레인지,거의 사용하지 않음. 외관 심한 흠집그리고 화면 금 갔음. 충전기 없음.,241400,161737,0.33
린나이 RBR-P2501D,가스레인지,5년 사용했습니다. 상태 보통이며 고장 없음. 박스 없음.,210750,94837,0.55
SK매직 뉴에코 GRA-910SR,가스레인지,거의 사용하지 않음. 외관 심한 흠집그리고 생활 기스 있음. 정품 인증서 포함.,171700,139077,0.19
SK매직 GRA-F2NRH,가스레인지,3년 사용했습니다. 상태 양호하지만 화면 금 갔음.,116450,64047,0.45
린나이 GTA24SJ,가스레인지,6개월 사용했습니다. 상태 보통그리고 액정 파손. 정품 인증서 포함.,133400,97382,0.27
SK매직 뉴에코 GRA-841SR (GRA-841R),가스레인지,5년 사용했습니다. 상태 보통그리고 화면 금 갔음. 충전기 없음.,144000,41760,0.71
린나이 RBR-S3000,가스레인지,6개월 사용했습니다. 외관 약간 흠집이며 작동 이상 없음. 정품 인증서 포함.,218950,197055,0.1
하츠 GC-3605SDBH,가스레인지,3년 사용했습니다. 상태 보통이며 작동 이상 없음. 박스 및 구성품 있음.,135000,90449,0.33
린나이 RBR-S3603DIJ,가스레인지,2년 사용했습니다. 상태 보통그리고 액정 파손. 추가 액세서리 포함.,156710,92458,0.41
SK매직 GRA-B3FDD,가스레인지,6개월 사용했습니다. 외관 심한 흠집그리고 배터리 효율 낮음. 충전기 없음.,126000,90720,0.28
린나이 RBR-S4000,가스레인지,거의 사용하지 않음. 외관 약간 흠집그리고 화면 금 갔음. 추가 액세서리 포함.,260460,203158,0.22
SK매직 GRA-B3216D,가스레인지,1년 사용했습니다. 생활흔적 있음그리고 화면 금 갔음. 정품 인증서 포함.,113920,80883,0.29
SK매직 GRA-B322K,가스레인지,1년 사용했습니다. 상태 보통그리고 배터리 효율 낮음. 충전기 없음.,174080,128819,0.26
린나이 RBR-P4400,가스레인지,5년 사용했습니다. 외관 심한 흠집그리고 생활 기스 있음. 박스 및 구성품 있음.,436700,152845,0.65
린나이 RT-5102,가스레인지,5년 사용했습니다. 외관 약간 흠집그리고 배터리 효율 낮음. 정품 인증서 포함.,250380,92640,0.63
린나이 INBS301DJ,가스레인지,3년 사용했습니다. 생활흔적 있음그리고 화면 금 갔음. 박스 및 구성품 있음.,167350,83675,0.5
SK매직 GRAB221K,가스레인지,6개월 사용했습니다. 상태 양호하지만 화면 금 갔음. 정품 인증서 포함.,85440,69206,0.19
린나이 RBR-S3307DJ,가스레인지,6개월 사용했습니다. 상태 보통그리고 액정 파손.,158790,114328,0.28
린나이 RBR-S3001D,가스레인지,거의 사용하지 않음. 사용감 있음이며 작동 이상 없음.,213600,192240,0.1
린나이 CTA22NJ,가스레인지,4년 사용했습니다. 상태 양호이며 고장 없음.,138600,83160,0.4
린나이 RT-1620I,가스레인지,4년 사용했습니다. 외관 약간 흠집그리고 배터리 효율 낮음. 추가 액세서리 포함.,189730,91070,0.52
매직쉐프 MMW-W23FDHW,가스레인지,3년 사용했습니다. 상태 보통이며 작동 이상 없음. 정품 인증서 포함.,119960,81572,0.32
린나이 RT-1080IJ,가스레인지,6개월 사용했습니다. 상태 보통이며 고장 없음. 추가 액세서리 포함.,128060,115254,0.1
린나이 INCP2032WJ,가스레인지,4년 사용했습니다. 상태 양호이며 작동 이상 없음.,143060,85836,0.4
SK매직 GRA-B3218D,가스레인지,2년 사용했습니다. 사용감 있음이며 고장 없음. 충전기 없음.,147990,106552,0.28
린나이 RT-6520I,가스레인지,4년 사용했습니다. 사용감 있음그리고 생활 기스 있음. 박스 및 구성품 있음.,188810,94405,0.5
린나이 CPBC611DJ,가스레인지,6개월 사용했습니다. 상태 보통이며 작동 이상 없음. 박스 및 구성품 있음.,176080,158472,0.1
SK매직 GRA-BA301D,가스레인지,5년 사용했습니다. 상태 최상이며 작동 이상 없음. 추가 액세서리 포함.,229020,130541,0.43
린나이 RBR-PF3000,가스레인지,1년 사용했습니다. 상태 양호하지만 배터리 효율 낮음. 박스 없음.,294960,230068,0.22
SK매직 뉴에코 GRA-851SR,가스레인지,4년 사용했습니다. 외관 약간 흠집그리고 화면 금 갔음. 박스 없음.,128820,50239,0.61
린나이 RBR-S6201D,가스레인지,5년 사용했습니다. 외관 약간 흠집이며 고장 없음. 충전기 없음.,180000,77400,0.57
린나이 RBR-P3511WD,가스레인지,5년 사용했습니다. 상태 보통그리고 생활 기스 있음. 추가 액세서리 포함.,241400,106215,0.56
린나이 RBR-P2501D,가스레인지,3년 사용했습니다. 외관 심한 흠집이며 작동 이상 없음. 추가 액세서리 포함.,210750,130665,0.38
SK매직 뉴에코 GRA-910SR,가스레인지,3년 사용했습니다. 외관 심한 흠집그리고 배터리 효율 낮음. 박스 없음.,171700,82416,0.52
SK매직 GRA-F2NRH,가스레인지,거의 사용하지 않음. 상태 보통이며 고장 없음. 충전기 없음.,116450,103640,0.11
린나이 GTA24SJ,가스레인지,1개월 사용했습니다. 상태 보통그리고 화면 금 갔음. 추가 액세서리 포함.,133400,109388,0.18
SK매직 뉴에코 GRA-841SR (GRA-841R),가스레인지,2년 사용했습니다. 상태 보통그리고 화면 금 갔음. 추가 액세서리 포함.,144000,92160,0.36
린나이 RBR-S3000,가스레인지,5년 사용했습니다. 외관 심한 흠집그리고 화면 금 갔음. 정품 인증서 포함.,218950,56927,0.74
하츠 GC-3605SDBH,가스레인지,거의 사용하지 않음. 외관 심한 흠집그리고 액정 파손. 충전기 없음.,135000,83700,0.38
린나이 RBR-S3603DIJ,가스레인지,1년 사용했습니다. 사용감 있음그리고 배터리 효율 낮음. 추가 액세서리 포함.,156710,120666,0.23
SK매직 GRA-B3FDD,가스레인지,5년 사용했습니다. 생활흔적 있음그리고 배터리 효율 낮음. 박스 없음.,126000,41579,0.67
린나이 RBR-S4000,가스레인지,1년 사용했습니다. 생활흔적 있음그리고 액정 파손. 박스 및 구성품 있음.,260460,169299,0.35
SK매직 GRA-B3216D,가스레인지,1개월 사용했습니다. 외관 약간 흠집그리고 액정 파손. 박스 및 구성품 있음.,113920,84300,0.26
SK매직 GRA-B322K,가스레인지,3년 사용했습니다. 외관 심한 흠집그리고 생활 기스 있음.,174080,95744,0.45
린나이 RBR-P4400,가스레인지,3년 사용했습니다. 사용감 있음그리고 화면 금 갔음. 정품 인증서 포함.,436700,222717,0.49
린나이 RT-5102,가스레인지,2년 사용했습니다. 상태 최상이며 고장 없음. 충전기 없음.,250380,205311,0.18
린나이 INBS301DJ,가스레인지,2년 사용했습니다. 사용감 있음그리고 액정 파손. 정품 인증서 포함.,167350,93716,0.44
SK매직 GRAB221K,가스레인지,5년 사용했습니다. 상태 보통이며 작동 이상 없음. 추가 액세서리 포함.,85440,41865,0.51
린나이 RBR-S3307DJ,가스레인지,3년 사용했습니다. 상태 보통그리고 배터리 효율 낮음. 추가 액세서리 포함.,158790,93686,0.41
린나이 RBR-S3001D,가스레인지,5년 사용했습니다. 외관 약간 흠집그리고 액정 파손.,213600,55536,0.74
린나이 CTA22NJ,가스레인지,3년 사용했습니다. 외관 약간 흠집그리고 액정 파손. 박스 및 구성품 있음.,138600,63755,0.54
린나이 RT-1620I,가스레인지,5년 사용했습니다. 상태 보통이며 작동 이상 없음. 충전기 없음.,189730,83481,0.56
매직쉐프 MMW-W23FDHW,가스레인지,2년 사용했습니다. 사용감 있음이며 고장 없음. 충전기 없음.,119960,86371,0.28
린나이 RT-1080IJ,가스레인지,1년 사용했습니다. 외관 심한 흠집이며 고장 없음. 추가 액세서리 포함.,128060,105009,0.18
린나이 INCP2032WJ,가스레인지,1년 사용했습니다. 사용감 있음이며 작동 이상 없음.,143060,121601,0.15
SK매직 GRA-B3218D,가스레인지,3년 사용했습니다. 상태 보통그리고 생활 기스 있음. 충전기 없음.,147990,87314,0.41
린나이 RT-6520I,가스레인지,6개월 사용했습니다. 외관 심한 흠집그리고 생활 기스 있음. 박스 및 구성품 있음.,188810,151048,0.2
린나이 CPBC611DJ,가스레인지,1개월 사용했습니다. 상태 최상하지만 화면 금 갔음.,176080,154950,0.12
SK매직 GRA-BA301D,가스레인지,거의 사용하지 않음. 상태 보통이며 고장 없음.,229020,206118,0.1
린나이 RBR-PF3000,가스레인지,6개월 사용했습니다. 상태 보통그리고 화면 금 갔음. 정품 인증서 포함.,294960,230068,0.22
SK매직 뉴에코 GRA-851SR,가스레인지,3년 사용했습니다. 사용감 있음그리고 생활 기스 있음.,128820,77292,0.4
린나이 RBR-S6201D,가스레인지,6개월 사용했습니다. 외관 심한 흠집그리고 화면 금 갔음. 박스 없음.,180000,122399,0.32
린나이 RBR-P3511WD,가스레인지,5년 사용했습니다. 외관 심한 흠집이며 작동 이상 없음. 정품 인증서 포함.,241400,98974,0.59
린나이 RBR-P2501D,가스레인지,3년 사용했습니다. 외관 심한 흠집그리고 배터리 효율 낮음. 박스 없음.,210750,101160,0.52
SK매직 뉴에코 GRA-910SR,가스레인지,1개월 사용했습니다. 외관 약간 흠집그리고 액정 파손. 정품 인증서 포함.,171700,128775,0.25
SK매직 GRA-F2NRH,가스레인지,4년 사용했습니다. 외관 약간 흠집그리고 배터리 효율 낮음. 박스 및 구성품 있음.,116450,53566,0.54
린나이 GTA24SJ,가스레인지,6개월 사용했습니다. 외관 약간 흠집이며 작동 이상 없음. 충전기 없음.,133400,117392,0.12
SK매직 뉴에코 GRA-841SR (GRA-841R),가스레인지,거의 사용하지 않음. 상태 보통이며 작동 이상 없음. 충전기 없음.,144000,128160,0.11
린나이 RBR-S3000,가스레인지,1년 사용했습니다. 외관 심한 흠집이며 고장 없음. 박스 없음.,218950,170781,0.22
하츠 GC-3605SDBH,가스레인지,2년 사용했습니다. 외관 심한 흠집그리고 배터리 효율 낮음.,135000,81000,0.4
린나이 RBR-S3603DIJ,가스레인지,3년 사용했습니다. 상태 양호하지만 생활 기스 있음. 박스 없음.,156710,98727,0.37
SK매직 GRA-B3FDD,가스레인지,1개월 사용했습니다. 상태 최상하지만 화면 금 갔음. 충전기 없음.,126000,107100,0.15
린나이 RBR-S4000,가스레인지,2년 사용했습니다. 상태 보통그리고 생활 기스 있음. 박스 및 구성품 있음.,260460,187531,0.28
SK매직 GRA-B3216D,가스레인지,5년 사용했습니다. 상태 최상이며 고장 없음. 정품 인증서 포함.,113920,63795,0.44
SK매직 GRA-B322K,가스레인지,5년 사용했습니다. 상태 양호이며 고장 없음. 박스 및 구성품 있음.,174080,87040,0.5
린나이 RBR-P4400,가스레인지,6개월 사용했습니다. 외관 약간 흠집그리고 배터리 효율 낮음. 추가 액세서리 포함.,436700,362461,0.17
린나이 RT-5102,가스레인지,3년 사용했습니다. 사용감 있음그리고 액정 파손. 정품 인증서 포함.,250380,115174,0.54
린나이 INBS301DJ,가스레인지,3년 사용했습니다. 상태 양호하지만 액정 파손. 정품 인증서 포함.,167350,85348,0.49
SK매직 GRAB221K,가스레인지,2년 사용했습니다. 상태 보통이며 작동 이상 없음. 박스 없음.,85440,64080,0.25
린나이 RBR-S3307DJ,가스레인지,3년 사용했습니다. 사용감 있음그리고 배터리 효율 낮음. 박스 없음.,158790,84158,0.47
린나이 RBR-S3001D,가스레인지,2년 사용했습니다. 외관 약간 흠집그리고 화면 금 갔음. 충전기 없음.,213600,123888,0.42
린나이 CTA22NJ,가스레인지,1년 사용했습니다. 상태 최상하지만 화면 금 갔음.,138600,110880,0.2
린나이 RT-1620I,가스레인지,1년 사용했습니다. 상태 양호하지만 액정 파손. 추가 액세서리 포함.,189730,136605,0.28
매직쉐프 MMW-W23FDHW,가스레인지,3년 사용했습니다. 외관 심한 흠집그리고 화면 금 갔음. 박스 및 구성품 있음.,119960,53981,0.55
린나이 RT-1080IJ,가스레인지,3년 사용했습니다. 외관 심한 흠집이며 작동 이상 없음.,128060,76836,0.4
린나이 INCP2032WJ,가스레인지,5년 사용했습니다. 사용감 있음그리고 화면 금 갔음.,143060,42918,0.7
SK매직 GRA-B3218D,가스레인지,4년 사용했습니다. 상태 최상하지만 생활 기스 있음. 박스 및 구성품 있음.,147990,88794,0.4
린나이 RT-6520I,가스레인지,1개월 사용했습니다. 외관 약간 흠집그리고 생활 기스 있음. 박스 없음.,188810,164264,0.13
린나이 CPBC611DJ,가스레인지,2년 사용했습니다. 생활흔적 있음그리고 화면 금 갔음. 추가 액세서리 포함.,176080,109169,0.38
SK매직 GRA-BA301D,가스레인지,1년 사용했습니다. 외관 약간 흠집이며 고장 없음. 박스 및 구성품 있음.,229020,196957,0.14
린나이 RBR-PF3000,가스레인지,3년 사용했습니다. 상태 양호이며 작동 이상 없음. 정품 인증서 포함.,294960,209421,0.29
SK매직 뉴에코 GRA-851SR,가스레인지,2년 사용했습니다. 외관 약간 흠집그리고 화면 금 갔음. 박스 및 구성품 있음.,128820,78580,0.39
린나이 RBR-S6201D,가스레인지,5년 사용했습니다. 외관 심한 흠집그리고 생활 기스 있음. 정품 인증서 포함.,180000,64800,0.64
린나이 RBR-P3511WD,가스레인지,4년 사용했습니다. 생활흔적 있음그리고 생활 기스 있음. 추가 액세서리 포함.,241400,125528,0.48
린나이 RBR-P2501D,가스레인지,1개월 사용했습니다. 생활흔적 있음그리고 배터리 효율 낮음. 추가 액세서리 포함.,210750,179137,0.15
SK매직 뉴에코 GRA-910SR,가스레인지,거의 사용하지 않음. 외관 심한 흠집그리고 액정 파손. 추가 액세서리 포함.,171700,115038,0.33
SK매직 GRA-F2NRH,가스레인지,3년 사용했습니다. 생활흔적 있음그리고 화면 금 갔음.,116450,58225,0.5
린나이 GTA24SJ,가스레인지,2년 사용했습니다. 사용감 있음이며 고장 없음. 박스 없음.,133400,97382,0.27
SK매직 뉴에코 GRA-841SR (GRA-841R),가스레인지,6개월 사용했습니다. 생활흔적 있음이며 작동 이상 없음. 박스 및 구성품 있음.,144000,129600,0.1
린나이 RBR-S3000,가스레인지,거의 사용하지 않음. 생활흔적 있음그리고 배터리 효율 낮음. 정품 인증서 포함.,218950,177349,0.19
하츠 GC-3605SDBH,가스레인지,3년 사용했습니다. 상태 양호하지만 액정 파손. 박스 없음.,135000,64800,0.52
린나이 RBR-S3603DIJ,가스레인지,4년 사용했습니다. 상태 최상하지만 액정 파손. 추가 액세서리 포함.,156710,73653,0.53
SK매직 GRA-B3FDD,가스레인지,5년 사용했습니다. 사용감 있음그리고 화면 금 갔음. 충전기 없음.,126000,34020,0.73
린나이 RBR-S4000,가스레인지,5년 사용했습니다. 외관 심한 흠집이며 작동 이상 없음.,260460,104184,0.6
SK매직 GRA-B3216D,가스레인지,4년 사용했습니다. 외관 약간 흠집그리고 배터리 효율 낮음. 박스 없음.,113920,50124,0.56
SK매직 GRA-B322K,가스레인지,거의 사용하지 않음. 생활흔적 있음그리고 생활 기스 있음. 충전기 없음.,174080,142745,0.18
린나이 RBR-P4400,가스레인지,5년 사용했습니다. 생활흔적 있음이며 고장 없음. 박스 없음.,436700,187781,0.57
린나이 RT-5102,가스레인지,6개월 사용했습니다. 사용감 있음그리고 액정 파손. 충전기 없음.,250380,167754,0.33
린나이 INBS301DJ,가스레인지,1개월 사용했습니다. 상태 최상하지만 화면 금 갔음. 박스 및 구성품 있음.,167350,147268,0.12
SK매직 GRAB221K,가스레인지,6개월 사용했습니다. 외관 심한 흠집그리고 액정 파손. 정품 인증서 포함.,85440,56390,0.34
린나이 RBR-S3307DJ,가스레인지,1개월 사용했습니다. 외관 약간 흠집그리고 액정 파손. 정품 인증서 포함.,158790,119092,0.25
린나이 RBR-S3001D,가스레인지,거의 사용하지 않음. 상태 양호이며 고장 없음. 박스 없음.,213600,192240,0.1
린나이 CTA22NJ,가스레인지,5년 사용했습니다. 상태 양호이며 고장 없음. 정품 인증서 포함.,138600,70686,0.49
린나이 RT-1620I,가스레인지,2년 사용했습니다. 사용감 있음그리고 화면 금 갔음. 충전기 없음.,189730,108146,0.43
매직쉐프 MMW-W23FDHW,가스레인지,6개월 사용했습니다. 생활흔적 있음그리고 화면 금 갔음. 정품 인증서 포함.,119960,91169,0.24
린나이 RT-1080IJ,가스레인지,5년 사용했습니다. 사용감 있음그리고 화면 금 갔음. 박스 및 구성품 있음.,128060,38418,0.7
린나이 INCP2032WJ,가스레인지,3년 사용했습니다. 외관 약간 흠집그리고 생활 기스 있음.,143060,87266,0.39
SK매직 GRA-B3218D,가스레인지,4년 사용했습니다. 상태 최상이며 작동 이상 없음. 정품 인증서 포함.,147990,97673,0.34
린나이 RT-6520I,가스레인지,6개월 사용했습니다. 생활흔적 있음그리고 배터리 효율 낮음. 정품 인증서 포함.,188810,152936,0.19
린나이 CPBC611DJ,가스레인지,1년 사용했습니다. 상태 보통이며 고장 없음.,176080,153189,0.13
SK매직 GRA-BA301D,가스레인지,3년 사용했습니다. 상태 양호하지만 액정 파손. 박스 없음.,229020,109929,0.52
린나이 RBR-PF3000,가스레인지,1개월 사용했습니다. 사용감 있음이며 작동 이상 없음. 박스 없음.,294960,265464,0.1
SK매직 뉴에코 GRA-851SR,가스레인지,3년 사용했습니다. 상태 양호하지만 배터리 효율 낮음. 정품 인증서 포함.,128820,78580,0.39
린나이 RBR-S6201D,가스레인지,5년 사용했습니다. 상태 최상이며 작동 이상 없음.,180000,99000,0.45
린나이 RBR-P3511WD,가스레인지,6개월 사용했습니다. 상태 최상이며 작동 이상 없음. 박스 및 구성품 있음.,241400,217260,0.1
린나이 RBR-P2501D,가스레인지,1년 사용했습니다. 외관 심한 흠집이며 고장 없음.,210750,168600,0.2
SK매직 뉴에코 GRA-910SR,가스레인지,3년 사용했습니다. 상태 양호하지만 생활 기스 있음. 충전기 없음.,171700,106454,0.38
SK매직 GRA-F2NRH,가스레인지,6개월 사용했습니다. 생활흔적 있음그리고 액정 파손. 정품 인증서 포함.,116450,82679,0.29
린나이 GTA24SJ,가스레인지,거의 사용하지 않음. 사용감 있음이며 고장 없음.,133400,120060,0.1
SK매직 뉴에코 GRA-841SR (GRA-841R),가스레인지,6개월 사용했습니다. 외관 심한 흠집그리고 화면 금 갔음. 충전기 없음.,144000,96479,0.33
린나이 RBR-S3000,가스레인지,거의 사용하지 않음. 외관 약간 흠집이며 고장 없음. 박스 및 구성품 있음.,218950,197055,0.1
하츠 GC-3605SDBH,가스레인지,2년 사용했습니다. 상태 양호하지만 생활 기스 있음. 박스 없음.,135000,98550,0.27
린나이 RBR-S3603DIJ,가스레인지,5년 사용했습니다. 사용감 있음그리고 화면 금 갔음. 박스 없음.,156710,43878,0.72
SK매직 GRA-B3FDD,가스레인지,2년 사용했습니다. 생활흔적 있음그리고 생활 기스 있음. 정품 인증서 포함.,126000,89460,0.29
린나이 RBR-S4000,가스레인지,3년 사용했습니다. 상태 양호하지만 생활 기스 있음. 박스 없음.,260460,164089,0.37
SK매직 GRA-B3216D,가스레인지,1년 사용했습니다. 사용감 있음그리고 배터리 효율 낮음. 추가 액세서리 포함.,113920,87718,0.23
SK매직 GRA-B322K,가스레인지,5년 사용했습니다. 상태 최상하지만 액정 파손. 추가 액세서리 포함.,174080,64409,0.63
린나이 RBR-P4400,가스레인지,3년 사용했습니다. 사용감 있음그리고 액정 파손. 정품 인증서 포함.,436700,200881,0.54
린나이 RT-5102,가스레인지,1년 사용했습니다. 상태 최상하지만 화면 금 갔음. 정품 인증서 포함.,250380,202807,0.19
린나이 INBS301DJ,가스레인지,3년 사용했습니다. 상태 최상하지만 화면 금 갔음.,167350,100410,0.4
SK매직 GRAB221K,가스레인지,5년 사용했습니다. 외관 약간 흠집그리고 배터리 효율 낮음. 박스 및 구성품 있음.,85440,30758,0.64
린나이 RBR-S3307DJ,가스레인지,3년 사용했습니다. 상태 최상하지만 생활 기스 있음. 추가 액세서리 포함.,158790,114328,0.28
린나이 RBR-S3001D,가스레인지,1개월 사용했습니다. 외관 심한 흠집그리고 배터리 효율 낮음. 정품 인증서 포함.,213600,168744,0.21
린나이 CTA22NJ,가스레인지,2년 사용했습니다. 상태 양호이며 고장 없음. 박스 및 구성품 있음.,138600,110880,0.2
린나이 RT-1620I,가스레인지,2년 사용했습니다. 상태 보통이며 고장 없음. 박스 없음.,189730,142297,0.25
매직쉐프 MMW-W23FDHW,가스레인지,1개월 사용했습니다. 외관 약간 흠집이며 고장 없음. 추가 액세서리 포함.,119960,107964,0.1
린나이 RT-1080IJ,가스레인지,6개월 사용했습니다. 외관 심한 흠집이며 작동 이상 없음.,128060,108851,0.15
린나이 INCP2032WJ,가스레인지,1개월 사용했습니다. 외관 약간 흠집그리고 배터리 효율 낮음. 충전기 없음.,143060,115878,0.19
SK매직 GRA-B3218D,가스레인지,거의 사용하지 않음. 외관 심한 흠집그리고 화면 금 갔음. 박스 없음.,147990,100633,0.32
린나이 RT-6520I,가스레인지,거의 사용하지 않음. 외관 심한 흠집그리고 화면 금 갔음.,188810,132167,0.3
린나이 CPBC611DJ,가스레인지,1개월 사용했습니다. 상태 보통그리고 액정 파손. 박스 및 구성품 있음.,176080,132060,0.25
SK매직 GRA-BA301D,가스레인지,5년 사용했습니다. 상태 보통그리고 화면 금 갔음. 정품 인증서 포함.,229020,75576,0.67
린나이 RBR-PF3000,가스레인지,2년 사용했습니다. 외관 약간 흠집이며 작동 이상 없음.,294960,224169,0.24
SK매직 뉴에코 GRA-851SR,가스레인지,1개월 사용했습니다. 상태 보통그리고 화면 금 갔음. 박스 및 구성품 있음.,128820,103056,0.2
린나이 RBR-S6201D,가스레인지,거의 사용하지 않음. 외관 심한 흠집그리고 생활 기스 있음. 정품 인증서 포함.,180000,145800,0.19
린나이 RBR-P3511WD,가스레인지,1개월 사용했습니다. 상태 최상이며 고장 없음. 박스 및 구성품 있음.,241400,217260,0.1
린나이 RBR-P2501D,가스레인지,1년 사용했습니다. 상태 최상이며 작동 이상 없음. 추가 액세서리 포함.,210750,189675,0.1
SK매직 뉴에코 GRA-910SR,가스레인지,3년 사용했습니다. 상태 최상이며 고장 없음. 추가 액세서리 포함.,171700,132209,0.23
SK매직 GRA-F2NRH,가스레인지,6개월 사용했습니다. 외관 약간 흠집그리고 액정 파손. 박스 없음.,116450,80350,0.31
린나이 GTA24SJ,가스레인지,6개월 사용했습니다. 상태 보통그리고 배터리 효율 낮음. 정품 인증서 포함.,133400,110722,0.17
SK매직 뉴에코 GRA-841SR (GRA-841R),가스레인지,5년 사용했습니다. 외관 심한 흠집그리고 생활 기스 있음. 박스 없음.,144000,47519,0.67
린나이 RBR-S3000,가스레인지,1개월 사용했습니다. 상태 보통이며 작동 이상 없음.,218950,197055,0.1
하츠 GC-3605SDBH,가스레인지,6개월 사용했습니다. 사용감 있음이며 고장 없음.,135000,121500,0.1
린나이 RBR-S3603DIJ,가스레인지,거의 사용하지 않음. 외관 심한 흠집그리고 배터리 효율 낮음. 충전기 없음.,156710,112831,0.28
SK매직 GRA-B3FDD,가스레인지,2년 사용했습니다. 상태 최상하지만 배터리 효율 낮음. 박스 및 구성품 있음.,126000,94500,0.25
린나이 RBR-S4000,가스레인지,4년 사용했습니다. 상태 최상하지만 생활 기스 있음. 추가 액세서리 포함.,260460,161485,0.38
SK매직 GRA-B3216D,가스레인지,5년 사용했습니다. 사용감 있음그리고 생활 기스 있음. 추가 액세서리 포함.,113920,47846,0.58
SK매직 GRA-B322K,가스레인지,4년 사용했습니다. 사용감 있음그리고 화면 금 갔음. 추가 액세서리 포함.,174080,73113,0.58
린나이 RBR-P4400,가스레인지,1년 사용했습니다. 생활흔적 있음그리고 배터리 효율 낮음. 박스 및 구성품 있음.,436700,327525,0.25
린나이 RT-5102,가스레인지,1개월 사용했습니다. 상태 보통그리고 액정 파손. 박스 없음.,250380,182777,0.27
린나이 INBS301DJ,가스레인지,2년 사용했습니다. 상태 최상하지만 액정 파손. 박스 및 구성품 있음.,167350,108777,0.35
SK매직 GRAB221K,가스레인지,5년 사용했습니다. 외관 심한 흠집그리고 액정 파손. 추가 액세서리 포함.,85440,18796,0.78
린나이 RBR-S3307DJ,가스레인지,1개월 사용했습니다. 사용감 있음이며 작동 이상 없음. 추가 액세서리 포함.,158790,142911,0.1
린나이 RBR-S3001D,가스레인지,1년 사용했습니다. 외관 약간 흠집그리고 화면 금 갔음. 박스 없음.,213600,147384,0.31
린나이 CTA22NJ,가스레인지,1개월 사용했습니다. 외관 심한 흠집그리고 화면 금 갔음. 박스 및 구성품 있음.,138600,101178,0.27
린나이 RT-1620I,가스레인지,2년 사용했습니다. 외관 심한 흠집이며 작동 이상 없음. 추가 액세서리 포함.,189730,136605,0.28
매직쉐프 MMW-W23FDHW,가스레인지,5년 사용했습니다. 외관 심한 흠집그리고 생활 기스 있음. 박스 및 구성품 있음.,119960,41986,0.65
린나이 RT-1080IJ,가스레인지,거의 사용하지 않음. 상태 보통이며 작동 이상 없음. 박스 및 구성품 있음.,128060,115254,0.1
린나이 INCP2032WJ,가스레인지,5년 사용했습니다. 생활흔적 있음그리고 액정 파손. 박스 없음.,143060,32903,0.77
SK매직 GRA-B3218D,가스레인지,2년 사용했습니다. 외관 심한 흠집그리고 액정 파손. 정품 인증서 포함.,147990,75474,0.49
린나이 RT-6520I,가스레인지,4년 사용했습니다. 외관 약간 흠집그리고 화면 금 갔음. 박스 및 구성품 있음.,188810,77412,0.59
린나이 CPBC611DJ,가스레인지,2년 사용했습니다. 상태 양호이며 고장 없음. 정품 인증서 포함.,176080,142624,0.19
SK매직 GRA-BA301D,가스레인지,6개월 사용했습니다. 생활흔적 있음그리고 액정 파손. 추가 액세서리 포함.,229020,164894,0.28
린나이 RBR-PF3000,가스레인지,5년 사용했습니다. 외관 심한 흠집그리고 액정 파손.,294960,58991,0.8
SK매직 뉴에코 GRA-851SR,가스레인지,2년 사용했습니다. 상태 보통그리고 배터리 효율 낮음. 박스 없음.,128820,83733,0.35
린나이 RBR-S6201D,가스레인지,3년 사용했습니다. 상태 최상이며 고장 없음. 정품 인증서 포함.,180000,136800,0.24
린나이 RBR-P3511WD,가스레인지,1개월 사용했습니다. 상태 양호하지만 액정 파손. 정품 인증서 포함.,241400,190706,0.21
린나이 RBR-P2501D,가스레인지,4년 사용했습니다. 외관 약간 흠집그리고 화면 금 갔음. 박스 및 구성품 있음.,210750,86407,0.59
SK매직 뉴에코 GRA-910SR,가스레인지,1개월 사용했습니다. 상태 양호하지만 배터리 효율 낮음. 충전기 없음.,171700,145945,0.15
SK매직 GRA-F2NRH,가스레인지,2년 사용했습니다. 외관 심한 흠집그리고 배터리 효율 낮음.,116450,69870,0.4
린나이 GTA24SJ,가스레인지,5년 사용했습니다. 외관 심한 흠집그리고 액정 파손. 정품 인증서 포함.,133400,28013,0.79
SK매직 뉴에코 GRA-841SR (GRA-841R),가스레인지,거의 사용하지 않음. 사용감 있음그리고 생활 기스 있음. 추가 액세서리 포함.,144000,125280,0.13
린나이 RBR-S3000,가스레인지,5년 사용했습니다. 상태 최상이며 작동 이상 없음. 충전기 없음.,218950,113854,0.48
하츠 GC-3605SDBH,가스레인지,3년 사용했습니다. 상태 최상하지만 액정 파손. 박스 및 구성품 있음.,135000,74250,0.45
린나이 RBR-S3603DIJ,가스레인지,3년 사용했습니다. 생활흔적 있음이며 작동 이상 없음. 정품 인증서 포함.,156710,103428,0.34
SK매직 GRA-B3FDD,가스레인지,5년 사용했습니다. 사용감 있음이며 작동 이상 없음. 정품 인증서 포함.,126000,57959,0.54
린나이 RBR-S4000,가스레인지,1년 사용했습니다. 외관 약간 흠집이며 작동 이상 없음. 박스 없음.,260460,218786,0.16
SK매직 GRA-B3216D,가스레인지,2년 사용했습니다. 생활흔적 있음그리고 액정 파손.,113920,62656,0.45
SK매직 GRA-B322K,가스레인지,6개월 사용했습니다. 상태 최상이며 고장 없음. 박스 및 구성품 있음.,174080,156672,0.1
린나이 RBR-P4400,가스레인지,2년 사용했습니다. 외관 약간 흠집그리고 생활 기스 있음. 박스 및 구성품 있음.,436700,310057,0.29
린나이 RT-5102,가스레인지,6개월 사용했습니다. 상태 보통이며 작동 이상 없음. 충전기 없음.,250380,222838,0.11
린나이 INBS301DJ,가스레인지,6개월 사용했습니다. 사용감 있음그리고 배터리 효율 낮음. 박스 및 구성품 있음.,167350,133880,0.2
SK매직 GRAB221K,가스레인지,1년 사용했습니다. 사용감 있음이며 작동 이상 없음. 정품 인증서 포함.,85440,73478,0.14
린나이 RBR-S3307DJ,가스레인지,1년 사용했습니다. 생활흔적 있음그리고 액정 파손. 충전기 없음.,158790,98449,0.38
린나이 RBR-S3001D,가스레인지,6개월 사용했습니다. 생활흔적 있음이며 작동 이상 없음. 추가 액세서리 포함.,213600,192240,0.1
린나이 CTA22NJ,가스레인지,5년 사용했습니다. 생활흔적 있음그리고 배터리 효율 낮음. 박스 및 구성품 있음.,138600,48510,0.65
린나이 RT-1620I,가스레인지,4년 사용했습니다. 외관 심한 흠집그리고 액정 파손. 추가 액세서리 포함.,189730,60713,0.68
매직쉐프 MMW-W23FDHW,가스레인지,6개월 사용했습니다. 외관 심한 흠집그리고 배터리 효율 낮음. 정품 인증서 포함.,119960,91169,0.24
린나이 RT-1080IJ,가스레인지,1년 사용했습니다. 외관 약간 흠집이며 작동 이상 없음. 추가 액세서리 포함.,128060,112692,0.12
린나이 INCP2032WJ,가스레인지,1년 사용했습니다. 외관 약간 흠집그리고 화면 금 갔음. 추가 액세서리 포함.,143060,104433,0.27
SK매직 GRA-B3218D,가스레인지,4년 사용했습니다. 외관 약간 흠집그리고 배터리 효율 낮음. 박스 없음.,147990,65115,0.56
린나이 RT-6520I,가스레인지,3년 사용했습니다. 생활흔적 있음이며 작동 이상 없음. 박스 없음.,188810,118950,0.37
린나이 CPBC611DJ,가스레인지,4년 사용했습니다. 외관 심한 흠집그리고 생활 기스 있음.,176080,79235,0.55
SK매직 GRA-BA301D,가스레인지,1개월 사용했습니다. 상태 보통그리고 생활 기스 있음. 충전기 없음.,229020,199247,0.13
린나이 RBR-PF3000,가스레인지,6개월 사용했습니다. 외관 약간 흠집그리고 액정 파손. 충전기 없음.,294960,200572,0.32
SK매직 뉴에코 GRA-851SR,가스레인지,거의 사용하지 않음. 상태 양호하지만 배터리 효율 낮음. 박스 없음.,128820,106920,0.17
린나이 RBR-S6201D,가스레인지,3년 사용했습니다. 상태 최상하지만 배터리 효율 낮음. 충전기 없음.,180000,111600,0.38
린나이 RBR-P3511WD,가스레인지,5년 사용했습니다. 상태 보통이며 고장 없음. 정품 인증서 포함.,241400,115872,0.52
린나이 RBR-P2501D,가스레인지,5년 사용했습니다. 외관 심한 흠집그리고 배터리 효율 낮음. 정품 인증서 포함.,210750,65332,0.69
SK매직 뉴에코 GRA-910SR,가스레인지,1개월 사용했습니다. 외관 심한 흠집그리고 생활 기스 있음. 박스 없음.,171700,139077,0.19
SK매직 GRA-F2NRH,가스레인지,2년 사용했습니다. 상태 보통그리고 화면 금 갔음. 박스 없음.,116450,69870,0.4
린나이 GTA24SJ,가스레인지,거의 사용하지 않음. 사용감 있음이며 작동 이상 없음. 박스 없음.,133400,117392,0.12
SK매직 뉴에코 GRA-841SR (GRA-841R),가스레인지,4년 사용했습니다. 생활흔적 있음그리고 배터리 효율 낮음.,144000,64799,0.55
린나이 RBR-S3000,가스레인지,1년 사용했습니다. 사용감 있음그리고 배터리 효율 낮음. 충전기 없음.,218950,157644,0.28
하츠 GC-3605SDBH,가스레인지,1년 사용했습니다. 상태 양호하지만 액정 파손. 정품 인증서 포함.,135000,95850,0.29
린나이 RBR-S3603DIJ,가스레인지,거의 사용하지 않음. 생활흔적 있음그리고 액정 파손.,156710,109697,0.3
SK매직 GRA-B3FDD,가스레인지,6개월 사용했습니다. 생활흔적 있음그리고 생활 기스 있음. 박스 및 구성품 있음.,126000,107100,0.15
린나이 RBR-S4000,가스레인지,5년 사용했습니다. 상태 최상하지만 배터리 효율 낮음. 추가 액세서리 포함.,260460,122416,0.53
SK매직 GRA-B3216D,가스레인지,1년 사용했습니다. 외관 심한 흠집이며 작동 이상 없음.,113920,91136,0.2
SK매직 GRA-B322K,가스레인지,4년 사용했습니다. 상태 양호하지만 화면 금 갔음. 정품 인증서 포함.,174080,80076,0.54
린나이 RBR-P4400,가스레인지,1개월 사용했습니다. 외관 약간 흠집이며 작동 이상 없음.,436700,393030,0.1
린나이 RT-5102,가스레인지,거의 사용하지 않음. 상태 보통그리고 배터리 효율 낮음.,250380,205311,0.18
린나이 INBS301DJ,가스레인지,4년 사용했습니다. 사용감 있음이며 작동 이상 없음. 충전기 없음.,167350,87022,0.48
SK매직 GRAB221K,가스레인지,6개월 사용했습니다. 생활흔적 있음그리고 액정 파손. 추가 액세서리 포함.,85440,61516,0.28
린나이 RBR-S3307DJ,가스레인지,3년 사용했습니다. 상태 양호이며 작동 이상 없음. 추가 액세서리 포함.,158790,114328,0.28
린나이 RBR-S3001D,가스레인지,1년 사용했습니다. 상태 보통이며 작동 이상 없음.,213600,185832,0.13
린나이 CTA22NJ,가스레인지,1년 사용했습니다. 생활흔적 있음그리고 액정 파손. 박스 및 구성품 있음.,138600,90090,0.35
린나이 RT-1620I,가스레인지,5년 사용했습니다. 사용감 있음그리고 배터리 효율 낮음. 정품 인증서 포함.,189730,68302,0.64
매직쉐프 MMW-W23FDHW,가스레인지,5년 사용했습니다. 상태 양호하지만 배터리 효율 낮음. 추가 액세서리 포함.,119960,50383,0.58
린나이 RT-1080IJ,가스레인지,1년 사용했습니다. 상태 양호이며 고장 없음.,128060,115254,0.1
린나이 INCP2032WJ,가스레인지,6개월 사용했습니다. 외관 심한 흠집그리고 화면 금 갔음.,143060,100142,0.3
SK매직 GRA-B3218D,가스레인지,3년 사용했습니다. 사용감 있음이며 고장 없음. 정품 인증서 포함.,147990,97673,0.34
린나이 RT-6520I,가스레인지,6개월 사용했습니다. 외관 심한 흠집이며 고장 없음. 박스 없음.,188810,156712,0.17
린나이 CPBC611DJ,가스레인지,6개월 사용했습니다. 사용감 있음이며 작동 이상 없음. 박스 없음.,176080,154950,0.12
SK매직 GRA-BA301D,가스레인지,3년 사용했습니다. 상태 양호하지만 배터리 효율 낮음. 박스 및 구성품 있음.,229020,137412,0.4
린나이 RBR-PF3000,가스레인지,2년 사용했습니다. 사용감 있음그리고 화면 금 갔음. 정품 인증서 포함.,294960,179925,0.39
SK매직 뉴에코 GRA-851SR,가스레인지,6개월 사용했습니다. 사용감 있음이며 작동 이상 없음. 박스 및 구성품 있음.,128820,115938,0.1
린나이 RBR-S6201D,가스레인지,거의 사용하지 않음. 외관 약간 흠집그리고 액정 파손. 추가 액세서리 포함.,180000,131400,0.27
린나이 RBR-P3511WD,가스레인지,1년 사용했습니다. 외관 약간 흠집그리고 액정 파손. 충전기 없음.,241400,152082,0.37
린나이 RBR-P2501D,가스레인지,1개월 사용했습니다. 상태 최상이며 고장 없음. 충전기 없음.,210750,189675,0.1
SK매직 뉴에코 GRA-910SR,가스레인지,1년 사용했습니다. 외관 심한 흠집이며 고장 없음. 추가 액세서리 포함.,171700,140794,0.18
SK매직 GRA-F2NRH,가스레인지,3년 사용했습니다. 사용감 있음이며 작동 이상 없음. 충전기 없음.,116450,72199,0.38
린나이 GTA24SJ,가스레인지,2년 사용했습니다. 상태 보통이며 고장 없음. 박스 및 구성품 있음.,133400,102718,0.23
SK매직 뉴에코 GRA-841SR (GRA-841R),가스레인지,거의 사용하지 않음. 상태 보통그리고 화면 금 갔음.,144000,110880,0.23
린나이 RBR-S3000,가스레인지,거의 사용하지 않음. 상태 양호하지만 액정 파손. 충전기 없음.,218950,157644,0.28
하츠 GC-3605SDBH,가스레인지,2년 사용했습니다. 상태 양호하지만 화면 금 갔음. 박스 및 구성품 있음.,135000,87750,0.35
린나이 RBR-S3603DIJ,가스레인지,1년 사용했습니다. 사용감 있음그리고 생활 기스 있음.,156710,125368,0.2
SK매직 GRA-B3FDD,가스레인지,4년 사용했습니다. 외관 심한 흠집이며 작동 이상 없음. 박스 없음.,126000,60480,0.52
린나이 RBR-S4000,가스레인지,6개월 사용했습니다. 외관 약간 흠집그리고 배터리 효율 낮음. 충전기 없음.,260460,203158,0.22
SK매직 GRA-B3216D,가스레인지,3년 사용했습니다. 외관 약간 흠집이며 고장 없음. 정품 인증서 포함.,113920,76326,0.33
SK매직 GRA-B322K,가스레인지,3년 사용했습니다. 상태 최상하지만 화면 금 갔음. 추가 액세서리 포함.,174080,107929,0.38
린나이 RBR-P4400,가스레인지,2년 사용했습니다. 사용감 있음그리고 배터리 효율 낮음. 정품 인증서 포함.,436700,288221,0.34
린나이 RT-5102,가스레인지,6개월 사용했습니다. 상태 양호하지만 액정 파손. 추가 액세서리 포함.,250380,192792,0.23
린나이 INBS301DJ,가스레인지,1개월 사용했습니다. 상태 최상하지만 액정 파손. 추가 액세서리 포함.,167350,142247,0.15
SK매직 GRAB221K,가스레인지,2년 사용했습니다. 생활흔적 있음그리고 액정 파손. 박스 및 구성품 있음.,85440,46992,0.45
린나이 RBR-S3307DJ,가스레인지,4년 사용했습니다. 상태 보통그리고 화면 금 갔음. 박스 없음.,158790,63516,0.6
린나이 RBR-S3001D,가스레인지,거의 사용하지 않음. 생활흔적 있음그리고 배터리 효율 낮음. 정품 인증서 포함.,213600,173016,0.19
린나이 CTA22NJ,가스레인지,1개월 사용했습니다. 상태 최상이며 작동 이상 없음. 충전기 없음.,138600,124740,0.1
린나이 RT-1620I,가스레인지,1년 사용했습니다. 상태 양호하지만 배터리 효율 낮음.,189730,151784,0.2
매직쉐프 MMW-W23FDHW,가스레인지,5년 사용했습니다. 외관 약간 흠집그리고 액정 파손. 박스 및 구성품 있음.,119960,31189,0.74
린나이 RT-1080IJ,가스레인지,6개월 사용했습니다. 상태 최상하지만 액정 파손. 박스 없음.,128060,99886,0.22
린나이 INCP2032WJ,가스레인지,1년 사용했습니다. 외관 심한 흠집이며 작동 이상 없음. 박스 및 구성품 있음.,143060,114448,0.2
SK매직 GRA-B3218D,가스레인지,거의 사용하지 않음. 외관 심한 흠집그리고 액정 파손.,147990,96193,0.35
린나이 RT-6520I,가스레인지,1년 사용했습니다. 상태 양호이며 고장 없음. 박스 및 구성품 있음.,188810,169929,0.1
린나이 CPBC611DJ,가스레인지,거의 사용하지 않음. 상태 최상이며 고장 없음. 충전기 없음.,176080,158472,0.1
SK매직 GRA-BA301D,가스레인지,1년 사용했습니다. 상태 최상하지만 화면 금 갔음. 추가 액세서리 포함.,229020,187796,0.18
린나이 RBR-PF3000,가스레인지,6개월 사용했습니다. 상태 양호이며 고장 없음.,294960,265464,0.1
SK매직 뉴에코 GRA-851SR,가스레인지,6개월 사용했습니다. 생활흔적 있음이며 고장 없음.,128820,115938,0.1
린나이 RBR-S6201D,가스레인지,5년 사용했습니다. 상태 보통이며 작동 이상 없음. 박스 없음.,180000,80999,0.55
린나이 RBR-P3511WD,가스레인지,거의 사용하지 않음. 생활흔적 있음이며 작동 이상 없음. 정품 인증서 포함.,241400,217260,0.1
린나이 RBR-P2501D,가스레인지,2년 사용했습니다. 사용감 있음그리고 배터리 효율 낮음. 정품 인증서 포함.,210750,139094,0.34
SK매직 뉴에코 GRA-910SR,가스레인지,1년 사용했습니다. 사용감 있음그리고 액정 파손. 박스 없음.,171700,108171,0.37
SK매직 GRA-F2NRH,가스레인지,5년 사용했습니다. 외관 심한 흠집그리고 생활 기스 있음. 추가 액세서리 포함.,116450,43086,0.63
린나이 GTA24SJ,가스레인지,거의 사용하지 않음. 사용감 있음그리고 배터리 효율 낮음. 충전기 없음.,133400,102718,0.23
SK매직 뉴에코 GRA-841SR (GRA-841R),가스레인지,거의 사용하지 않음. 사용감 있음그리고 생활 기스 있음. 추가 액세서리 포함.,144000,125280,0.13
린나이 RBR-S3000,가스레인지,5년 사용했습니다. 상태 보통그리고 생활 기스 있음. 추가 액세서리 포함.,218950,96337,0.56
하츠 GC-3605SDBH,가스레인지,6개월 사용했습니다. 상태 양호이며 작동 이상 없음. 정품 인증서 포함.,135000,121500,0.1
린나이 RBR-S3603DIJ,가스레인지,4년 사용했습니다. 외관 약간 흠집이며 고장 없음. 정품 인증서 포함.,156710,89324,0.43
SK매직 GRA-B3FDD,가스레인지,5년 사용했습니다. 외관 심한 흠집그리고 배터리 효율 낮음.,126000,37800,0.7
린나이 RBR-S4000,가스레인지,2년 사용했습니다. 상태 최상하지만 배터리 효율 낮음.,260460,195345,0.25
SK매직 GRA-B3216D,가스레인지,거의 사용하지 않음. 사용감 있음그리고 배터리 효율 낮음. 추가 액세서리 포함.,113920,93414,0.18
SK매직 GRA-B322K,가스레인지,1개월 사용했습니다. 사용감 있음이며 작동 이상 없음.,174080,156672,0.1
린나이 RBR-P4400,가스레인지,5년 사용했습니다. 외관 약간 흠집이며 작동 이상 없음. 박스 및 구성품 있음.,436700,200881,0.54
린나이 RT-5102,가스레인지,거의 사용하지 않음. 상태 보통그리고 액정 파손. 정품 인증서 포함.,250380,182777,0.27
린나이 INBS301DJ,가스레인지,1년 사용했습니다. 상태 보통이며 작동 이상 없음. 추가 액세서리 포함.,167350,148941,0.11
SK매직 GRAB221K,가스레인지,3년 사용했습니다. 외관 약간 흠집그리고 생활 기스 있음.,85440,52118,0.39
린나이 RBR-S3307DJ,가스레인지,5년 사용했습니다. 사용감 있음그리고 배터리 효율 낮음. 추가 액세서리 포함.,158790,58752,0.63
린나이 RBR-S3001D,가스레인지,거의 사용하지 않음. 외관 심한 흠집그리고 배터리 효율 낮음.,213600,160200,0.25
린나이 CTA22NJ,가스레인지,4년 사용했습니다. 상태 보통그리고 화면 금 갔음. 추가 액세서리 포함.,138600,60983,0.56
린나이 RT-1620I,가스레인지,6개월 사용했습니다. 상태 보통이며 작동 이상 없음. 충전기 없음.,189730,168859,0.11
매직쉐프 MMW-W23FDHW,가스레인지,4년 사용했습니다. 외관 심한 흠집그리고 배터리 효율 낮음. 충전기 없음.,119960,44385,0.63
린나이 RT-1080IJ,가스레인지,거의 사용하지 않음. 상태 양호이며 작동 이상 없음. 추가 액세서리 포함.,128060,115254,0.1
린나이 INCP2032WJ,가스레인지,1개월 사용했습니다. 생활흔적 있음이며 작동 이상 없음. 박스 및 구성품 있음.,143060,128754,0.1
SK매직 GRA-B3218D,가스레인지,1개월 사용했습니다. 외관 심한 흠집이며 작동 이상 없음. 박스 및 구성품 있음.,147990,130231,0.12
린나이 RT-6520I,가스레인지,4년 사용했습니다. 상태 최상하지만 배터리 효율 낮음. 충전기 없음.,188810,98181,0.48
린나이 CPBC611DJ,가스레인지,1개월 사용했습니다. 상태 보통이며 고장 없음.,176080,158472,0.1
SK매직 GRA-BA301D,가스레인지,3년 사용했습니다. 외관 심한 흠집그리고 액정 파손.,229020,91608,0.6
린나이 RBR-PF3000,가스레인지,5년 사용했습니다. 생활흔적 있음그리고 화면 금 갔음. 박스 없음.,294960,82588,0.72
SK매직 뉴에코 GRA-851SR,가스레인지,1개월 사용했습니다. 상태 최상하지만 화면 금 갔음. 정품 인증서 포함.,128820,114649,0.11
린나이 RBR-S6201D,가스레인지,거의 사용하지 않음. 상태 보통그리고 액정 파손. 박스 없음.,180000,125999,0.3
린나이 RBR-P3511WD,가스레인지,4년 사용했습니다. 외관 심한 흠집그리고 생활 기스 있음. 추가 액세서리 포함.,241400,113458,0.53
린나이 RBR-P2501D,가스레인지,1개월 사용했습니다. 상태 양호하지만 액정 파손. 충전기 없음.,210750,158062,0.25
SK매직 뉴에코 GRA-910SR,가스레인지,거의 사용하지 않음. 상태 보통이며 고장 없음. 정품 인증서 포함.,171700,154530,0.1
SK매직 GRA-F2NRH,가스레인지,거의 사용하지 않음. 외관 심한 흠집그리고 생활 기스 있음. 추가 액세서리 포함.,116450,95489,0.18
린나이 GTA24SJ,가스레인지,5년 사용했습니다. 사용감 있음그리고 화면 금 갔음. 박스 및 구성품 있음.,133400,40020,0.7
SK매직 뉴에코 GRA-841SR (GRA-841R),가스레인지,거의 사용하지 않음. 상태 최상하지만 배터리 효율 낮음. 충전기 없음.,144000,125280,0.13
린나이 RBR-S3000,가스레인지,5년 사용했습니다. 외관 심한 흠집그리고 액정 파손. 박스 없음.,218950,39411,0.82
하츠 GC-3605SDBH,가스레인지,거의 사용하지 않음. 생활흔적 있음그리고 액정 파손. 충전기 없음.,135000,90449,0.33
린나이 RBR-S3603DIJ,가스레인지,거의 사용하지 않음. 상태 보통그리고 액정 파손. 추가 액세서리 포함.,156710,115965,0.26
SK매직 GRA-B3FDD,가스레인지,4년 사용했습니다. 상태 보통그리고 생활 기스 있음. 박스 없음.,126000,63000,0.5
린나이 RBR-S4000,가스레인지,거의 사용하지 않음. 상태 보통이며 작동 이상 없음. 정품 인증서 포함.,260460,234414,0.1
SK매직 GRA-B3216D,가스레인지,2년 사용했습니다. 외관 심한 흠집그리고 액정 파손. 충전기 없음.,113920,53542,0.53
SK매직 GRA-B322K,가스레인지,거의 사용하지 않음. 사용감 있음이며 고장 없음. 정품 인증서 포함.,174080,156672,0.1
린나이 RBR-P4400,가스레인지,3년 사용했습니다. 외관 심한 흠집그리고 액정 파손.,436700,174680,0.6
린나이 RT-5102,가스레인지,3년 사용했습니다. 상태 최상이며 고장 없음. 충전기 없음.,250380,180273,0.28
린나이 INBS301DJ,가스레인지,1개월 사용했습니다. 외관 심한 흠집이며 고장 없음. 박스 및 구성품 있음.,167350,147268,0.12
SK매직 GRAB221K,가스레인지,3년 사용했습니다. 생활흔적 있음그리고 액정 파손. 박스 없음.,85440,36739,0.57
린나이 RBR-S3307DJ,가스레인지,6개월 사용했습니다. 상태 양호하지만 액정 파손. 정품 인증서 포함.,158790,120680,0.24
린나이 RBR-S3001D,가스레인지,4년 사용했습니다. 사용감 있음이며 고장 없음. 박스 없음.,213600,113208,0.47
린나이 CTA22NJ,가스레인지,1년 사용했습니다. 외관 심한 흠집그리고 배터리 효율 낮음. 추가 액세서리 포함.,138600,99792,0.28
린나이 RT-1620I,가스레인지,1년 사용했습니다. 사용감 있음그리고 생활 기스 있음. 충전기 없음.,189730,146092,0.23
매직쉐프 MMW-W23FDHW,가스레인지,1년 사용했습니다. 외관 심한 흠집이며 고장 없음. 박스 및 구성품 있음.,119960,95968,0.2
린나이 RT-1080IJ,가스레인지,2년 사용했습니다. 외관 심한 흠집그리고 화면 금 갔음. 박스 및 구성품 있음.,128060,70433,0.45
린나이 INCP2032WJ,가스레인지,1년 사용했습니다. 상태 보통그리고 액정 파손. 충전기 없음.,143060,91558,0.36
SK매직 GRA-B3218D,가스레인지,거의 사용하지 않음. 생활흔적 있음이며 작동 이상 없음. 충전기 없음.,147990,128751,0.13
린나이 RT-6520I,가스레인지,1년 사용했습니다. 상태 최상이며 고장 없음. 박스 및 구성품 있음.,188810,169929,0.1
린나이 CPBC611DJ,가스레인지,거의 사용하지 않음. 상태 보통그리고 액정 파손. 정품 인증서 포함.,176080,128538,0.27
SK매직 GRA-BA301D,가스레인지,4년 사용했습니다. 상태 보통그리고 액정 파손.,229020,84737,0.63
린나이 RBR-PF3000,가스레인지,5년 사용했습니다. 상태 보통그리고 화면 금 갔음. 충전기 없음.,294960,85538,0.71
SK매직 뉴에코 GRA-851SR,가스레인지,3년 사용했습니다. 외관 약간 흠집그리고 생활 기스 있음. 박스 및 구성품 있음.,128820,78580,0.39
린나이 RBR-S6201D,가스레인지,4년 사용했습니다. 상태 양호이며 고장 없음. 충전기 없음.,180000,102600,0.43
린나이 RBR-P3511WD,가스레인지,1년 사용했습니다. 외관 심한 흠집이며 고장 없음.,241400,193120,0.2
린나이 RBR-P2501D,가스레인지,거의 사용하지 않음. 사용감 있음이며 작동 이상 없음. 박스 없음.,210750,185460,0.12
SK매직 뉴에코 GRA-910SR,가스레인지,5년 사용했습니다. 생활흔적 있음그리고 생활 기스 있음. 정품 인증서 포함.,171700,70397,0.59
SK매직 GRA-F2NRH,가스레인지,6개월 사용했습니다. 상태 보통이며 작동 이상 없음. 추가 액세서리 포함.,116450,104805,0.1
린나이 GTA24SJ,가스레인지,1년 사용했습니다. 생활흔적 있음이며 고장 없음. 충전기 없음.,133400,109388,0.18
SK매직 뉴에코 GRA-841SR (GRA-841R),가스레인지,거의 사용하지 않음. 상태 최상하지만 액정 파손. 정품 인증서 포함.,144000,116640,0.19
린나이 RBR-S3000,가스레인지,거의 사용하지 않음. 상태 최상하지만 화면 금 갔음. 박스 없음.,218950,181728,0.17
하츠 GC-3605SDBH,가스레인지,6개월 사용했습니다. 사용감 있음이며 고장 없음. 정품 인증서 포함.,135000,121500,0.1
린나이 RBR-S3603DIJ,가스레인지,6개월 사용했습니다. 상태 최상하지만 배터리 효율 낮음. 박스 및 구성품 있음.,156710,141039,0.1
SK매직 GRA-B3FDD,가스레인지,6개월 사용했습니다. 외관 약간 흠집그리고 액정 파손. 박스 없음.,126000,86940,0.31
린나이 RBR-S4000,가스레인지,1년 사용했습니다. 외관 약간 흠집그리고 액정 파손. 추가 액세서리 포함.,260460,177112,0.32
SK매직 GRA-B3216D,가스레인지,2년 사용했습니다. 외관 약간 흠집이며 고장 없음.,113920,86579,0.24
SK매직 GRA-B322K,가스레인지,1개월 사용했습니다. 외관 약간 흠집이며 고장 없음. 정품 인증서 포함.,174080,156672,0.1
린나이 RBR-P4400,가스레인지,1년 사용했습니다. 외관 심한 흠집그리고 생활 기스 있음. 박스 및 구성품 있음.,436700,327525,0.25
린나이 RT-5102,가스레인지,6개월 사용했습니다. 상태 보통그리고 화면 금 갔음. 충전기 없음.,250380,185281,0.26
린나이 INBS301DJ,가스레인지,6개월 사용했습니다. 상태 양호이며 고장 없음. 박스 및 구성품 있음.,167350,150615,0.1
SK매직 GRAB221K,가스레인지,4년 사용했습니다. 상태 보통이며 작동 이상 없음. 박스 없음.,85440,46992,0.45
린나이 RBR-S3307DJ,가스레인지,거의 사용하지 않음. 생활흔적 있음그리고 배터리 효율 낮음. 박스 및 구성품 있음.,158790,127032,0.2
린나이 RBR-S3001D,가스레인지,거의 사용하지 않음. 외관 약간 흠집그리고 생활 기스 있음. 정품 인증서 포함.,213600,185832,0.13
린나이 CTA22NJ,가스레인지,2년 사용했습니다. 상태 최상이며 작동 이상 없음.,138600,117810,0.15
린나이 RT-1620I,가스레인지,5년 사용했습니다. 외관 약간 흠집그리고 화면 금 갔음. 추가 액세서리 포함.,189730,62610,0.67
매직쉐프 MMW-W23FDHW,가스레인지,4년 사용했습니다. 외관 심한 흠집그리고 화면 금 갔음. 박스 및 구성품 있음.,119960,41986,0.65
린나이 RT-1080IJ,가스레인지,3년 사용했습니다. 생활흔적 있음그리고 배터리 효율 낮음. 박스 없음.,128060,67871,0.47
린나이 INCP2032WJ,가스레인지,2년 사용했습니다. 상태 양호하지만 액정 파손.,143060,85836,0.4
SK매직 GRA-B3218D,가스레인지,3년 사용했습니다. 상태 최상하지만 액정 파손. 추가 액세서리 포함.,147990,84354,0.43
린나이 RT-6520I,가스레인지,4년 사용했습니다. 외관 심한 흠집그리고 액정 파손. 박스 없음.,188810,52866,0.72
린나이 CPBC611DJ,가스레인지,2년 사용했습니다. 외관 약간 흠집이며 작동 이상 없음. 추가 액세서리 포함.,176080,137342,0.22
SK매직 GRA-BA301D,가스레인지,6개월 사용했습니다. 외관 심한 흠집그리고 생활 기스 있음. 박스 없음.,229020,178635,0.22
린나이 RBR-PF3000,가스레인지,1년 사용했습니다. 외관 심한 흠집그리고 배터리 효율 낮음. 박스 및 구성품 있음.,294960,206472,0.3
SK매직 뉴에코 GRA-851SR,가스레인지,1개월 사용했습니다. 사용감 있음그리고 화면 금 갔음. 박스 및 구성품 있음.,128820,100479,0.22
린나이 RBR-S6201D,가스레인지,2년 사용했습니다. 상태 최상이며 고장 없음. 정품 인증서 포함.,180000,154800,0.14
린나이 RBR-P3511WD,가스레인지,5년 사용했습니다. 외관 약간 흠집그리고 배터리 효율 낮음.,241400,86904,0.64
린나이 RBR-P2501D,가스레인지,4년 사용했습니다. 상태 양호하지만 생활 기스 있음. 박스 및 구성품 있음.,210750,115912,0.45
SK매직 뉴에코 GRA-910SR,가스레인지,6개월 사용했습니다. 상태 최상하지만 배터리 효율 낮음. 충전기 없음.,171700,149379,0.13
SK매직 GRA-F2NRH,가스레인지,3년 사용했습니다. 상태 보통이며 작동 이상 없음. 추가 액세서리 포함.,116450,80350,0.31
린나이 GTA24SJ,가스레인지,1년 사용했습니다. 외관 약간 흠집그리고 생활 기스 있음.,133400,108054,0.19
SK매직 뉴에코 GRA-841SR (GRA-841R),가스레인지,3년 사용했습니다. 상태 최상하지만 생활 기스 있음. 충전기 없음.,144000,96479,0.33
린나이 RBR-S3000,가스레인지,5년 사용했습니다. 외관 심한 흠집이며 고장 없음. 박스 없음.,218950,83201,0.62
하츠 GC-3605SDBH,가스레인지,2년 사용했습니다. 상태 보통그리고 액정 파손. 추가 액세서리 포함.,135000,79650,0.41
린나이 RBR-S3603DIJ,가스레인지,2년 사용했습니다. 상태 최상하지만 생활 기스 있음. 추가 액세서리 포함.,156710,128502,0.18
SK매직 GRA-B3FDD,가스레인지,1개월 사용했습니다. 상태 보통이며 고장 없음. 추가 액세서리 포함.,126000,113400,0.1
린나이 RBR-S4000,가스레인지,1개월 사용했습니다. 외관 심한 흠집그리고 배터리 효율 낮음.,260460,203158,0.22
SK매직 GRA-B3216D,가스레인지,거의 사용하지 않음. 사용감 있음그리고 화면 금 갔음. 충전기 없음.,113920,82022,0.28
SK매직 GRA-B322K,가스레인지,2년 사용했습니다. 상태 양호하지만 화면 금 갔음. 정품 인증서 포함.,174080,114892,0.34
린나이 RBR-P4400,가스레인지,2년 사용했습니다. 상태 양호하지만 생활 기스 있음.,436700,327525,0.25
린나이 RT-5102,가스레인지,3년 사용했습니다. 상태 양호하지만 액정 파손.,250380,125190,0.5
린나이 INBS301DJ,가스레인지,1년 사용했습니다. 외관 약간 흠집이며 작동 이상 없음.,167350,143921,0.14
SK매직 GRAB221K,가스레인지,거의 사용하지 않음. 사용감 있음그리고 생활 기스 있음. 박스 없음.,85440,70915,0.17
린나이 RBR-S3307DJ,가스레인지,3년 사용했습니다. 외관 심한 흠집이며 작동 이상 없음. 박스 및 구성품 있음.,158790,95274,0.4
린나이 RBR-S3001D,가스레인지,4년 사용했습니다. 외관 약간 흠집이며 작동 이상 없음. 박스 없음.,213600,115344,0.46
린나이 CTA22NJ,가스레인지,2년 사용했습니다. 외관 약간 흠집그리고 액정 파손. 박스 및 구성품 있음.,138600,77616,0.44
린나이 RT-1620I,가스레인지,1개월 사용했습니다. 외관 심한 흠집그리고 화면 금 갔음. 충전기 없음.,189730,132811,0.3
매직쉐프 MMW-W23FDHW,가스레인지,1년 사용했습니다. 생활흔적 있음이며 작동 이상 없음. 추가 액세서리 포함.,119960,104365,0.13
린나이 RT-1080IJ,가스레인지,거의 사용하지 않음. 상태 양호이며 고장 없음. 박스 없음.,128060,115254,0.1
린나이 INCP2032WJ,가스레인지,2년 사용했습니다. 사용감 있음그리고 생활 기스 있음. 정품 인증서 포함.,143060,101572,0.29
SK매직 GRA-B3218D,가스레인지,거의 사용하지 않음. 사용감 있음그리고 액정 파손.,147990,103593,0.3
린나이 RT-6520I,가스레인지,6개월 사용했습니다. 사용감 있음그리고 액정 파손.,188810,132167,0.3
린나이 CPBC611DJ,가스레인지,4년 사용했습니다. 상태 양호하지만 화면 금 갔음. 추가 액세서리 포함.,176080,82757,0.53
SK매직 GRA-BA301D,가스레인지,5년 사용했습니다. 사용감 있음그리고 배터리 효율 낮음. 박스 및 구성품 있음.,229020,80157,0.65
린나이 RBR-PF3000,가스레인지,2년 사용했습니다. 상태 양호하지만 생활 기스 있음. 정품 인증서 포함.,294960,224169,0.24
SK매직 뉴에코 GRA-851SR,가스레인지,6개월 사용했습니다. 상태 보통그리고 화면 금 갔음. 추가 액세서리 포함.,128820,101767,0.21
린나이 RBR-S6201D,가스레인지,5년 사용했습니다. 상태 양호하지만 화면 금 갔음. 정품 인증서 포함.,180000,64800,0.64
린나이 RBR-P3511WD,가스레인지,4년 사용했습니다. 생활흔적 있음그리고 생활 기스 있음. 박스 및 구성품 있음.,241400,120700,0.5
린나이 RBR-P2501D,가스레인지,2년 사용했습니다. 상태 양호하지만 액정 파손. 충전기 없음.,210750,120127,0.43
SK매직 뉴에코 GRA-910SR,가스레인지,4년 사용했습니다. 외관 심한 흠집그리고 화면 금 갔음.,171700,60094,0.65
SK매직 GRA-F2NRH,가스레인지,거의 사용하지 않음. 상태 양호이며 작동 이상 없음.,116450,104805,0.1
린나이 GTA24SJ,가스레인지,1개월 사용했습니다. 상태 양호하지만 화면 금 갔음.,133400,110722,0.17
SK매직 뉴에코 GRA-841SR (GRA-841R),가스레인지,거의 사용하지 않음. 외관 약간 흠집그리고 액정 파손.,144000,102240,0.29
린나이 RBR-S3000,가스레인지,거의 사용하지 않음. 외관 심한 흠집그리고 액정 파손. 정품 인증서 포함.,218950,144506,0.34
하츠 GC-3605SDBH,가스레인지,1년 사용했습니다. 외관 심한 흠집이며 고장 없음. 충전기 없음.,135000,103950,0.23
린나이 RBR-S3603DIJ,가스레인지,2년 사용했습니다. 상태 보통그리고 생활 기스 있음. 박스 없음.,156710,109697,0.3
SK매직 GRA-B3FDD,가스레인지,1년 사용했습니다. 생활흔적 있음그리고 화면 금 갔음. 박스 없음.,126000,85679,0.32
린나이 RBR-S4000,가스레인지,6개월 사용했습니다. 외관 심한 흠집그리고 액정 파손.,260460,169299,0.35
SK매직 GRA-B3216D,가스레인지,6개월 사용했습니다. 외관 심한 흠집그리고 생활 기스 있음. 충전기 없음.,113920,87718,0.23
SK매직 GRA-B322K,가스레인지,1개월 사용했습니다. 상태 최상이며 작동 이상 없음. 정품 인증서 포함.,174080,156672,0.1
린나이 RBR-P4400,가스레인지,4년 사용했습니다. 상태 보통그리고 배터리 효율 낮음. 추가 액세서리 포함.,436700,213983,0.51
린나이 RT-5102,가스레인지,5년 사용했습니다. 상태 보통그리고 액정 파손. 충전기 없음.,250380,60091,0.76
린나이 INBS301DJ,가스레인지,1년 사용했습니다. 생활흔적 있음그리고 배터리 효율 낮음. 추가 액세서리 포함.,167350,128859,0.23
SK매직 GRAB221K,가스레인지,1개월 사용했습니다. 외관 심한 흠집그리고 화면 금 갔음. 추가 액세서리 포함.,85440,64080,0.25
린나이 RBR-S3307DJ,가스레인지,거의 사용하지 않음. 생활흔적 있음이며 작동 이상 없음. 박스 없음.,158790,139735,0.12
린나이 RBR-S3001D,가스레인지,5년 사용했습니다. 상태 보통그리고 화면 금 갔음. 박스 및 구성품 있음.,213600,68351,0.68
린나이 CTA22NJ,가스레인지,6개월 사용했습니다. 상태 보통이며 고장 없음.,138600,124740,0.1
린나이 RT-1620I,가스레인지,6개월 사용했습니다. 생활흔적 있음그리고 액정 파손.,189730,132811,0.3
매직쉐프 MMW-W23FDHW,가스레인지,5년 사용했습니다. 외관 약간 흠집그리고 화면 금 갔음. 추가 액세서리 포함.,119960,39586,0.67
린나이 RT-1080IJ,가스레인지,6개월 사용했습니다. 상태 양호하지만 배터리 효율 낮음.,128060,108851,0.15
린나이 INCP2032WJ,가스레인지,2년 사용했습니다. 외관 심한 흠집그리고 배터리 효율 낮음. 박스 및 구성품 있음.,143060,85836,0.4
SK매직 GRA-B3218D,가스레인지,1개월 사용했습니다. 사용감 있음이며 고장 없음. 충전기 없음.,147990,133191,0.1
린나이 RT-6520I,가스레인지,2년 사용했습니다. 상태 보통그리고 배터리 효율 낮음.,188810,126502,0.33
린나이 CPBC611DJ,가스레인지,2년 사용했습니다. 사용감 있음그리고 화면 금 갔음. 박스 및 구성품 있음.,176080,105648,0.4
SK매직 GRA-BA301D,가스레인지,거의 사용하지 않음. 상태 양호하지만 액정 파손. 박스 및 구성품 있음.,229020,171765,0.25
린나이 RBR-PF3000,가스레인지,2년 사용했습니다. 상태 양호하지만 화면 금 갔음. 정품 인증서 포함.,294960,194673,0.34
SK매직 뉴에코 GRA-851SR,가스레인지,2년 사용했습니다. 외관 심한 흠집이며 작동 이상 없음. 추가 액세서리 포함.,128820,92750,0.28
린나이 RBR-S6201D,가스레인지,2년 사용했습니다. 상태 양호하지만 액정 파손. 충전기 없음.,180000,102600,0.43
린나이 RBR-P3511WD,가스레인지,거의 사용하지 않음. 상태 양호하지만 생활 기스 있음. 충전기 없음.,241400,210018,0.13
린나이 RBR-P2501D,가스레인지,3년 사용했습니다. 상태 양호하지만 화면 금 갔음. 충전기 없음.,210750,109590,0.48
SK매직 뉴에코 GRA-910SR,가스레인지,4년 사용했습니다. 상태 최상하지만 액정 파손.,171700,77264,0.55
SK매직 GRA-F2NRH,가스레인지,2년 사용했습니다. 생활흔적 있음이며 고장 없음. 정품 인증서 포함.,116450,88502,0.24
린나이 GTA24SJ,가스레인지,2년 사용했습니다. 상태 최상하지만 화면 금 갔음. 충전기 없음.,133400,89377,0.33
SK매직 뉴에코 GRA-841SR (GRA-841R),가스레인지,4년 사용했습니다. 상태 양호하지만 생활 기스 있음. 정품 인증서 포함.,144000,80640,0.44
린나이 RBR-S3000,가스레인지,2년 사용했습니다. 상태 양호이며 고장 없음.,218950,175160,0.2
하츠 GC-3605SDBH,가스레인지,1개월 사용했습니다. 외관 심한 흠집그리고 배터리 효율 낮음. 박스 및 구성품 있음.,135000,105300,0.22
린나이 RBR-S3603DIJ,가스레인지,6개월 사용했습니다. 사용감 있음그리고 액정 파손. 정품 인증서 포함.,156710,111264,0.29
SK매직 GRA-B3FDD,가스레인지,1년 사용했습니다. 상태 양호이며 고장 없음. 추가 액세서리 포함.,126000,113400,0.1
린나이 RBR-S4000,가스레인지,1년 사용했습니다. 외관 심한 흠집이며 작동 이상 없음. 추가 액세서리 포함.,260460,213577,0.18
SK매직 GRA-B3216D,가스레인지,1년 사용했습니다. 상태 최상하지만 생활 기스 있음. 박스 없음.,113920,100249,0.12
SK매직 GRA-B322K,가스레인지,4년 사용했습니다. 사용감 있음이며 고장 없음. 충전기 없음.,174080,90521,0.48
린나이 RBR-P4400,가스레인지,1개월 사용했습니다. 상태 보통그리고 화면 금 갔음. 추가 액세서리 포함.,436700,358094,0.18
린나이 RT-5102,가스레인지,1년 사용했습니다. 상태 최상이며 고장 없음.,250380,225342,0.1
린나이 INBS301DJ,가스레인지,1개월 사용했습니다. 외관 심한 흠집그리고 화면 금 갔음. 박스 없음.,167350,118818,0.29
SK매직 GRAB221K,가스레인지,2년 사용했습니다. 외관 심한 흠집그리고 생활 기스 있음. 충전기 없음.,85440,52972,0.38
린나이 RBR-S3307DJ,가스레인지,5년 사용했습니다. 외관 심한 흠집그리고 생활 기스 있음.,158790,55576,0.65
린나이 RBR-S3001D,가스레인지,1년 사용했습니다. 상태 양호하지만 생활 기스 있음. 추가 액세서리 포함.,213600,185832,0.13
린나이 CTA22NJ,가스레인지,3년 사용했습니다. 상태 보통그리고 화면 금 갔음. 박스 및 구성품 있음.,138600,72072,0.48
린나이 RT-1620I,가스레인지,거의 사용하지 않음. 상태 양호하지만 생활 기스 있음. 충전기 없음.,189730,165065,0.13
매직쉐프 MMW-W23FDHW,가스레인지,1개월 사용했습니다. 상태 최상하지만 액정 파손.,119960,99566,0.17
린나이 RT-1080IJ,가스레인지,4년 사용했습니다. 외관 심한 흠집그리고 화면 금 갔음. 박스 없음.,128060,42259,0.67
린나이 INCP2032WJ,가스레인지,3년 사용했습니다. 상태 최상하지만 생활 기스 있음. 추가 액세서리 포함.,143060,103003,0.28
SK매직 GRA-B3218D,가스레인지,1개월 사용했습니다. 상태 양호하지만 화면 금 갔음. 박스 없음.,147990,119871,0.19
린나이 RT-6520I,가스레인지,거의 사용하지 않음. 사용감 있음그리고 생활 기스 있음. 충전기 없음.,188810,154824,0.18
린나이 CPBC611DJ,가스레인지,3년 사용했습니다. 상태 보통그리고 배터리 효율 낮음. 정품 인증서 포함.,176080,102126,0.42
SK매직 GRA-BA301D,가스레인지,3년 사용했습니다. 상태 보통그리고 생활 기스 있음. 충전기 없음.,229020,135121,0.41
린나이 RBR-PF3000,가스레인지,4년 사용했습니다. 외관 약간 흠집그리고 액정 파손.,294960,106185,0.64
SK매직 뉴에코 GRA-851SR,가스레인지,1년 사용했습니다. 생활흔적 있음이며 고장 없음. 충전기 없음.,128820,105632,0.18
린나이 RBR-S6201D,가스레인지,5년 사용했습니다. 사용감 있음그리고 배터리 효율 낮음. 박스 없음.,180000,59399,0.67
린나이 RBR-P3511WD,가스레인지,1개월 사용했습니다. 상태 최상하지만 액정 파손. 추가 액세서리 포함.,241400,205190,0.15
린나이 RBR-P2501D,가스레인지,2년 사용했습니다. 상태 양호하지만 화면 금 갔음. 추가 액세서리 포함.,210750,141202,0.33
SK매직 뉴에코 GRA-910SR,가스레인지,1년 사용했습니다. 외관 약간 흠집이며 고장 없음. 정품 인증서 포함.,171700,149379,0.13
SK매직 GRA-F2NRH,가스레인지,4년 사용했습니다. 사용감 있음그리고 생활 기스 있음. 충전기 없음.,116450,54731,0.53
린나이 GTA24SJ,가스레인지,5년 사용했습니다. 상태 보통이며 고장 없음. 박스 및 구성품 있음.,133400,62698,0.53
SK매직 뉴에코 GRA-841SR (GRA-841R),가스레인지,1년 사용했습니다. 외관 약간 흠집이며 고장 없음. 박스 없음.,144000,120960,0.16
린나이 RBR-S3000,가스레인지,6개월 사용했습니다. 생활흔적 있음그리고 화면 금 갔음. 박스 및 구성품 있음.,218950,164212,0.25
하츠 GC-3605SDBH,가스레인지,2년 사용했습니다. 상태 최상이며 작동 이상 없음.,135000,114750,0.15
린나이 RBR-S3603DIJ,가스레인지,5년 사용했습니다. 상태 양호하지만 액정 파손.,156710,47013,0.7
SK매직 GRA-B3FDD,가스레인지,거의 사용하지 않음. 외관 심한 흠집이며 작동 이상 없음. 정품 인증서 포함.,126000,108360,0.14
린나이 RBR-S4000,가스레인지,4년 사용했습니다. 상태 최상하지만 화면 금 갔음.,260460,130230,0.5
SK매직 GRA-B3216D,가스레인지,6개월 사용했습니다. 상태 보통이며 고장 없음. 정품 인증서 포함.,113920,102528,0.1
SK매직 GRA-B322K,가스레인지,6개월 사용했습니다. 상태 최상이며 작동 이상 없음. 박스 없음.,174080,156672,0.1
린나이 RBR-P4400,가스레인지,2년 사용했습니다. 상태 최상하지만 액정 파손. 박스 없음.,436700,275121,0.37
린나이 RT-5102,가스레인지,3년 사용했습니다. 상태 양호이며 작동 이상 없음. 박스 및 구성품 있음.,250380,175266,0.3
린나이 INBS301DJ,가스레인지,거의 사용하지 않음. 상태 양호이며 작동 이상 없음.,167350,150615,0.1
SK매직 GRAB221K,가스레인지,2년 사용했습니다. 상태 최상하지만 배터리 효율 낮음. 정품 인증서 포함.,85440,64934,0.24
린나이 RBR-S3307DJ,가스레인지,6개월 사용했습니다. 사용감 있음그리고 액정 파손.,158790,111153,0.3
린나이 RBR-S3001D,가스레인지,1개월 사용했습니다. 상태 양호하지만 배터리 효율 낮음. 정품 인증서 포함.,213600,190104,0.11
린나이 CTA22NJ,가스레인지,6개월 사용했습니다. 상태 최상이며 고장 없음. 정품 인증서 포함.,138600,124740,0.1
린나이 RT-1620I,가스레인지,1개월 사용했습니다. 상태 최상하지만 액정 파손. 추가 액세서리 포함.,189730,161270,0.15
매직쉐프 MMW-W23FDHW,가스레인지,1년 사용했습니다. 외관 약간 흠집이며 작동 이상 없음.,119960,103165,0.14
린나이 RT-1080IJ,가스레인지,4년 사용했습니다. 상태 양호이며 고장 없음. 박스 없음.,128060,74274,0.42
린나이 INCP2032WJ,가스레인지,3년 사용했습니다. 외관 약간 흠집그리고 화면 금 갔음.,143060,72960,0.49
SK매직 GRA-B3218D,가스레인지,1개월 사용했습니다. 상태 양호이며 작동 이상 없음. 충전기 없음.,147990,133191,0.1
린나이 RT-6520I,가스레인지,6개월 사용했습니다. 상태 양호하지만 생활 기스 있음. 박스 및 구성품 있음.,188810,169929,0.1
린나이 CPBC611DJ,가스레인지,5년 사용했습니다. 사용감 있음그리고 생활 기스 있음. 박스 없음.,176080,66910,0.62
SK매직 GRA-BA301D,가스레인지,2년 사용했습니다. 상태 최상하지만 화면 금 갔음.,229020,160314,0.3
린나이 RBR-PF3000,가스레인지,거의 사용하지 않음. 상태 최상이며 고장 없음. 정품 인증서 포함.,294960,265464,0.1
SK매직 뉴에코 GRA-851SR,가스레인지,6개월 사용했습니다. 외관 약간 흠집그리고 생활 기스 있음. 박스 없음.,128820,108208,0.16
린나이 RBR-S6201D,가스레인지,6개월 사용했습니다. 상태 양호하지만 생활 기스 있음. 박스 없음.,180000,158400,0.12
린나이 RBR-P3511WD,가스레인지,1년 사용했습니다. 외관 약간 흠집그리고 배터리 효율 낮음. 박스 및 구성품 있음.,241400,183464,0.24
린나이 RBR-P2501D,가스레인지,5년 사용했습니다. 외관 심한 흠집그리고 배터리 효율 낮음. 박스 및 구성품 있음.,210750,63225,0.7
SK매직 뉴에코 GRA-910SR,가스레인지,1년 사용했습니다. 상태 양호이며 고장 없음.,171700,154530,0.1
SK매직 GRA-F2NRH,가스레인지,1개월 사용했습니다. 생활흔적 있음그리고 화면 금 갔음. 정품 인증서 포함.,116450,91995,0.21
린나이 GTA24SJ,가스레인지,1개월 사용했습니다. 외관 약간 흠집그리고 화면 금 갔음.,133400,105386,0.21
SK매직 뉴에코 GRA-841SR (GRA-841R),가스레인지,4년 사용했습니다. 사용감 있음그리고 액정 파손.,144000,50400,0.65
린나이 RBR-S3000,가스레인지,5년 사용했습니다. 생활흔적 있음그리고 생활 기스 있음. 충전기 없음.,218950,81011,0.63
하츠 GC-3605SDBH,가스레인지,6개월 사용했습니다. 사용감 있음이며 작동 이상 없음. 추가 액세서리 포함.,135000,121500,0.1
린나이 RBR-S3603DIJ,가스레인지,1년 사용했습니다. 외관 심한 흠집이며 고장 없음. 박스 없음.,156710,122233,0.22
SK매직 GRA-B3FDD,가스레인지,4년 사용했습니다. 외관 약간 흠집그리고 배터리 효율 낮음. 추가 액세서리 포함.,126000,60480,0.52
린나이 RBR-S4000,가스레인지,3년 사용했습니다. 상태 양호하지만 생활 기스 있음. 박스 및 구성품 있음.,260460,169299,0.35
SK매직 GRA-B3216D,가스레인지,거의 사용하지 않음. 상태 최상하지만 배터리 효율 낮음. 추가 액세서리 포함.,113920,102528,0.1
SK매직 GRA-B322K,가스레인지,2년 사용했습니다. 사용감 있음그리고 생활 기스 있음.,174080,121855,0.3
린나이 RBR-P4400,가스레인지,3년 사용했습니다. 외관 심한 흠집그리고 배터리 효율 낮음. 박스 및 구성품 있음.,436700,218350,0.5
린나이 RT-5102,가스레인지,1개월 사용했습니다. 상태 양호하지만 생활 기스 있음. 추가 액세서리 포함.,250380,225342,0.1
린나이 INBS301DJ,가스레인지,6개월 사용했습니다. 사용감 있음그리고 액정 파손. 박스 없음.,167350,113797,0.32
SK매직 GRAB221K,가스레인지,3년 사용했습니다. 생활흔적 있음그리고 액정 파손. 추가 액세서리 포함.,85440,40156,0.53
린나이 RBR-S3307DJ,가스레인지,1년 사용했습니다. 생활흔적 있음그리고 화면 금 갔음. 박스 없음.,158790,107977,0.32
린나이 RBR-S3001D,가스레인지,6개월 사용했습니다. 외관 심한 흠집이며 고장 없음. 정품 인증서 포함.,213600,183696,0.14
린나이 CTA22NJ,가스레인지,1년 사용했습니다. 외관 약간 흠집그리고 화면 금 갔음. 추가 액세서리 포함.,138600,101178,0.27
린나이 RT-1620I,가스레인지,4년 사용했습니다. 외관 약간 흠집그리고 배터리 효율 낮음. 박스 및 구성품 있음.,189730,87275,0.54
매직쉐프 MMW-W23FDHW,가스레인지,2년 사용했습니다. 상태 보통그리고 생활 기스 있음. 추가 액세서리 포함.,119960,88770,0.26
린나이 RT-1080IJ,가스레인지,5년 사용했습니다. 상태 최상이며 작동 이상 없음. 충전기 없음.,128060,66591,0.48
린나이 INCP2032WJ,가스레인지,4년 사용했습니다. 생활흔적 있음그리고 배터리 효율 낮음. 정품 인증서 포함.,143060,65807,0.54
SK매직 GRA-B3218D,가스레인지,1년 사용했습니다. 사용감 있음그리고 생활 기스 있음. 박스 없음.,147990,115432,0.22
린나이 RT-6520I,가스레인지,4년 사용했습니다. 외관 약간 흠집이며 작동 이상 없음. 박스 및 구성품 있음.,188810,105733,0.44
린나이 CPBC611DJ,가스레인지,거의 사용하지 않음. 상태 양호이며 작동 이상 없음. 충전기 없음.,176080,158472,0.1
SK매직 GRA-BA301D,가스레인지,3년 사용했습니다. 외관 약간 흠집그리고 액정 파손. 충전기 없음.,229020,98478,0.57
린나이 RBR-PF3000,가스레인지,1년 사용했습니다. 상태 보통이며 고장 없음. 박스 및 구성품 있음.,294960,256615,0.13
SK매직 뉴에코 GRA-851SR,가스레인지,1개월 사용했습니다. 외관 심한 흠집그리고 화면 금 갔음.,128820,94038,0.27
린나이 RBR-S6201D,가스레인지,5년 사용했습니다. 상태 최상하지만 배터리 효율 낮음. 정품 인증서 포함.,180000,82800,0.54
린나이 RBR-P3511WD,가스레인지,2년 사용했습니다. 생활흔적 있음그리고 생활 기스 있음. 박스 및 구성품 있음.,241400,168980,0.3
린나이 RBR-P2501D,가스레인지,4년 사용했습니다. 상태 보통그리고 배터리 효율 낮음. 박스 없음.,210750,94837,0.55
SK매직 뉴에코 GRA-910SR,가스레인지,4년 사용했습니다. 생활흔적 있음이며 고장 없음. 정품 인증서 포함.,171700,96152,0.44
SK매직 GRA-F2NRH,가스레인지,3년 사용했습니다. 생활흔적 있음그리고 화면 금 갔음.,116450,58225,0.5
린나이 GTA24SJ,가스레인지,3년 사용했습니다. 상태 양호이며 고장 없음. 박스 및 구성품 있음.,133400,93380,0.3
SK매직 뉴에코 GRA-841SR (GRA-841R),가스레인지,4년 사용했습니다. 외관 약간 흠집그리고 생활 기스 있음. 박스 및 구성품 있음.,144000,73440,0.49
린나이 RBR-S3000,가스레인지,4년 사용했습니다. 외관 약간 흠집그리고 화면 금 갔음. 충전기 없음.,218950,83201,0.62
하츠 GC-3605SDBH,가스레인지,1개월 사용했습니다. 상태 양호하지만 생활 기스 있음.,135000,121500,0.1
린나이 RBR-S3603DIJ,가스레인지,3년 사용했습니다. 생활흔적 있음그리고 액정 파손.,156710,70519,0.55
SK매직 GRA-B3FDD,가스레인지,3년 사용했습니다. 외관 약간 흠집이며 작동 이상 없음. 박스 없음.,126000,80640,0.36
린나이 RBR-S4000,가스레인지,1개월 사용했습니다. 외관 심한 흠집이며 작동 이상 없음. 충전기 없음.,260460,221391,0.15
SK매직 GRA-B3216D,가스레인지,6개월 사용했습니다. 생활흔적 있음그리고 배터리 효율 낮음. 추가 액세서리 포함.,113920,93414,0.18
SK매직 GRA-B322K,가스레인지,4년 사용했습니다. 상태 보통그리고 화면 금 갔음. 정품 인증서 포함.,174080,74854,0.57
린나이 RBR-P4400,가스레인지,5년 사용했습니다. 상태 보통그리고 화면 금 갔음. 박스 없음.,436700,131010,0.7
린나이 RT-5102,가스레인지,1개월 사용했습니다. 상태 보통그리고 액정 파손. 박스 및 구성품 있음.,250380,187785,0.25
린나이 INBS301DJ,가스레인지,1개월 사용했습니다. 상태 보통그리고 액정 파손. 추가 액세서리 포함.,167350,128859,0.23
SK매직 GRAB221K,가스레인지,4년 사용했습니다. 상태 최상하지만 생활 기스 있음. 정품 인증서 포함.,85440,52118,0.39
린나이 RBR-S3307DJ,가스레인지,1개월 사용했습니다. 사용감 있음그리고 화면 금 갔음. 박스 없음.,158790,120680,0.24
린나이 RBR-S3001D,가스레인지,4년 사용했습니다. 생활흔적 있음이며 작동 이상 없음. 박스 및 구성품 있음.,213600,117480,0.45
린나이 CTA22NJ,가스레인지,3년 사용했습니다. 외관 약간 흠집그리고 생활 기스 있음. 정품 인증서 포함.,138600,85932,0.38
린나이 RT-1620I,가스레인지,거의 사용하지 않음. 상태 양호하지만 생활 기스 있음. 충전기 없음.,189730,165065,0.13
매직쉐프 MMW-W23FDHW,가스레인지,1년 사용했습니다. 생활흔적 있음그리고 액정 파손. 박스 없음.,119960,75574,0.37
린나이 RT-1080IJ,가스레인지,5년 사용했습니다. 상태 최상이며 고장 없음.,128060,70433,0.45
린나이 INCP2032WJ,가스레인지,거의 사용하지 않음. 상태 양호하지만 화면 금 갔음. 박스 및 구성품 있음.,143060,114448,0.2
SK매직 GRA-B3218D,가스레인지,거의 사용하지 않음. 외관 심한 흠집그리고 액정 파손. 정품 인증서 포함.,147990,97673,0.34
린나이 RT-6520I,가스레인지,5년 사용했습니다. 외관 약간 흠집그리고 액정 파손. 정품 인증서 포함.,188810,50978,0.73
린나이 CPBC611DJ,가스레인지,4년 사용했습니다. 상태 최상하지만 액정 파손.,176080,79235,0.55
SK매직 GRA-BA301D,가스레인지,거의 사용하지 않음. 외관 심한 흠집그리고 화면 금 갔음. 추가 액세서리 포함.,229020,164894,0.28
린나이 RBR-PF3000,가스레인지,6개월 사용했습니다. 상태 보통이며 작동 이상 없음. 박스 없음.,294960,265464,0.1
SK매직 뉴에코 GRA-851SR,가스레인지,5년 사용했습니다. 외관 약간 흠집그리고 배터리 효율 낮음. 추가 액세서리 포함.,128820,48951,0.62
린나이 RBR-S6201D,가스레인지,1년 사용했습니다. 상태 양호하지만 액정 파손. 박스 및 구성품 있음.,180000,125999,0.3
린나이 RBR-P3511WD,가스레인지,2년 사용했습니다. 외관 심한 흠집이며 작동 이상 없음. 박스 없음.,241400,164151,0.32
린나이 RBR-P2501D,가스레인지,거의 사용하지 않음. 사용감 있음그리고 생활 기스 있음. 추가 액세서리 포함.,210750,183352,0.13
SK매직 뉴에코 GRA-910SR,가스레인지,2년 사용했습니다. 상태 양호하지만 화면 금 갔음. 박스 없음.,171700,108171,0.37
SK매직 GRA-F2NRH,가스레인지,2년 사용했습니다. 상태 보통이며 고장 없음.,116450,89666,0.23
린나이 GTA24SJ,가스레인지,2년 사용했습니다. 외관 심한 흠집그리고 화면 금 갔음. 정품 인증서 포함.,133400,74704,0.44
SK매직 뉴에코 GRA-841SR (GRA-841R),가스레인지,2년 사용했습니다. 생활흔적 있음그리고 액정 파손.,144000,79200,0.45
린나이 RBR-S3000,가스레인지,3년 사용했습니다. 외관 심한 흠집이며 작동 이상 없음. 충전기 없음.,218950,124801,0.43
하츠 GC-3605SDBH,가스레인지,거의 사용하지 않음. 상태 보통그리고 생활 기스 있음. 박스 없음.,135000,114750,0.15
린나이 RBR-S3603DIJ,가스레인지,거의 사용하지 않음. 외관 심한 흠집그리고 생활 기스 있음. 충전기 없음.,156710,120666,0.23
SK매직 GRA-B3FDD,가스레인지,2년 사용했습니다. 생활흔적 있음이며 작동 이상 없음. 정품 인증서 포함.,126000,95760,0.24
린나이 RBR-S4000,가스레인지,2년 사용했습니다. 상태 양호이며 고장 없음. 정품 인증서 포함.,260460,210972,0.19
SK매직 GRA-B3216D,가스레인지,2년 사용했습니다. 상태 보통그리고 화면 금 갔음. 박스 없음.,113920,68352,0.4
SK매직 GRA-B322K,가스레인지,4년 사용했습니다. 사용감 있음그리고 배터리 효율 낮음. 추가 액세서리 포함.,174080,81817,0.53
린나이 RBR-P4400,가스레인지,3년 사용했습니다. 외관 약간 흠집그리고 생활 기스 있음. 추가 액세서리 포함.,436700,275121,0.37
린나이 RT-5102,가스레인지,3년 사용했습니다. 생활흔적 있음그리고 화면 금 갔음. 박스 및 구성품 있음.,250380,125190,0.5
린나이 INBS301DJ,가스레인지,거의 사용하지 않음. 사용감 있음그리고 화면 금 갔음. 정품 인증서 포함.,167350,127186,0.24
SK매직 GRAB221K,가스레인지,거의 사용하지 않음. 외관 약간 흠집그리고 생활 기스 있음. 충전기 없음.,85440,70915,0.17
린나이 RBR-S3307DJ,가스레인지,4년 사용했습니다. 상태 양호하지만 배터리 효율 낮음. 박스 없음.,158790,76219,0.52
린나이 RBR-S3001D,가스레인지,1년 사용했습니다. 생활흔적 있음그리고 액정 파손. 충전기 없음.,213600,132432,0.38
린나이 CTA22NJ,가스레인지,1개월 사용했습니다. 생활흔적 있음그리고 액정 파손.,138600,101178,0.27
린나이 RT-1620I,가스레인지,1년 사용했습니다. 외관 약간 흠집이며 고장 없음. 박스 및 구성품 있음.,189730,163167,0.14
매직쉐프 MMW-W23FDHW,가스레인지,거의 사용하지 않음. 상태 보통이며 작동 이상 없음. 추가 액세서리 포함.,119960,107964,0.1
린나이 RT-1080IJ,가스레인지,1년 사용했습니다. 생활흔적 있음이며 작동 이상 없음. 박스 및 구성품 있음.,128060,108851,0.15
린나이 INCP2032WJ,가스레인지,3년 사용했습니다. 사용감 있음그리고 생활 기스 있음. 정품 인증서 포함.,143060,87266,0.39
SK매직 GRA-B3218D,가스레인지,4년 사용했습니다. 상태 보통그리고 생활 기스 있음. 박스 및 구성품 있음.,147990,76954,0.48
린나이 RT-6520I,가스레인지,5년 사용했습니다. 외관 약간 흠집그리고 화면 금 갔음. 박스 및 구성품 있음.,188810,58531,0.69
린나이 CPBC611DJ,가스레인지,4년 사용했습니다. 상태 보통그리고 배터리 효율 낮음. 추가 액세서리 포함.,176080,86279,0.51
SK매직 GRA-BA301D,가스레인지,3년 사용했습니다. 상태 최상이며 고장 없음. 충전기 없음.,229020,164894,0.28
린나이 RBR-PF3000,가스레인지,2년 사용했습니다. 외관 심한 흠집이며 작동 이상 없음. 정품 인증서 포함.,294960,209421,0.29
SK매직 뉴에코 GRA-851SR,가스레인지,1개월 사용했습니다. 상태 최상이며 작동 이상 없음.,128820,115938,0.1
린나이 RBR-S6201D,가스레인지,6개월 사용했습니다. 외관 약간 흠집그리고 액정 파손.,180000,127800,0.29
린나이 RBR-P3511WD,가스레인지,3년 사용했습니다. 사용감 있음이며 작동 이상 없음. 추가 액세서리 포함.,241400,161737,0.33
린나이 RBR-P2501D,가스레인지,1년 사용했습니다. 상태 보통그리고 생활 기스 있음. 정품 인증서 포함.,210750,174922,0.17
SK매직 뉴에코 GRA-910SR,가스레인지,1년 사용했습니다. 상태 양호하지만 생활 기스 있음. 정품 인증서 포함.,171700,147662,0.14
SK매직 GRA-F2NRH,가스레인지,1개월 사용했습니다. 상태 보통그리고 생활 기스 있음. 박스 없음.,116450,102476,0.12
린나이 GTA24SJ,가스레인지,4년 사용했습니다. 생활흔적 있음이며 고장 없음. 정품 인증서 포함.,133400,74704,0.44
SK매직 뉴에코 GRA-841SR (GRA-841R),가스레인지,6개월 사용했습니다. 상태 양호하지만 액정 파손. 추가 액세서리 포함.,144000,110880,0.23
린나이 RBR-S3000,가스레인지,거의 사용하지 않음. 사용감 있음그리고 생활 기스 있음. 박스 및 구성품 있음.,218950,186107,0.15
하츠 GC-3605SDBH,가스레인지,2년 사용했습니다. 상태 최상하지만 배터리 효율 낮음. 박스 없음.,135000,98550,0.27
린나이 RBR-S3603DIJ,가스레인지,4년 사용했습니다. 사용감 있음그리고 생활 기스 있음. 정품 인증서 포함.,156710,79922,0.49
SK매직 GRA-B3FDD,가스레인지,1개월 사용했습니다. 상태 보통그리고 액정 파손. 박스 및 구성품 있음.,126000,94500,0.25
린나이 RBR-S4000,가스레인지,거의 사용하지 않음. 상태 최상하지만 화면 금 갔음. 추가 액세서리 포함.,260460,226600,0.13
SK매직 GRA-B3216D,가스레인지,1개월 사용했습니다. 생활흔적 있음그리고 액정 파손. 박스 및 구성품 있음.,113920,83161,0.27
SK매직 GRA-B322K,가스레인지,5년 사용했습니다. 상태 최상하지만 액정 파손. 정품 인증서 포함.,174080,62668,0.64
린나이 RBR-P4400,가스레인지,5년 사용했습니다. 사용감 있음그리고 화면 금 갔음. 박스 및 구성품 있음.,436700,131010,0.7
린나이 RT-5102,가스레인지,5년 사용했습니다. 상태 양호이며 고장 없음.,250380,125190,0.5
린나이 INBS301DJ,가스레인지,1개월 사용했습니다. 상태 양호이며 작동 이상 없음. 정품 인증서 포함.,167350,150615,0.1
SK매직 GRAB221K,가스레인지,4년 사용했습니다. 사용감 있음그리고 생활 기스 있음. 추가 액세서리 포함.,85440,44428,0.48
린나이 RBR-S3307DJ,가스레인지,4년 사용했습니다. 외관 약간 흠집그리고 액정 파손. 정품 인증서 포함.,158790,58752,0.63
린나이 RBR-S3001D,가스레인지,1개월 사용했습니다. 외관 약간 흠집이며 작동 이상 없음. 정품 인증서 포함.,213600,192240,0.1
린나이 CTA22NJ,가스레인지,3년 사용했습니다. 사용감 있음그리고 화면 금 갔음. 충전기 없음.,138600,65141,0.53
린나이 RT-1620I,가스레인지,2년 사용했습니다. 사용감 있음이며 고장 없음. 박스 및 구성품 있음.,189730,142297,0.25
매직쉐프 MMW-W23FDHW,가스레인지,5년 사용했습니다. 외관 약간 흠집그리고 생활 기스 있음. 정품 인증서 포함.,119960,50383,0.58
린나이 RT-1080IJ,가스레인지,1개월 사용했습니다. 생활흔적 있음그리고 액정 파손. 정품 인증서 포함.,128060,94764,0.26
린나이 INCP2032WJ,가스레인지,1년 사용했습니다. 상태 양호하지만 액정 파손. 박스 없음.,143060,97280,0.32
SK매직 GRA-B3218D,가스레인지,거의 사용하지 않음. 상태 보통그리고 화면 금 갔음.,147990,113952,0.23
린나이 RT-6520I,가스레인지,1개월 사용했습니다. 상태 보통이며 고장 없음. 정품 인증서 포함.,188810,169929,0.1
린나이 CPBC611DJ,가스레인지,1년 사용했습니다. 외관 약간 흠집이며 고장 없음.,176080,151428,0.14
SK매직 GRA-BA301D,가스레인지,2년 사용했습니다. 사용감 있음그리고 액정 파손. 정품 인증서 포함.,229020,128251,0.44
린나이 RBR-PF3000,가스레인지,1개월 사용했습니다. 외관 약간 흠집그리고 배터리 효율 낮음. 정품 인증서 포함.,294960,250716,0.15
SK매직 뉴에코 GRA-851SR,가스레인지,거의 사용하지 않음. 외관 심한 흠집그리고 액정 파손. 충전기 없음.,128820,79868,0.38
린나이 RBR-S6201D,가스레인지,거의 사용하지 않음. 상태 양호하지만 화면 금 갔음.,180000,144000,0.2
린나이 RBR-P3511WD,가스레인지,1개월 사용했습니다. 외관 심한 흠집그리고 액정 파손.,241400,164151,0.32
린나이 RBR-P2501D,가스레인지,1년 사용했습니다. 상태 보통이며 작동 이상 없음.,210750,183352,0.13
SK매직 뉴에코 GRA-910SR,가스레인지,5년 사용했습니다. 상태 보통그리고 액정 파손. 정품 인증서 포함.,171700,48076,0.72
SK매직 GRA-F2NRH,가스레인지,거의 사용하지 않음. 외관 약간 흠집그리고 액정 파손. 박스 없음.,116450,80350,0.31
린나이 GTA24SJ,가스레인지,2년 사용했습니다. 외관 심한 흠집그리고 생활 기스 있음. 충전기 없음.,133400,82708,0.38
SK매직 뉴에코 GRA-841SR (GRA-841R),가스레인지,3년 사용했습니다. 상태 양호이며 고장 없음.,144000,100800,0.3
린나이 RBR-S3000,가스레인지,1년 사용했습니다. 외관 심한 흠집이며 작동 이상 없음. 박스 없음.,218950,170781,0.22
하츠 GC-3605SDBH,가스레인지,2년 사용했습니다. 생활흔적 있음그리고 화면 금 갔음. 정품 인증서 포함.,135000,82350,0.39
린나이 RBR-S3603DIJ,가스레인지,1년 사용했습니다. 상태 보통이며 작동 이상 없음. 정품 인증서 포함.,156710,137904,0.12
SK매직 GRA-B3FDD,가스레인지,5년 사용했습니다. 상태 보통이며 작동 이상 없음. 박스 없음.,126000,56699,0.55
린나이 RBR-S4000,가스레인지,3년 사용했습니다. 외관 심한 흠집그리고 액정 파손.,260460,104184,0.6
SK매직 GRA-B3216D,가스레인지,3년 사용했습니다. 상태 양호하지만 배터리 효율 낮음. 충전기 없음.,113920,64934,0.43
SK매직 GRA-B322K,가스레인지,5년 사용했습니다. 생활흔적 있음그리고 액정 파손. 충전기 없음.,174080,38297,0.78
린나이 RBR-P4400,가스레인지,3년 사용했습니다. 외관 약간 흠집그리고 배터리 효율 낮음. 정품 인증서 포함.,436700,248919,0.43
린나이 RT-5102,가스레인지,2년 사용했습니다. 상태 최상하지만 생활 기스 있음. 박스 및 구성품 있음.,250380,200304,0.2
린나이 INBS301DJ,가스레인지,3년 사용했습니다. 상태 양호하지만 화면 금 갔음. 박스 없음.,167350,88695,0.47
SK매직 GRAB221K,가스레인지,1년 사용했습니다. 상태 최상이며 작동 이상 없음. 충전기 없음.,85440,76896,0.1
린나이 RBR-S3307DJ,가스레인지,거의 사용하지 않음. 외관 심한 흠집그리고 액정 파손. 박스 없음.,158790,100037,0.37
린나이 RBR-S3001D,가스레인지,2년 사용했습니다. 상태 최상하지만 액정 파손.,213600,138840,0.35
린나이 CTA22NJ,가스레인지,1년 사용했습니다. 생활흔적 있음이며 고장 없음. 박스 없음.,138600,115038,0.17
린나이 RT-1620I,가스레인지,5년 사용했습니다. 생활흔적 있음이며 작동 이상 없음. 박스 없음.,189730,81583,0.57
매직쉐프 MMW-W23FDHW,가스레인지,5년 사용했습니다. 외관 약간 흠집이며 작동 이상 없음. 추가 액세서리 포함.,119960,57580,0.52
린나이 RT-1080IJ,가스레인지,3년 사용했습니다. 상태 양호하지만 배터리 효율 낮음. 박스 및 구성품 있음.,128060,76836,0.4
린나이 INCP2032WJ,가스레인지,5년 사용했습니다. 생활흔적 있음그리고 생활 기스 있음. 박스 및 구성품 있음.,143060,57224,0.6
SK매직 GRA-B3218D,가스레인지,6개월 사용했습니다. 외관 심한 흠집그리고 화면 금 갔음. 정품 인증서 포함.,147990,105072,0.29
린나이 RT-6520I,가스레인지,1개월 사용했습니다. 상태 최상이며 고장 없음. 박스 및 구성품 있음.,188810,169929,0.1
린나이 CPBC611DJ,가스레인지,2년 사용했습니다. 생활흔적 있음그리고 화면 금 갔음. 박스 및 구성품 있음.,176080,105648,0.4
SK매직 GRA-BA301D,가스레인지,2년 사용했습니다. 사용감 있음그리고 액정 파손. 정품 인증서 포함.,229020,128251,0.44
린나이 RBR-PF3000,가스레인지,4년 사용했습니다. 상태 양호하지만 생활 기스 있음. 박스 및 구성품 있음.,294960,162228,0.45
SK매직 뉴에코 GRA-851SR,가스레인지,거의 사용하지 않음. 외관 심한 흠집이며 작동 이상 없음. 박스 및 구성품 있음.,128820,109497,0.15
린나이 RBR-S6201D,가스레인지,1개월 사용했습니다. 상태 보통이며 작동 이상 없음. 정품 인증서 포함.,180000,162000,0.1
린나이 RBR-P3511WD,가스레인지,2년 사용했습니다. 상태 양호하지만 생활 기스 있음.,241400,181050,0.25
린나이 RBR-P2501D,가스레인지,5년 사용했습니다. 사용감 있음그리고 생활 기스 있음. 박스 없음.,210750,80085,0.62
SK매직 뉴에코 GRA-910SR,가스레인지,6개월 사용했습니다. 사용감 있음이며 고장 없음. 추가 액세서리 포함.,171700,154530,0.1
SK매직 GRA-F2NRH,가스레인지,1개월 사용했습니다. 상태 보통이며 작동 이상 없음. 박스 및 구성품 있음.,116450,104805,0.1
린나이 GTA24SJ,가스레인지,4년 사용했습니다. 상태 보통그리고 화면 금 갔음. 충전기 없음.,133400,52026,0.61
SK매직 뉴에코 GRA-841SR (GRA-841R),가스레인지,1개월 사용했습니다. 사용감 있음그리고 화면 금 갔음. 박스 및 구성품 있음.,144000,112320,0.22
린나이 RBR-S3000,가스레인지,5년 사용했습니다. 상태 최상이며 고장 없음. 정품 인증서 포함.,218950,122612,0.44
하츠 GC-3605SDBH,가스레인지,1개월 사용했습니다. 생활흔적 있음그리고 액정 파손. 박스 및 구성품 있음.,135000,98550,0.27
린나이 RBR-S3603DIJ,가스레인지,2년 사용했습니다. 상태 보통그리고 생활 기스 있음. 박스 없음.,156710,109697,0.3
SK매직 GRA-B3FDD,가스레인지,거의 사용하지 않음. 상태 보통그리고 생활 기스 있음. 추가 액세서리 포함.,126000,112140,0.11
린나이 RBR-S4000,가스레인지,5년 사용했습니다. 상태 양호하지만 화면 금 갔음.,260460,91161,0.65
SK매직 GRA-B3216D,가스레인지,1년 사용했습니다. 외관 심한 흠집그리고 액정 파손. 정품 인증서 포함.,113920,69491,0.39
SK매직 GRA-B322K,가스레인지,3년 사용했습니다. 외관 약간 흠집그리고 액정 파손. 추가 액세서리 포함.,174080,83558,0.52
린나이 RBR-P4400,가스레인지,1개월 사용했습니다. 상태 보통그리고 액정 파손.,436700,327525,0.25
린나이 RT-5102,가스레인지,거의 사용하지 않음. 외관 약간 흠집그리고 액정 파손. 박스 없음.,250380,172762,0.31
린나이 INBS301DJ,가스레인지,1년 사용했습니다. 상태 양호하지만 화면 금 갔음. 추가 액세서리 포함.,167350,128859,0.23
SK매직 GRAB221K,가스레인지,3년 사용했습니다. 생활흔적 있음그리고 액정 파손.,85440,38447,0.55
린나이 RBR-S3307DJ,가스레인지,4년 사용했습니다. 외관 심한 흠집그리고 화면 금 갔음. 박스 없음.,158790,52400,0.67
린나이 RBR-S3001D,가스레인지,4년 사용했습니다. 사용감 있음그리고 액정 파손. 충전기 없음.,213600,68351,0.68
린나이 CTA22NJ,가스레인지,3년 사용했습니다. 상태 최상하지만 액정 파손. 정품 인증서 포함.,138600,77616,0.44
린나이 RT-1620I,가스레인지,거의 사용하지 않음. 상태 보통이며 고장 없음.,189730,170757,0.1
매직쉐프 MMW-W23FDHW,가스레인지,3년 사용했습니다. 상태 최상이며 작동 이상 없음.,119960,89970,0.25
린나이 RT-1080IJ,가스레인지,2년 사용했습니다. 상태 보통그리고 배터리 효율 낮음. 추가 액세서리 포함.,128060,88361,0.31
린나이 INCP2032WJ,가스레인지,1개월 사용했습니다. 생활흔적 있음그리고 생활 기스 있음. 충전기 없음.,143060,121601,0.15
SK매직 GRA-B3218D,가스레인지,1개월 사용했습니다. 상태 보통그리고 생활 기스 있음. 충전기 없음.,147990,128751,0.13
린나이 RT-6520I,가스레인지,1개월 사용했습니다. 외관 약간 흠집그리고 액정 파손. 박스 및 구성품 있음.,188810,139719,0.26
린나이 CPBC611DJ,가스레인지,4년 사용했습니다. 상태 보통이며 고장 없음. 박스 및 구성품 있음.,176080,100365,0.43
SK매직 GRA-BA301D,가스레인지,1개월 사용했습니다. 외관 약간 흠집그리고 화면 금 갔음. 추가 액세서리 포함.,229020,185506,0.19
린나이 RBR-PF3000,가스레인지,1년 사용했습니다. 사용감 있음이며 고장 없음. 박스 및 구성품 있음.,294960,250716,0.15
SK매직 뉴에코 GRA-851SR,가스레인지,3년 사용했습니다. 외관 약간 흠집그리고 생활 기스 있음.,128820,78580,0.39
린나이 RBR-S6201D,가스레인지,1년 사용했습니다. 생활흔적 있음그리고 배터리 효율 낮음. 박스 없음.,180000,131400,0.27
린나이 RBR-P3511WD,가스레인지,1년 사용했습니다. 상태 최상하지만 화면 금 갔음. 박스 및 구성품 있음.,241400,193120,0.2
린나이 RBR-P2501D,가스레인지,5년 사용했습니다. 생활흔적 있음그리고 화면 금 갔음. 충전기 없음.,210750,56902,0.73
SK매직 뉴에코 GRA-910SR,가스레인지,6개월 사용했습니다. 사용감 있음이며 작동 이상 없음. 박스 및 구성품 있음.,171700,154530,0.1
SK매직 GRA-F2NRH,가스레인지,6개월 사용했습니다. 외관 심한 흠집그리고 화면 금 갔음.,116450,81515,0.3
린나이 GTA24SJ,가스레인지,1년 사용했습니다. 상태 양호하지만 화면 금 갔음. 정품 인증서 포함.,133400,101384,0.24
SK매직 뉴에코 GRA-841SR (GRA-841R),가스레인지,5년 사용했습니다. 사용감 있음그리고 화면 금 갔음. 충전기 없음.,144000,38880,0.73
린나이 RBR-S3000,가스레인지,5년 사용했습니다. 외관 심한 흠집그리고 액정 파손. 박스 없음.,218950,39411,0.82
하츠 GC-3605SDBH,가스레인지,4년 사용했습니다. 생활흔적 있음이며 작동 이상 없음. 정품 인증서 포함.,135000,75600,0.44
린나이 RBR-S3603DIJ,가스레인지,3년 사용했습니다. 생활흔적 있음그리고 화면 금 갔음.,156710,78355,0.5
SK매직 GRA-B3FDD,가스레인지,1개월 사용했습니다. 상태 양호하지만 배터리 효율 낮음. 충전기 없음.,126000,107100,0.15
린나이 RBR-S4000,가스레인지,2년 사용했습니다. 사용감 있음그리고 화면 금 갔음. 박스 및 구성품 있음.,260460,156276,0.4
SK매직 GRA-B3216D,가스레인지,거의 사용하지 않음. 상태 보통그리고 화면 금 갔음. 박스 및 구성품 있음.,113920,87718,0.23
SK매직 GRA-B322K,가스레인지,5년 사용했습니다. 생활흔적 있음이며 작동 이상 없음. 박스 및 구성품 있음.,174080,78335,0.55
린나이 RBR-P4400,가스레인지,2년 사용했습니다. 상태 최상하지만 배터리 효율 낮음. 추가 액세서리 포함.,436700,336259,0.23
린나이 RT-5102,가스레인지,3년 사용했습니다. 사용감 있음그리고 화면 금 갔음.,250380,125190,0.5
린나이 INBS301DJ,가스레인지,거의 사용하지 않음. 상태 최상하지만 액정 파손.,167350,133880,0.2
SK매직 GRAB221K,가스레인지,5년 사용했습니다. 상태 최상하지만 생활 기스 있음. 정품 인증서 포함.,85440,43574,0.49
린나이 RBR-S3307DJ,가스레인지,1개월 사용했습니다. 상태 보통그리고 화면 금 갔음. 박스 없음.,158790,123856,0.22
린나이 RBR-S3001D,가스레인지,거의 사용하지 않음. 사용감 있음이며 작동 이상 없음. 박스 및 구성품 있음.,213600,192240,0.1
린나이 CTA22NJ,가스레인지,4년 사용했습니다. 사용감 있음그리고 액정 파손. 추가 액세서리 포함.,138600,51282,0.63
린나이 RT-1620I,가스레인지,6개월 사용했습니다. 사용감 있음그리고 생활 기스 있음. 추가 액세서리 포함.,189730,165065,0.13
매직쉐프 MMW-W23FDHW,가스레인지,1년 사용했습니다. 외관 심한 흠집그리고 화면 금 갔음. 충전기 없음.,119960,74375,0.38
린나이 RT-1080IJ,가스레인지,6개월 사용했습니다. 사용감 있음이며 고장 없음.,128060,115254,0.1
린나이 INCP2032WJ,가스레인지,3년 사용했습니다. 외관 심한 흠집그리고 화면 금 갔음. 박스 없음.,143060,61515,0.57
SK매직 GRA-B3218D,가스레인지,2년 사용했습니다. 외관 약간 흠집이며 작동 이상 없음. 정품 인증서 포함.,147990,113952,0.23
린나이 RT-6520I,가스레인지,4년 사용했습니다. 외관 약간 흠집이며 작동 이상 없음. 충전기 없음.,188810,100069,0.47
린나이 CPBC611DJ,가스레인지,6개월 사용했습니다. 외관 심한 흠집그리고 화면 금 갔음. 박스 및 구성품 있음.,176080,123255,0.3
SK매직 GRA-BA301D,가스레인지,5년 사용했습니다. 상태 보통그리고 화면 금 갔음. 박스 및 구성품 있음.,229020,73286,0.68
린나이 RBR-PF3000,가스레인지,1개월 사용했습니다. 사용감 있음그리고 화면 금 갔음. 정품 인증서 포함.,294960,233018,0.21
SK매직 뉴에코 GRA-851SR,가스레인지,2년 사용했습니다. 사용감 있음그리고 액정 파손.,128820,70851,0.45
린나이 RBR-S6201D,가스레인지,6개월 사용했습니다. 생활흔적 있음그리고 배터리 효율 낮음. 박스 없음.,180000,140400,0.22
린나이 RBR-P3511WD,가스레인지,거의 사용하지 않음. 외관 심한 흠집그리고 화면 금 갔음. 박스 없음.,241400,164151,0.32
린나이 RBR-P2501D,가스레인지,1년 사용했습니다. 외관 약간 흠집이며 고장 없음. 충전기 없음.,210750,174922,0.17
SK매직 뉴에코 GRA-910SR,가스레인지,2년 사용했습니다. 상태 최상하지만 배터리 효율 낮음. 박스 없음.,171700,125341,0.27
SK매직 GRA-F2NRH,가스레인지,1개월 사용했습니다. 상태 보통이며 고장 없음.,116450,104805,0.1
린나이 GTA24SJ,가스레인지,1년 사용했습니다. 상태 최상하지만 생활 기스 있음. 박스 없음.,133400,117392,0.12
SK매직 뉴에코 GRA-841SR (GRA-841R),가스레인지,4년 사용했습니다. 외관 심한 흠집이며 작동 이상 없음. 박스 없음.,144000,69120,0.52
린나이 RBR-S3000,가스레인지,5년 사용했습니다. 상태 양호하지만 배터리 효율 낮음. 박스 및 구성품 있음.,218950,87580,0.6
하츠 GC-3605SDBH,가스레인지,4년 사용했습니다. 외관 약간 흠집그리고 생활 기스 있음. 충전기 없음.,135000,64800,0.52
린나이 RBR-S3603DIJ,가스레인지,1년 사용했습니다. 생활흔적 있음이며 고장 없음.,156710,133203,0.15
SK매직 GRA-B3FDD,가스레인지,1년 사용했습니다. 상태 양호하지만 생활 기스 있음. 추가 액세서리 포함.,126000,109620,0.13
린나이 RBR-S4000,가스레인지,2년 사용했습니다. 상태 보통그리고 생활 기스 있음. 박스 없음.,260460,182322,0.3
SK매직 GRA-B3216D,가스레인지,거의 사용하지 않음. 생활흔적 있음그리고 배터리 효율 낮음. 추가 액세서리 포함.,113920,93414,0.18
SK매직 GRA-B322K,가스레인지,2년 사용했습니다. 외관 약간 흠집이며 작동 이상 없음. 충전기 없음.,174080,127078,0.27
린나이 RBR-P4400,가스레인지,1개월 사용했습니다. 상태 양호이며 고장 없음. 충전기 없음.,436700,393030,0.1
린나이 RT-5102,가스레인지,5년 사용했습니다. 상태 양호하지만 액정 파손. 박스 없음.,250380,70106,0.72
린나이 INBS301DJ,가스레인지,5년 사용했습니다. 상태 양호하지만 생활 기스 있음. 박스 없음.,167350,71960,0.57
SK매직 GRAB221K,가스레인지,거의 사용하지 않음. 상태 최상하지만 화면 금 갔음. 충전기 없음.,85440,70060,0.18
린나이 RBR-S3307DJ,가스레인지,5년 사용했습니다. 상태 최상하지만 생활 기스 있음. 정품 인증서 포함.,158790,80982,0.49
린나이 RBR-S3001D,가스레인지,3년 사용했습니다. 상태 보통이며 작동 이상 없음. 추가 액세서리 포함.,213600,147384,0.31
린나이 CTA22NJ,가스레인지,거의 사용하지 않음. 상태 최상하지만 배터리 효율 낮음. 정품 인증서 포함.,138600,124740,0.1
린나이 RT-1620I,가스레인지,1개월 사용했습니다. 상태 보통그리고 액정 파손. 박스 및 구성품 있음.,189730,142297,0.25
매직쉐프 MMW-W23FDHW,가스레인지,5년 사용했습니다. 생활흔적 있음그리고 액정 파손. 추가 액세서리 포함.,119960,32389,0.73
린나이 RT-1080IJ,가스레인지,3년 사용했습니다. 상태 보통그리고 액정 파손.,128060,60188,0.53
린나이 INCP2032WJ,가스레인지,4년 사용했습니다. 외관 심한 흠집그리고 배터리 효율 낮음. 정품 인증서 포함.,143060,58654,0.59
SK매직 GRA-B3218D,가스레인지,4년 사용했습니다. 사용감 있음이며 작동 이상 없음. 충전기 없음.,147990,76954,0.48
린나이 RT-6520I,가스레인지,5년 사용했습니다. 상태 최상하지만 배터리 효율 낮음. 추가 액세서리 포함.,188810,88740,0.53
린나이 CPBC611DJ,가스레인지,2년 사용했습니다. 생활흔적 있음그리고 화면 금 갔음. 충전기 없음.,176080,100365,0.43
SK매직 GRA-BA301D,가스레인지,5년 사용했습니다. 외관 심한 흠집그리고 생활 기스 있음.,229020,80157,0.65
린나이 RBR-PF3000,가스레인지,4년 사용했습니다. 상태 보통그리고 화면 금 갔음.,294960,123883,0.58
SK매직 뉴에코 GRA-851SR,가스레인지,1개월 사용했습니다. 사용감 있음그리고 액정 파손. 추가 액세서리 포함.,128820,96615,0.25
린나이 RBR-S6201D,가스레인지,4년 사용했습니다. 외관 심한 흠집그리고 화면 금 갔음. 추가 액세서리 포함.,180000,66600,0.63
린나이 RBR-P3511WD,가스레인지,3년 사용했습니다. 상태 최상하지만 화면 금 갔음. 박스 및 구성품 있음.,241400,144840,0.4
린나이 RBR-P2501D,가스레인지,5년 사용했습니다. 상태 양호이며 작동 이상 없음. 추가 액세서리 포함.,210750,109590,0.48
SK매직 뉴에코 GRA-910SR,가스레인지,3년 사용했습니다. 생활흔적 있음그리고 액정 파손.,171700,77264,0.55
SK매직 GRA-F2NRH,가스레인지,1개월 사용했습니다. 상태 양호이며 작동 이상 없음. 충전기 없음.,116450,104805,0.1
린나이 GTA24SJ,가스레인지,2년 사용했습니다. 상태 보통이며 작동 이상 없음.,133400,102718,0.23
SK매직 뉴에코 GRA-841SR (GRA-841R),가스레인지,6개월 사용했습니다. 외관 약간 흠집이며 고장 없음.,144000,129600,0.1
린나이 RBR-S3000,가스레인지,3년 사용했습니다. 상태 보통이며 작동 이상 없음. 충전기 없음.,218950,140128,0.36
하츠 GC-3605SDBH,가스레인지,1개월 사용했습니다. 생활흔적 있음그리고 배터리 효율 낮음.,135000,112050,0.17
린나이 RBR-S3603DIJ,가스레인지,3년 사용했습니다. 상태 양호이며 작동 이상 없음. 박스 및 구성품 있음.,156710,109697,0.3
SK매직 GRA-B3FDD,가스레인지,1년 사용했습니다. 상태 최상하지만 화면 금 갔음. 추가 액세서리 포함.,126000,103320,0.18
린나이 RBR-S4000,가스레인지,6개월 사용했습니다. 생활흔적 있음그리고 액정 파손.,260460,182322,0.3
SK매직 GRA-B3216D,가스레인지,4년 사용했습니다. 상태 보통그리고 화면 금 갔음. 박스 없음.,113920,45568,0.6
SK매직 GRA-B322K,가스레인지,3년 사용했습니다. 상태 양호하지만 배터리 효율 낮음.,174080,104448,0.4
린나이 RBR-P4400,가스레인지,1개월 사용했습니다. 외관 심한 흠집그리고 생활 기스 있음. 박스 및 구성품 있음.,436700,362461,0.17
린나이 RT-5102,가스레인지,4년 사용했습니다. 사용감 있음그리고 배터리 효율 낮음. 정품 인증서 포함.,250380,115174,0.54
린나이 INBS301DJ,가스레인지,거의 사용하지 않음. 상태 최상하지만 화면 금 갔음. 추가 액세서리 포함.,167350,145594,0.13
SK매직 GRAB221K,가스레인지,1개월 사용했습니다. 상태 최상하지만 화면 금 갔음. 정품 인증서 포함.,85440,76041,0.11
린나이 RBR-S3307DJ,가스레인지,4년 사용했습니다. 상태 최상하지만 화면 금 갔음. 정품 인증서 포함.,158790,80982,0.49
린나이 RBR-S3001D,가스레인지,3년 사용했습니다. 사용감 있음그리고 액정 파손. 박스 없음.,213600,91848,0.57
린나이 CTA22NJ,가스레인지,1년 사용했습니다. 외관 약간 흠집이며 고장 없음. 박스 없음.,138600,116424,0.16
린나이 RT-1620I,가스레인지,6개월 사용했습니다. 외관 심한 흠집그리고 액정 파손. 추가 액세서리 포함.,189730,127119,0.33
매직쉐프 MMW-W23FDHW,가스레인지,5년 사용했습니다. 생활흔적 있음그리고 액정 파손. 추가 액세서리 포함.,119960,32389,0.73
린나이 RT-1080IJ,가스레인지,거의 사용하지 않음. 상태 양호하지만 생활 기스 있음.,128060,115254,0.1
린나이 INCP2032WJ,가스레인지,2년 사용했습니다. 생활흔적 있음그리고 화면 금 갔음.,143060,85836,0.4
SK매직 GRA-B3218D,가스레인지,거의 사용하지 않음. 외관 심한 흠집이며 고장 없음. 박스 및 구성품 있음.,147990,125791,0.15
린나이 RT-6520I,가스레인지,1개월 사용했습니다. 외관 약간 흠집그리고 생활 기스 있음. 박스 없음.,188810,164264,0.13
린나이 CPBC611DJ,가스레인지,1개월 사용했습니다. 생활흔적 있음이며 작동 이상 없음. 충전기 없음.,176080,158472,0.1
SK매직 GRA-BA301D,가스레인지,거의 사용하지 않음. 상태 보통이며 고장 없음. 추가 액세서리 포함.,229020,206118,0.1
린나이 RBR-PF3000,가스레인지,4년 사용했습니다. 상태 보통그리고 액정 파손. 박스 및 구성품 있음.,294960,109135,0.63
SK매직 뉴에코 GRA-851SR,가스레인지,6개월 사용했습니다. 상태 최상하지만 화면 금 갔음. 정품 인증서 포함.,128820,110785,0.14
린나이 RBR-S6201D,가스레인지,3년 사용했습니다. 생활흔적 있음그리고 배터리 효율 낮음. 충전기 없음.,180000,93600,0.48
린나이 RBR-P3511WD,가스레인지,거의 사용하지 않음. 생활흔적 있음그리고 생활 기스 있음.,241400,205190,0.15
린나이 RBR-P2501D,가스레인지,5년 사용했습니다. 상태 양호하지만 화면 금 갔음.,210750,73762,0.65
SK매직 뉴에코 GRA-910SR,가스레인지,5년 사용했습니다. 상태 보통그리고 액정 파손. 정품 인증서 포함.,171700,48076,0.72
SK매직 GRA-F2NRH,가스레인지,6개월 사용했습니다. 외관 약간 흠집그리고 액정 파손.,116450,82679,0.29
린나이 GTA24SJ,가스레인지,5년 사용했습니다. 상태 최상하지만 액정 파손. 박스 없음.,133400,44021,0.67
SK매직 뉴에코 GRA-841SR (GRA-841R),가스레인지,4년 사용했습니다. 사용감 있음이며 작동 이상 없음. 추가 액세서리 포함.,144000,82080,0.43
린나이 RBR-S3000,가스레인지,3년 사용했습니다. 사용감 있음그리고 배터리 효율 낮음. 추가 액세서리 포함.,218950,124801,0.43
하츠 GC-3605SDBH,가스레인지,1개월 사용했습니다. 생활흔적 있음그리고 화면 금 갔음. 충전기 없음.,135000,101250,0.25
린나이 RBR-S3603DIJ,가스레인지,1년 사용했습니다. 상태 최상하지만 배터리 효율 낮음. 추가 액세서리 포함.,156710,136337,0.13
SK매직 GRA-B3FDD,가스레인지,2년 사용했습니다. 상태 양호하지만 배터리 효율 낮음. 추가 액세서리 포함.,126000,90720,0.28
린나이 RBR-S4000,가스레인지,1년 사용했습니다. 상태 양호이며 작동 이상 없음. 박스 없음.,260460,229204,0.12
SK매직 GRA-B3216D,가스레인지,거의 사용하지 않음. 생활흔적 있음그리고 액정 파손. 정품 인증서 포함.,113920,80883,0.29
SK매직 GRA-B322K,가스레인지,3년 사용했습니다. 외관 심한 흠집그리고 화면 금 갔음.,174080,78335,0.55
린나이 RBR-P4400,가스레인지,4년 사용했습니다. 상태 보통그리고 화면 금 갔음. 박스 및 구성품 있음.,436700,183414,0.58
린나이 RT-5102,가스레인지,3년 사용했습니다. 외관 약간 흠집그리고 배터리 효율 낮음.,250380,140212,0.44
린나이 INBS301DJ,가스레인지,3년 사용했습니다. 상태 양호하지만 화면 금 갔음. 박스 및 구성품 있음.,167350,92042,0.45
SK매직 GRAB221K,가스레인지,6개월 사용했습니다. 생활흔적 있음그리고 생활 기스 있음. 충전기 없음.,85440,70060,0.18
린나이 RBR-S3307DJ,가스레인지,1년 사용했습니다. 상태 보통이며 작동 이상 없음. 정품 인증서 포함.,158790,139735,0.12
린나이 RBR-S3001D,가스레인지,2년 사용했습니다. 외관 약간 흠집그리고 화면 금 갔음. 충전기 없음.,213600,123888,0.42
린나이 CTA22NJ,가스레인지,5년 사용했습니다. 외관 심한 흠집그리고 화면 금 갔음. 정품 인증서 포함.,138600,36036,0.74
린나이 RT-1620I,가스레인지,6개월 사용했습니다. 외관 심한 흠집이며 작동 이상 없음.,189730,161270,0.15
매직쉐프 MMW-W23FDHW,가스레인지,6개월 사용했습니다. 상태 양호이며 작동 이상 없음. 박스 및 구성품 있음.,119960,107964,0.1
린나이 RT-1080IJ,가스레인지,6개월 사용했습니다. 사용감 있음그리고 액정 파손. 충전기 없음.,128060,85800,0.33
린나이 INCP2032WJ,가스레인지,4년 사용했습니다. 외관 약간 흠집이며 작동 이상 없음. 추가 액세서리 포함.,143060,82974,0.42
SK매직 GRA-B3218D,가스레인지,5년 사용했습니다. 생활흔적 있음그리고 액정 파손. 박스 없음.,147990,34037,0.77
린나이 RT-6520I,가스레인지,1년 사용했습니다. 사용감 있음그리고 화면 금 갔음. 추가 액세서리 포함.,188810,135943,0.28
린나이 CPBC611DJ,가스레인지,3년 사용했습니다. 상태 최상하지만 화면 금 갔음. 추가 액세서리 포함.,176080,109169,0.38
SK매직 GRA-BA301D,가스레인지,4년 사용했습니다. 생활흔적 있음이며 고장 없음. 박스 및 구성품 있음.,229020,125961,0.45
린나이 RBR-PF3000,가스레인지,3년 사용했습니다. 사용감 있음그리고 화면 금 갔음. 박스 없음.,294960,141580,0.52
SK매직 뉴에코 GRA-851SR,가스레인지,2년 사용했습니다. 외관 약간 흠집그리고 액정 파손. 정품 인증서 포함.,128820,73427,0.43
린나이 RBR-S6201D,가스레인지,1개월 사용했습니다. 생활흔적 있음그리고 액정 파손. 충전기 없음.,180000,125999,0.3
린나이 RBR-P3511WD,가스레인지,5년 사용했습니다. 외관 약간 흠집그리고 생활 기스 있음.,241400,98974,0.59
린나이 RBR-P2501D,가스레인지,1개월 사용했습니다. 외관 심한 흠집그리고 생활 기스 있음.,210750,174922,0.17
SK매직 뉴에코 GRA-910SR,가스레인지,6개월 사용했습니다. 외관 심한 흠집그리고 배터리 효율 낮음. 추가 액세서리 포함.,171700,132209,0.23
SK매직 GRA-F2NRH,가스레인지,3년 사용했습니다. 외관 약간 흠집이며 작동 이상 없음. 박스 및 구성품 있음.,116450,76856,0.34
린나이 GTA24SJ,가스레인지,6개월 사용했습니다. 사용감 있음이며 작동 이상 없음. 박스 없음.,133400,117392,0.12
SK매직 뉴에코 GRA-841SR (GRA-841R),가스레인지,3년 사용했습니다. 상태 최상이며 고장 없음.,144000,108000,0.25
린나이 RBR-S3000,가스레인지,거의 사용하지 않음. 상태 최상이며 작동 이상 없음. 충전기 없음.,218950,197055,0.1
하츠 GC-3605SDBH,가스레인지,거의 사용하지 않음. 외관 심한 흠집그리고 화면 금 갔음. 정품 인증서 포함.,135000,95850,0.29
린나이 RBR-S3603DIJ,가스레인지,거의 사용하지 않음. 생활흔적 있음이며 고장 없음. 정품 인증서 포함.,156710,141039,0.1
SK매직 GRA-B3FDD,가스레인지,4년 사용했습니다. 외관 심한 흠집그리고 액정 파손. 박스 및 구성품 있음.,126000,37800,0.7
린나이 RBR-S4000,가스레인지,4년 사용했습니다. 상태 최상이며 작동 이상 없음.,260460,169299,0.35
SK매직 GRA-B3216D,가스레인지,1년 사용했습니다. 상태 보통이며 작동 이상 없음. 추가 액세서리 포함.,113920,101388,0.11
SK매직 GRA-B322K,가스레인지,1년 사용했습니다. 사용감 있음그리고 화면 금 갔음. 박스 및 구성품 있음.,174080,121855,0.3
린나이 RBR-P4400,가스레인지,1년 사용했습니다. 상태 보통그리고 액정 파손. 추가 액세서리 포함.,436700,301323,0.31
린나이 RT-5102,가스레인지,거의 사용하지 않음. 외관 심한 흠집그리고 생활 기스 있음. 정품 인증서 포함.,250380,202807,0.19
린나이 INBS301DJ,가스레인지,거의 사용하지 않음. 사용감 있음이며 고장 없음. 추가 액세서리 포함.,167350,150615,0.1
SK매직 GRAB221K,가스레인지,3년 사용했습니다. 상태 최상하지만 화면 금 갔음. 박스 없음.,85440,49555,0.42
린나이 RBR-S3307DJ,가스레인지,4년 사용했습니다. 외관 심한 흠집그리고 화면 금 갔음.,158790,55576,0.65
린나이 RBR-S3001D,가스레인지,5년 사용했습니다. 상태 최상하지만 배터리 효율 낮음. 정품 인증서 포함.,213600,98255,0.54
린나이 CTA22NJ,가스레인지,5년 사용했습니다. 상태 보통그리고 배터리 효율 낮음. 충전기 없음.,138600,47123,0.66
린나이 RT-1620I,가스레인지,거의 사용하지 않음. 상태 양호하지만 화면 금 갔음. 추가 액세서리 포함.,189730,155578,0.18
매직쉐프 MMW-W23FDHW,가스레인지,5년 사용했습니다. 상태 보통이며 작동 이상 없음. 정품 인증서 포함.,119960,57580,0.52
린나이 RT-1080IJ,가스레인지,거의 사용하지 않음. 상태 최상이며 고장 없음. 정품 인증서 포함.,128060,115254,0.1
린나이 INCP2032WJ,가스레인지,6개월 사용했습니다. 외관 약간 흠집그리고 액정 파손.,143060,101572,0.29
SK매직 GRA-B3218D,가스레인지,5년 사용했습니다. 상태 보통이며 작동 이상 없음. 추가 액세서리 포함.,147990,72515,0.51
린나이 RT-6520I,가스레인지,4년 사용했습니다. 생활흔적 있음그리고 생활 기스 있음. 박스 없음.,188810,90628,0.52
린나이 CPBC611DJ,가스레인지,1개월 사용했습니다. 상태 최상이며 작동 이상 없음.,176080,158472,0.1
SK매직 GRA-BA301D,가스레인지,3년 사용했습니다. 상태 최상이며 고장 없음. 박스 없음.,229020,167184,0.27
린나이 RBR-PF3000,가스레인지,5년 사용했습니다. 외관 약간 흠집이며 고장 없음. 정품 인증서 포함.,294960,138631,0.53
SK매직 뉴에코 GRA-851SR,가스레인지,5년 사용했습니다. 외관 약간 흠집그리고 화면 금 갔음. 추가 액세서리 포함.,128820,42510,0.67
린나이 RBR-S6201D,가스레인지,거의 사용하지 않음. 상태 보통그리고 생활 기스 있음. 추가 액세서리 포함.,180000,160200,0.11
린나이 RBR-P3511WD,가스레인지,2년 사용했습니다. 상태 최상하지만 배터리 효율 낮음. 충전기 없음.,241400,173808,0.28
린나이 RBR-P2501D,가스레인지,1년 사용했습니다. 외관 심한 흠집그리고 화면 금 갔음. 정품 인증서 포함.,210750,139094,0.34
SK매직 뉴에코 GRA-910SR,가스레인지,2년 사용했습니다. 상태 보통그리고 생활 기스 있음. 충전기 없음.,171700,118472,0.31
SK매직 GRA-F2NRH,가스레인지,3년 사용했습니다. 상태 최상하지만 배터리 효율 낮음. 박스 및 구성품 있음.,116450,75692,0.35
린나이 GTA24SJ,가스레인지,4년 사용했습니다. 외관 약간 흠집이며 작동 이상 없음.,133400,74704,0.44
SK매직 뉴에코 GRA-841SR (GRA-841R),가스레인지,3년 사용했습니다. 상태 보통그리고 액정 파손. 박스 없음.,144000,64799,0.55
린나이 RBR-S3000,가스레인지,4년 사용했습니다. 상태 양호이며 고장 없음. 박스 및 구성품 있음.,218950,131370,0.4
하츠 GC-3605SDBH,가스레인지,5년 사용했습니다. 상태 보통이며 작동 이상 없음. 충전기 없음.,135000,59399,0.56
린나이 RBR-S3603DIJ,가스레인지,거의 사용하지 않음. 사용감 있음그리고 배터리 효율 낮음. 박스 없음.,156710,122233,0.22
SK매직 GRA-B3FDD,가스레인지,1년 사용했습니다. 외관 약간 흠집이며 고장 없음. 박스 및 구성품 있음.,126000,108360,0.14
린나이 RBR-S4000,가스레인지,3년 사용했습니다. 외관 약간 흠집그리고 생활 기스 있음. 충전기 없음.,260460,151066,0.42
SK매직 GRA-B3216D,가스레인지,4년 사용했습니다. 상태 보통이며 고장 없음. 정품 인증서 포함.,113920,66073,0.42
SK매직 GRA-B322K,가스레인지,1년 사용했습니다. 상태 양호하지만 생활 기스 있음. 박스 및 구성품 있음.,174080,147968,0.15
린나이 RBR-P4400,가스레인지,6개월 사용했습니다. 사용감 있음이며 고장 없음. 충전기 없음.,436700,379929,0.13
린나이 RT-5102,가스레인지,4년 사용했습니다. 외관 약간 흠집그리고 생활 기스 있음. 정품 인증서 포함.,250380,130197,0.48
린나이 INBS301DJ,가스레인지,5년 사용했습니다. 상태 양호이며 작동 이상 없음.,167350,83675,0.5
SK매직 GRAB221K,가스레인지,1년 사용했습니다. 상태 보통그리고 화면 금 갔음. 충전기 없음.,85440,58953,0.31
린나이 RBR-S3307DJ,가스레인지,1개월 사용했습니다. 상태 보통그리고 배터리 효율 낮음.,158790,134971,0.15
린나이 RBR-S3001D,가스레인지,거의 사용하지 않음. 외관 심한 흠집그리고 화면 금 갔음. 정품 인증서 포함.,213600,151656,0.29
린나이 CTA22NJ,가스레인지,6개월 사용했습니다. 상태 보통이며 고장 없음.,138600,124740,0.1
린나이 RT-1620I,가스레인지,6개월 사용했습니다. 생활흔적 있음이며 작동 이상 없음. 박스 없음.,189730,166962,0.12
매직쉐프 MMW-W23FDHW,가스레인지,3년 사용했습니다. 상태 양호하지만 생활 기스 있음. 충전기 없음.,119960,74375,0.38
린나이 RT-1080IJ,가스레인지,4년 사용했습니다. 외관 약간 흠집그리고 화면 금 갔음. 충전기 없음.,128060,48662,0.62
린나이 INCP2032WJ,가스레인지,4년 사용했습니다. 생활흔적 있음이며 고장 없음. 박스 없음.,143060,75821,0.47
SK매직 GRA-B3218D,가스레인지,3년 사용했습니다. 생활흔적 있음이며 작동 이상 없음. 추가 액세서리 포함.,147990,99153,0.33
린나이 RT-6520I,가스레인지,3년 사용했습니다. 생활흔적 있음그리고 생활 기스 있음. 정품 인증서 포함.,188810,115174,0.39
린나이 CPBC611DJ,가스레인지,4년 사용했습니다. 외관 약간 흠집그리고 액정 파손. 충전기 없음.,176080,58106,0.67
SK매직 GRA-BA301D,가스레인지,거의 사용하지 않음. 외관 심한 흠집이며 고장 없음. 추가 액세서리 포함.,229020,199247,0.13
린나이 RBR-PF3000,가스레인지,1년 사용했습니다. 생활흔적 있음그리고 액정 파손. 박스 없음.,294960,185824,0.37
SK매직 뉴에코 GRA-851SR,가스레인지,거의 사용하지 않음. 상태 최상하지만 액정 파손.,128820,103056,0.2
린나이 RBR-S6201D,가스레인지,1년 사용했습니다. 상태 보통이며 작동 이상 없음.,180000,156600,0.13
린나이 RBR-P3511WD,가스레인지,4년 사용했습니다. 상태 보통그리고 배터리 효율 낮음. 박스 없음.,241400,108629,0.55
린나이 RBR-P2501D,가스레인지,6개월 사용했습니다. 상태 양호하지만 배터리 효율 낮음. 정품 인증서 포함.,210750,181245,0.14
SK매직 뉴에코 GRA-910SR,가스레인지,3년 사용했습니다. 외관 약간 흠집이며 고장 없음. 추가 액세서리 포함.,171700,116755,0.32
SK매직 GRA-F2NRH,가스레인지,4년 사용했습니다. 상태 양호하지만 생활 기스 있음. 충전기 없음.,116450,60554,0.48
린나이 GTA24SJ,가스레인지,2년 사용했습니다. 상태 양호하지만 배터리 효율 낮음.,133400,93380,0.3
SK매직 뉴에코 GRA-841SR (GRA-841R),가스레인지,4년 사용했습니다. 사용감 있음이며 고장 없음. 박스 및 구성품 있음.,144000,79200,0.45
린나이 RBR-S3000,가스레인지,4년 사용했습니다. 외관 심한 흠집그리고 화면 금 갔음. 추가 액세서리 포함.,218950,81011,0.63
하츠 GC-3605SDBH,가스레인지,1년 사용했습니다. 사용감 있음그리고 배터리 효율 낮음. 박스 없음.,135000,98550,0.27
린나이 RBR-S3603DIJ,가스레인지,1년 사용했습니다. 상태 보통그리고 배터리 효율 낮음. 추가 액세서리 포함.,156710,123800,0.21
SK매직 GRA-B3FDD,가스레인지,5년 사용했습니다. 상태 최상이며 작동 이상 없음. 충전기 없음.,126000,65520,0.48
린나이 RBR-S4000,가스레인지,5년 사용했습니다. 외관 약간 흠집그리고 생활 기스 있음.,260460,106788,0.59
SK매직 GRA-B3216D,가스레인지,4년 사용했습니다. 사용감 있음이며 고장 없음. 정품 인증서 포함.,113920,63795,0.44
SK매직 GRA-B322K,가스레인지,6개월 사용했습니다. 생활흔적 있음그리고 생활 기스 있음. 박스 없음.,174080,144486,0.17
린나이 RBR-P4400,가스레인지,3년 사용했습니다. 외관 약간 흠집그리고 생활 기스 있음. 박스 및 구성품 있음.,436700,266387,0.39
린나이 RT-5102,가스레인지,1년 사용했습니다. 상태 양호이며 작동 이상 없음.,250380,225342,0.1
린나이 INBS301DJ,가스레인지,3년 사용했습니다. 외관 심한 흠집그리고 생활 기스 있음. 박스 없음.,167350,88695,0.47
SK매직 GRAB221K,가스레인지,6개월 사용했습니다. 외관 심한 흠집그리고 생활 기스 있음. 추가 액세서리 포함.,85440,70060,0.18
린나이 RBR-S3307DJ,가스레인지,1년 사용했습니다. 상태 보통그리고 액정 파손.,158790,106389,0.33
린나이 RBR-S3001D,가스레인지,1개월 사용했습니다. 생활흔적 있음이며 작동 이상 없음.,213600,192240,0.1
린나이 CTA22NJ,가스레인지,2년 사용했습니다. 상태 최상하지만 액정 파손. 충전기 없음.,138600,85932,0.38
린나이 RT-1620I,가스레인지,1개월 사용했습니다. 상태 양호하지만 액정 파손. 박스 및 구성품 있음.,189730,147989,0.22
매직쉐프 MMW-W23FDHW,가스레인지,1년 사용했습니다. 상태 최상하지만 액정 파손. 박스 및 구성품 있음.,119960,89970,0.25
린나이 RT-1080IJ,가스레인지,4년 사용했습니다. 사용감 있음그리고 생활 기스 있음. 박스 및 구성품 있음.,128060,64030,0.5
린나이 INCP2032WJ,가스레인지,1개월 사용했습니다. 외관 약간 흠집그리고 화면 금 갔음.,143060,113017,0.21
SK매직 GRA-B3218D,가스레인지,6개월 사용했습니다. 외관 약간 흠집이며 고장 없음. 정품 인증서 포함.,147990,133191,0.1
린나이 RT-6520I,가스레인지,4년 사용했습니다. 상태 양호이며 작동 이상 없음. 추가 액세서리 포함.,188810,117062,0.38
린나이 CPBC611DJ,가스레인지,거의 사용하지 않음. 사용감 있음그리고 액정 파손. 충전기 없음.,176080,117973,0.33
SK매직 GRA-BA301D,가스레인지,6개월 사용했습니다. 외관 심한 흠집그리고 화면 금 갔음. 정품 인증서 포함.,229020,162604,0.29
린나이 RBR-PF3000,가스레인지,3년 사용했습니다. 상태 최상하지만 생활 기스 있음.,294960,206472,0.3
SK매직 뉴에코 GRA-851SR,가스레인지,5년 사용했습니다. 상태 양호하지만 생활 기스 있음. 추가 액세서리 포함.,128820,60545,0.53
린나이 RBR-S6201D,가스레인지,4년 사용했습니다. 외관 심한 흠집그리고 화면 금 갔음. 정품 인증서 포함.,180000,64800,0.64
린나이 RBR-P3511WD,가스레인지,2년 사용했습니다. 외관 약간 흠집그리고 액정 파손. 박스 없음.,241400,130356,0.46
린나이 RBR-P2501D,가스레인지,2년 사용했습니다. 생활흔적 있음그리고 생활 기스 있음.,210750,147525,0.3
SK매직 뉴에코 GRA-910SR,가스레인지,1년 사용했습니다. 생활흔적 있음그리고 액정 파손. 박스 및 구성품 있음.,171700,111605,0.35
SK매직 GRA-F2NRH,가스레인지,1개월 사용했습니다. 외관 약간 흠집이며 고장 없음. 충전기 없음.,116450,104805,0.1
린나이 GTA24SJ,가스레인지,6개월 사용했습니다. 생활흔적 있음그리고 생활 기스 있음. 추가 액세서리 포함.,133400,116058,0.13
SK매직 뉴에코 GRA-841SR (GRA-841R),가스레인지,4년 사용했습니다. 생활흔적 있음이며 작동 이상 없음. 박스 없음.,144000,76320,0.47
린나이 RBR-S3000,가스레인지,거의 사용하지 않음. 상태 보통그리고 화면 금 갔음. 추가 액세서리 포함.,218950,172970,0.21
하츠 GC-3605SDBH,가스레인지,1년 사용했습니다. 외관 약간 흠집그리고 생활 기스 있음. 박스 없음.,135000,106650,0.21
린나이 RBR-S3603DIJ,가스레인지,2년 사용했습니다. 사용감 있음그리고 배터리 효율 낮음.,156710,101861,0.35
SK매직 GRA-B3FDD,가스레인지,1개월 사용했습니다. 상태 최상이며 고장 없음. 충전기 없음.,126000,113400,0.1
린나이 RBR-S4000,가스레인지,5년 사용했습니다. 상태 양호하지만 배터리 효율 낮음. 박스 및 구성품 있음.,260460,104184,0.6
SK매직 GRA-B3216D,가스레인지,6개월 사용했습니다. 사용감 있음그리고 생활 기스 있음. 박스 없음.,113920,94553,0.17
SK매직 GRA-B322K,가스레인지,1개월 사용했습니다. 외관 심한 흠집그리고 생활 기스 있음. 정품 인증서 포함.,174080,146227,0.16
린나이 RBR-P4400,가스레인지,3년 사용했습니다. 사용감 있음그리고 화면 금 갔음.,436700,218350,0.5
린나이 RT-5102,가스레인지,5년 사용했습니다. 생활흔적 있음이며 작동 이상 없음.,250380,112670,0.55
린나이 INBS301DJ,가스레인지,1개월 사용했습니다. 상태 최상이며 작동 이상 없음.,167350,150615,0.1
SK매직 GRAB221K,가스레인지,4년 사용했습니다. 생활흔적 있음그리고 액정 파손. 충전기 없음.,85440,27340,0.68
린나이 RBR-S3307DJ,가스레인지,5년 사용했습니다. 외관 심한 흠집그리고 화면 금 갔음. 박스 없음.,158790,36521,0.77
린나이 RBR-S3001D,가스레인지,1년 사용했습니다. 외관 심한 흠집그리고 생활 기스 있음.,213600,160200,0.25
린나이 CTA22NJ,가스레인지,1년 사용했습니다. 상태 최상하지만 액정 파손. 정품 인증서 포함.,138600,105336,0.24
린나이 RT-1620I,가스레인지,2년 사용했습니다. 사용감 있음그리고 생활 기스 있음. 박스 및 구성품 있음.,189730,132811,0.3
매직쉐프 MMW-W23FDHW,가스레인지,3년 사용했습니다. 상태 최상하지만 생활 기스 있음. 충전기 없음.,119960,80373,0.33
린나이 RT-1080IJ,가스레인지,2년 사용했습니다. 상태 보통이며 작동 이상 없음. 박스 및 구성품 있음.,128060,98606,0.23
린나이 INCP2032WJ,가스레인지,거의 사용하지 않음. 사용감 있음그리고 생활 기스 있음. 정품 인증서 포함.,143060,123031,0.14
SK매직 GRA-B3218D,가스레인지,4년 사용했습니다. 상태 보통그리고 액정 파손. 박스 없음.,147990,51796,0.65
린나이 RT-6520I,가스레인지,3년 사용했습니다. 외관 약간 흠집그리고 배터리 효율 낮음. 박스 및 구성품 있음.,188810,105733,0.44
린나이 CPBC611DJ,가스레인지,5년 사용했습니다. 외관 약간 흠집그리고 생활 기스 있음. 충전기 없음.,176080,66910,0.62
SK매직 GRA-BA301D,가스레인지,4년 사용했습니다. 외관 약간 흠집그리고 배터리 효율 낮음.,229020,105349,0.54
린나이 RBR-PF3000,가스레인지,3년 사용했습니다. 외관 약간 흠집그리고 액정 파손. 추가 액세서리 포함.,294960,141580,0.52
SK매직 뉴에코 GRA-851SR,가스레인지,2년 사용했습니다. 생활흔적 있음그리고 화면 금 갔음. 정품 인증서 포함.,128820,78580,0.39
린나이 RBR-S6201D,가스레인지,3년 사용했습니다. 외관 심한 흠집이며 고장 없음.,180000,108000,0.4
린나이 RBR-P3511WD,가스레인지,1개월 사용했습니다. 사용감 있음그리고 액정 파손. 정품 인증서 포함.,241400,178636,0.26
린나이 RBR-P2501D,가스레인지,6개월 사용했습니다. 상태 최상하지만 액정 파손. 박스 없음.,210750,164385,0.22
SK매직 뉴에코 GRA-910SR,가스레인지,거의 사용하지 않음. 생활흔적 있음그리고 액정 파손. 충전기 없음.,171700,115038,0.33
SK매직 GRA-F2NRH,가스레인지,5년 사용했습니다. 외관 약간 흠집그리고 배터리 효율 낮음. 박스 및 구성품 있음.,116450,41922,0.64
린나이 GTA24SJ,가스레인지,4년 사용했습니다. 생활흔적 있음그리고 화면 금 갔음. 정품 인증서 포함.,133400,54694,0.59
SK매직 뉴에코 GRA-841SR (GRA-841R),가스레인지,거의 사용하지 않음. 상태 최상이며 고장 없음. 추가 액세서리 포함.,144000,129600,0.1
린나이 RBR-S3000,가스레인지,2년 사용했습니다. 상태 보통그리고 화면 금 갔음. 박스 및 구성품 있음.,218950,135749,0.38
하츠 GC-3605SDBH,가스레인지,5년 사용했습니다. 상태 최상하지만 생활 기스 있음.,135000,67500,0.5
린나이 RBR-S3603DIJ,가스레인지,5년 사용했습니다. 외관 약간 흠집그리고 화면 금 갔음. 정품 인증서 포함.,156710,50147,0.68
SK매직 GRA-B3FDD,가스레인지,6개월 사용했습니다. 상태 보통그리고 생활 기스 있음. 추가 액세서리 포함.,126000,112140,0.11
린나이 RBR-S4000,가스레인지,4년 사용했습니다. 상태 보통그리고 화면 금 갔음. 정품 인증서 포함.,260460,111997,0.57
SK매직 GRA-B3216D,가스레인지,3년 사용했습니다. 생활흔적 있음그리고 화면 금 갔음. 추가 액세서리 포함.,113920,59238,0.48
SK매직 GRA-B322K,가스레인지,5년 사용했습니다. 생활흔적 있음그리고 생활 기스 있음. 충전기 없음.,174080,64409,0.63
린나이 RBR-P4400,가스레인지,3년 사용했습니다. 상태 양호이며 작동 이상 없음. 정품 인증서 포함.,436700,310057,0.29
린나이 RT-5102,가스레인지,3년 사용했습니다. 외관 심한 흠집그리고 액정 파손. 추가 액세서리 포함.,250380,105159,0.58
린나이 INBS301DJ,가스레인지,2년 사용했습니다. 상태 보통이며 고장 없음. 추가 액세서리 포함.,167350,132206,0.21
SK매직 GRAB221K,가스레인지,거의 사용하지 않음. 외관 심한 흠집이며 고장 없음. 정품 인증서 포함.,85440,73478,0.14
린나이 RBR-S3307DJ,가스레인지,3년 사용했습니다. 상태 최상이며 작동 이상 없음.,158790,119092,0.25
린나이 RBR-S3001D,가스레인지,2년 사용했습니다. 외관 심한 흠집이며 고장 없음. 충전기 없음.,213600,143111,0.33
린나이 CTA22NJ,가스레인지,3년 사용했습니다. 상태 보통그리고 배터리 효율 낮음. 충전기 없음.,138600,74844,0.46
린나이 RT-1620I,가스레인지,3년 사용했습니다. 생활흔적 있음그리고 생활 기스 있음.,189730,113838,0.4
매직쉐프 MMW-W23FDHW,가스레인지,1개월 사용했습니다. 상태 양호이며 작동 이상 없음. 박스 없음.,119960,107964,0.1
린나이 RT-1080IJ,가스레인지,5년 사용했습니다. 상태 최상하지만 배터리 효율 낮음.,128060,57626,0.55
린나이 INCP2032WJ,가스레인지,6개월 사용했습니다. 외관 심한 흠집이며 고장 없음. 박스 및 구성품 있음.,143060,121601,0.15
SK매직 GRA-B3218D,가스레인지,3년 사용했습니다. 상태 보통이며 고장 없음.,147990,99153,0.33
린나이 RT-6520I,가스레인지,6개월 사용했습니다. 외관 심한 흠집그리고 생활 기스 있음. 박스 없음.,188810,147271,0.22
린나이 CPBC611DJ,가스레인지,6개월 사용했습니다. 상태 최상하지만 화면 금 갔음. 정품 인증서 포함.,176080,151428,0.14
SK매직 GRA-BA301D,가스레인지,3년 사용했습니다. 상태 보통이며 고장 없음. 충전기 없음.,229020,146572,0.36
린나이 RBR-PF3000,가스레인지,4년 사용했습니다. 상태 양호이며 작동 이상 없음. 추가 액세서리 포함.,294960,182875,0.38
SK매직 뉴에코 GRA-851SR,가스레인지,거의 사용하지 않음. 상태 최상이며 고장 없음.,128820,115938,0.1
린나이 RBR-S6201D,가스레인지,거의 사용하지 않음. 사용감 있음그리고 화면 금 갔음. 추가 액세서리 포함.,180000,138600,0.23
린나이 RBR-P3511WD,가스레인지,거의 사용하지 않음. 사용감 있음이며 고장 없음. 정품 인증서 포함.,241400,217260,0.1
린나이 RBR-P2501D,가스레인지,1년 사용했습니다. 상태 보통그리고 액정 파손. 박스 및 구성품 있음.,210750,141202,0.33
SK매직 뉴에코 GRA-910SR,가스레인지,6개월 사용했습니다. 외관 심한 흠집이며 작동 이상 없음.,171700,145945,0.15
SK매직 GRA-F2NRH,가스레인지,2년 사용했습니다. 상태 보통그리고 화면 금 갔음.,116450,72199,0.38
린나이 GTA24SJ,가스레인지,3년 사용했습니다. 상태 양호이며 고장 없음.,133400,93380,0.3
SK매직 뉴에코 GRA-841SR (GRA-841R),가스레인지,3년 사용했습니다. 상태 보통그리고 배터리 효율 낮음. 정품 인증서 포함.,144000,83520,0.42
린나이 RBR-S3000,가스레인지,3년 사용했습니다. 상태 보통이며 작동 이상 없음. 정품 인증서 포함.,218950,148886,0.32
하츠 GC-3605SDBH,가스레인지,2년 사용했습니다. 외관 약간 흠집그리고 액정 파손. 충전기 없음.,135000,71550,0.47
린나이 RBR-S3603DIJ,가스레인지,4년 사용했습니다. 외관 약간 흠집그리고 생활 기스 있음. 추가 액세서리 포함.,156710,83056,0.47
SK매직 GRA-B3FDD,가스레인지,1개월 사용했습니다. 외관 심한 흠집그리고 액정 파손. 정품 인증서 포함.,126000,86940,0.31
린나이 RBR-S4000,가스레인지,6개월 사용했습니다. 상태 최상하지만 화면 금 갔음.,260460,221391,0.15
SK매직 GRA-B3216D,가스레인지,6개월 사용했습니다. 상태 보통그리고 배터리 효율 낮음. 박스 없음.,113920,91136,0.2
SK매직 GRA-B322K,가스레인지,1년 사용했습니다. 생활흔적 있음그리고 화면 금 갔음. 추가 액세서리 포함.,174080,125337,0.28
린나이 RBR-P4400,가스레인지,3년 사용했습니다. 상태 보통이며 작동 이상 없음. 추가 액세서리 포함.,436700,301323,0.31
린나이 RT-5102,가스레인지,거의 사용하지 않음. 외관 약간 흠집그리고 화면 금 갔음. 박스 없음.,250380,185281,0.26
린나이 INBS301DJ,가스레인지,1개월 사용했습니다. 상태 보통그리고 화면 금 갔음. 박스 및 구성품 있음.,167350,133880,0.2
SK매직 GRAB221K,가스레인지,1년 사용했습니다. 생활흔적 있음이며 작동 이상 없음. 정품 인증서 포함.,85440,73478,0.14
린나이 RBR-S3307DJ,가스레인지,1개월 사용했습니다. 상태 보통그리고 화면 금 갔음.,158790,127032,0.2
린나이 RBR-S3001D,가스레인지,2년 사용했습니다. 상태 최상하지만 생활 기스 있음. 정품 인증서 포함.,213600,173016,0.19
린나이 CTA22NJ,가스레인지,4년 사용했습니다. 사용감 있음그리고 액정 파손. 박스 및 구성품 있음.,138600,48510,0.65
린나이 RT-1620I,가스레인지,3년 사용했습니다. 상태 최상하지만 배터리 효율 낮음. 박스 없음.,189730,119529,0.37
매직쉐프 MMW-W23FDHW,가스레인지,3년 사용했습니다. 사용감 있음그리고 생활 기스 있음. 정품 인증서 포함.,119960,73175,0.39
린나이 RT-1080IJ,가스레인지,1개월 사용했습니다. 생활흔적 있음그리고 화면 금 갔음. 박스 및 구성품 있음.,128060,99886,0.22
린나이 INCP2032WJ,가스레인지,거의 사용하지 않음. 상태 최상하지만 액정 파손.,143060,114448,0.2
SK매직 GRA-B3218D,가스레인지,거의 사용하지 않음. 상태 최상이며 작동 이상 없음. 추가 액세서리 포함.,147990,133191,0.1
린나이 RT-6520I,가스레인지,4년 사용했습니다. 생활흔적 있음이며 고장 없음. 박스 및 구성품 있음.,188810,103845,0.45
린나이 CPBC611DJ,가스레인지,6개월 사용했습니다. 외관 심한 흠집그리고 배터리 효율 낮음. 박스 및 구성품 있음.,176080,132060,0.25
SK매직 GRA-BA301D,가스레인지,1개월 사용했습니다. 상태 양호하지만 화면 금 갔음. 추가 액세서리 포함.,229020,194667,0.15
린나이 RBR-PF3000,가스레인지,1년 사용했습니다. 외관 심한 흠집그리고 배터리 효율 낮음. 추가 액세서리 포함.,294960,212371,0.28
SK매직 뉴에코 GRA-851SR,가스레인지,6개월 사용했습니다. 상태 보통이며 고장 없음. 추가 액세서리 포함.,128820,115938,0.1
린나이 RBR-S6201D,가스레인지,6개월 사용했습니다. 상태 보통그리고 화면 금 갔음. 충전기 없음.,180000,133200,0.26
린나이 RBR-P3511WD,가스레인지,1개월 사용했습니다. 상태 보통이며 고장 없음. 박스 및 구성품 있음.,241400,217260,0.1
린나이 RBR-P2501D,가스레인지,거의 사용하지 않음. 생활흔적 있음그리고 액정 파손.,210750,147525,0.3
SK매직 뉴에코 GRA-910SR,가스레인지,1년 사용했습니다. 상태 양호하지만 화면 금 갔음.,171700,128775,0.25
SK매직 GRA-F2NRH,가스레인지,1년 사용했습니다. 상태 보통그리고 생활 기스 있음. 충전기 없음.,116450,91995,0.21
린나이 GTA24SJ,가스레인지,1개월 사용했습니다. 상태 최상하지만 화면 금 갔음. 박스 및 구성품 있음.,133400,117392,0.12
SK매직 뉴에코 GRA-841SR (GRA-841R),가스레인지,1년 사용했습니다. 상태 보통그리고 배터리 효율 낮음. 충전기 없음.,144000,106560,0.26
린나이 RBR-S3000,가스레인지,1년 사용했습니다. 사용감 있음그리고 배터리 효율 낮음.,218950,164212,0.25
하츠 GC-3605SDBH,가스레인지,5년 사용했습니다. 상태 최상하지만 배터리 효율 낮음. 박스 및 구성품 있음.,135000,60749,0.55
린나이 RBR-S3603DIJ,가스레인지,4년 사용했습니다. 생활흔적 있음그리고 생활 기스 있음. 충전기 없음.,156710,73653,0.53
SK매직 GRA-B3FDD,가스레인지,2년 사용했습니다. 상태 최상이며 작동 이상 없음.,126000,107100,0.15
린나이 RBR-S4000,가스레인지,3년 사용했습니다. 외관 약간 흠집그리고 액정 파손. 추가 액세서리 포함.,260460,125020,0.52
SK매직 GRA-B3216D,가스레인지,4년 사용했습니다. 사용감 있음그리고 화면 금 갔음. 정품 인증서 포함.,113920,46707,0.59
SK매직 GRA-B322K,가스레인지,1개월 사용했습니다. 생활흔적 있음그리고 배터리 효율 낮음. 박스 없음.,174080,141004,0.19
린나이 RBR-P4400,가스레인지,1개월 사용했습니다. 상태 양호이며 고장 없음. 박스 및 구성품 있음.,436700,393030,0.1
린나이 RT-5102,가스레인지,거의 사용하지 않음. 상태 최상하지만 생활 기스 있음. 추가 액세서리 포함.,250380,225342,0.1
린나이 INBS301DJ,가스레인지,1개월 사용했습니다. 상태 보통이며 작동 이상 없음. 박스 없음.,167350,150615,0.1
SK매직 GRAB221K,가스레인지,거의 사용하지 않음. 상태 양호하지만 화면 금 갔음. 박스 및 구성품 있음.,85440,68352,0.2
린나이 RBR-S3307DJ,가스레인지,3년 사용했습니다. 생활흔적 있음그리고 생활 기스 있음. 충전기 없음.,158790,90510,0.43
린나이 RBR-S3001D,가스레인지,1개월 사용했습니다. 상태 보통그리고 배터리 효율 낮음. 정품 인증서 포함.,213600,183696,0.14
린나이 CTA22NJ,가스레인지,6개월 사용했습니다. 생활흔적 있음이며 작동 이상 없음. 충전기 없음.,138600,120582,0.13
린나이 RT-1620I,가스레인지,3년 사용했습니다. 생활흔적 있음그리고 생활 기스 있음. 박스 및 구성품 있음.,189730,113838,0.4
매직쉐프 MMW-W23FDHW,가스레인지,6개월 사용했습니다. 외관 심한 흠집그리고 액정 파손. 박스 없음.,119960,75574,0.37
린나이 RT-1080IJ,가스레인지,2년 사용했습니다. 외관 심한 흠집그리고 화면 금 갔음. 박스 없음.,128060,67871,0.47
린나이 INCP2032WJ,가스레인지,5년 사용했습니다. 상태 보통이며 고장 없음. 정품 인증서 포함.,143060,68668,0.52
SK매직 GRA-B3218D,가스레인지,1개월 사용했습니다. 외관 심한 흠집그리고 액정 파손. 정품 인증서 포함.,147990,102113,0.31
린나이 RT-6520I,가스레인지,6개월 사용했습니다. 상태 최상하지만 생활 기스 있음. 박스 및 구성품 있음.,188810,169929,0.1
린나이 CPBC611DJ,가스레인지,3년 사용했습니다. 상태 보통이며 작동 이상 없음. 박스 및 구성품 있음.,176080,117973,0.33
SK매직 GRA-BA301D,가스레인지,5년 사용했습니다. 생활흔적 있음그리고 배터리 효율 낮음. 추가 액세서리 포함.,229020,84737,0.63
린나이 RBR-PF3000,가스레인지,5년 사용했습니다. 사용감 있음그리고 생활 기스 있음. 정품 인증서 포함.,294960,120933,0.59
SK매직 뉴에코 GRA-851SR,가스레인지,3년 사용했습니다. 상태 보통그리고 배터리 효율 낮음. 정품 인증서 포함.,128820,74715,0.42
린나이 RBR-S6201D,가스레인지,6개월 사용했습니다. 상태 양호이며 고장 없음.,180000,162000,0.1
린나이 RBR-P3511WD,가스레인지,3년 사용했습니다. 생활흔적 있음그리고 화면 금 갔음. 정품 인증서 포함.,241400,123114,0.49
린나이 RBR-P2501D,가스레인지,6개월 사용했습니다. 상태 최상하지만 배터리 효율 낮음. 정품 인증서 포함.,210750,189675,0.1
SK매직 뉴에코 GRA-910SR,가스레인지,1개월 사용했습니다. 상태 양호하지만 액정 파손. 박스 및 구성품 있음.,171700,133926,0.22
SK매직 GRA-F2NRH,가스레인지,5년 사용했습니다. 외관 약간 흠집이며 고장 없음. 정품 인증서 포함.,116450,54731,0.53
린나이 GTA24SJ,가스레인지,거의 사용하지 않음. 상태 보통이며 작동 이상 없음. 충전기 없음.,133400,118726,0.11
SK매직 뉴에코 GRA-841SR (GRA-841R),가스레인지,2년 사용했습니다. 상태 보통그리고 화면 금 갔음. 추가 액세서리 포함.,144000,92160,0.36
린나이 RBR-S3000,가스레인지,5년 사용했습니다. 사용감 있음이며 고장 없음. 정품 인증서 포함.,218950,100716,0.54
하츠 GC-3605SDBH,가스레인지,3년 사용했습니다. 외관 약간 흠집그리고 생활 기스 있음.,135000,82350,0.39
린나이 RBR-S3603DIJ,가스레인지,4년 사용했습니다. 생활흔적 있음이며 작동 이상 없음. 박스 없음.,156710,83056,0.47
SK매직 GRA-B3FDD,가스레인지,6개월 사용했습니다. 상태 보통이며 고장 없음. 추가 액세서리 포함.,126000,113400,0.1
린나이 RBR-S4000,가스레인지,거의 사용하지 않음. 상태 보통이며 작동 이상 없음. 정품 인증서 포함.,260460,234414,0.1
SK매직 GRA-B3216D,가스레인지,6개월 사용했습니다. 사용감 있음이며 고장 없음. 추가 액세서리 포함.,113920,102528,0.1
SK매직 GRA-B322K,가스레인지,1개월 사용했습니다. 사용감 있음그리고 화면 금 갔음. 충전기 없음.,174080,130560,0.25
린나이 RBR-P4400,가스레인지,거의 사용하지 않음. 생활흔적 있음그리고 생활 기스 있음. 충전기 없음.,436700,358094,0.18
린나이 RT-5102,가스레인지,1년 사용했습니다. 생활흔적 있음그리고 생활 기스 있음. 충전기 없음.,250380,192792,0.23
린나이 INBS301DJ,가스레인지,6개월 사용했습니다. 상태 최상하지만 배터리 효율 낮음. 박스 없음.,167350,147268,0.12
SK매직 GRAB221K,가스레인지,6개월 사용했습니다. 생활흔적 있음이며 고장 없음. 박스 및 구성품 있음.,85440,76896,0.1
린나이 RBR-S3307DJ,가스레인지,1개월 사용했습니다. 외관 심한 흠집이며 작동 이상 없음. 박스 및 구성품 있음.,158790,139735,0.12
린나이 RBR-S3001D,가스레인지,4년 사용했습니다. 외관 심한 흠집그리고 화면 금 갔음. 박스 없음.,213600,70487,0.67
린나이 CTA22NJ,가스레인지,4년 사용했습니다. 상태 보통그리고 배터리 효율 낮음. 추가 액세서리 포함.,138600,67914,0.51
린나이 RT-1620I,가스레인지,1개월 사용했습니다. 상태 양호하지만 화면 금 갔음. 박스 및 구성품 있음.,189730,157475,0.17
매직쉐프 MMW-W23FDHW,가스레인지,1년 사용했습니다. 상태 최상이며 고장 없음. 박스 및 구성품 있음.,119960,107964,0.1
린나이 RT-1080IJ,가스레인지,1년 사용했습니다. 외관 심한 흠집그리고 화면 금 갔음. 박스 및 구성품 있음.,128060,83239,0.35
린나이 INCP2032WJ,가스레인지,1년 사용했습니다. 생활흔적 있음그리고 배터리 효율 낮음.,143060,107295,0.25
SK매직 GRA-B3218D,가스레인지,5년 사용했습니다. 외관 약간 흠집그리고 화면 금 갔음. 박스 및 구성품 있음.,147990,45876,0.69
린나이 RT-6520I,가스레인지,거의 사용하지 않음. 외관 심한 흠집이며 고장 없음. 박스 없음.,188810,156712,0.17
린나이 CPBC611DJ,가스레인지,2년 사용했습니다. 생활흔적 있음그리고 생활 기스 있음. 박스 및 구성품 있음.,176080,123255,0.3
SK매직 GRA-BA301D,가스레인지,3년 사용했습니다. 상태 보통그리고 배터리 효율 낮음. 정품 인증서 포함.,229020,132831,0.42
린나이 RBR-PF3000,가스레인지,거의 사용하지 않음. 외관 심한 흠집그리고 배터리 효율 낮음. 박스 없음.,294960,215320,0.27
SK매직 뉴에코 GRA-851SR,가스레인지,1개월 사용했습니다. 외관 심한 흠집이며 작동 이상 없음. 추가 액세서리 포함.,128820,115938,0.1
린나이 RBR-S6201D,가스레인지,2년 사용했습니다. 상태 보통그리고 생활 기스 있음. 추가 액세서리 포함.,180000,133200,0.26
린나이 RBR-P3511WD,가스레인지,5년 사용했습니다. 상태 최상하지만 생활 기스 있음. 충전기 없음.,241400,113458,0.53
린나이 RBR-P2501D,가스레인지,2년 사용했습니다. 외관 약간 흠집그리고 화면 금 갔음. 박스 없음.,210750,124342,0.41
SK매직 뉴에코 GRA-910SR,가스레인지,거의 사용하지 않음. 사용감 있음그리고 배터리 효율 낮음. 정품 인증서 포함.,171700,139077,0.19
SK매직 GRA-F2NRH,가스레인지,3년 사용했습니다. 사용감 있음그리고 액정 파손. 박스 및 구성품 있음.,116450,52402,0.55
린나이 GTA24SJ,가스레인지,6개월 사용했습니다. 외관 심한 흠집그리고 생활 기스 있음. 추가 액세서리 포함.,133400,109388,0.18
SK매직 뉴에코 GRA-841SR (GRA-841R),가스레인지,1개월 사용했습니다. 생활흔적 있음그리고 액정 파손. 충전기 없음.,144000,100800,0.3
린나이 RBR-S3000,가스레인지,거의 사용하지 않음. 상태 최상이며 작동 이상 없음. 정품 인증서 포함.,218950,197055,0.1
하츠 GC-3605SDBH,가스레인지,6개월 사용했습니다. 생활흔적 있음그리고 생활 기스 있음. 정품 인증서 포함.,135000,116100,0.14
린나이 RBR-S3603DIJ,가스레인지,1개월 사용했습니다. 외관 심한 흠집그리고 화면 금 갔음. 박스 및 구성품 있음.,156710,114398,0.27
SK매직 GRA-B3FDD,가스레인지,6개월 사용했습니다. 외관 약간 흠집그리고 배터리 효율 낮음. 충전기 없음.,126000,98280,0.22
린나이 RBR-S4000,가스레인지,6개월 사용했습니다. 생활흔적 있음이며 고장 없음. 추가 액세서리 포함.,260460,234414,0.1
SK매직 GRA-B3216D,가스레인지,4년 사용했습니다. 생활흔적 있음그리고 액정 파손. 충전기 없음.,113920,36454,0.68
SK매직 GRA-B322K,가스레인지,4년 사용했습니다. 외관 심한 흠집그리고 생활 기스 있음. 충전기 없음.,174080,73113,0.58
린나이 RBR-P4400,가스레인지,1년 사용했습니다. 생활흔적 있음그리고 배터리 효율 낮음. 추가 액세서리 포함.,436700,336259,0.23
린나이 RT-5102,가스레인지,1개월 사용했습니다. 사용감 있음그리고 배터리 효율 낮음. 박스 및 구성품 있음.,250380,207815,0.17
린나이 INBS301DJ,가스레인지,6개월 사용했습니다. 상태 양호하지만 액정 파손.,167350,125512,0.25
SK매직 GRAB221K,가스레인지,6개월 사용했습니다. 생활흔적 있음이며 고장 없음. 정품 인증서 포함.,85440,76896,0.1
린나이 RBR-S3307DJ,가스레인지,4년 사용했습니다. 외관 심한 흠집이며 작동 이상 없음. 박스 및 구성품 있음.,158790,79395,0.5
린나이 RBR-S3001D,가스레인지,거의 사용하지 않음. 사용감 있음이며 고장 없음. 박스 및 구성품 있음.,213600,192240,0.1
린나이 CTA22NJ,가스레인지,1개월 사용했습니다. 외관 심한 흠집그리고 화면 금 갔음. 박스 및 구성품 있음.,138600,101178,0.27
린나이 RT-1620I,가스레인지,3년 사용했습니다. 상태 양호이며 고장 없음. 박스 없음.,189730,129016,0.32
매직쉐프 MMW-W23FDHW,가스레인지,4년 사용했습니다. 상태 최상이며 작동 이상 없음.,119960,77974,0.35
린나이 RT-1080IJ,가스레인지,1년 사용했습니다. 외관 심한 흠집그리고 배터리 효율 낮음. 박스 및 구성품 있음.,128060,89642,0.3
린나이 INCP2032WJ,가스레인지,2년 사용했습니다. 사용감 있음그리고 생활 기스 있음. 정품 인증서 포함.,143060,101572,0.29
SK매직 GRA-B3218D,가스레인지,5년 사용했습니다. 외관 약간 흠집이며 작동 이상 없음.,147990,68075,0.54
린나이 RT-6520I,가스레인지,거의 사용하지 않음. 상태 보통그리고 생활 기스 있음. 추가 액세서리 포함.,188810,168040,0.11
린나이 CPBC611DJ,가스레인지,거의 사용하지 않음. 상태 보통그리고 생활 기스 있음. 정품 인증서 포함.,176080,154950,0.12
SK매직 GRA-BA301D,가스레인지,5년 사용했습니다. 사용감 있음이며 고장 없음. 박스 및 구성품 있음.,229020,103058,0.55
린나이 RBR-PF3000,가스레인지,3년 사용했습니다. 외관 심한 흠집이며 고장 없음.,294960,176976,0.4
SK매직 뉴에코 GRA-851SR,가스레인지,1년 사용했습니다. 상태 최상하지만 액정 파손. 추가 액세서리 포함.,128820,99191,0.23
린나이 RBR-S6201D,가스레인지,6개월 사용했습니다. 외관 심한 흠집그리고 배터리 효율 낮음. 정품 인증서 포함.,180000,136800,0.24
린나이 RBR-P3511WD,가스레인지,거의 사용하지 않음. 외관 심한 흠집그리고 액정 파손. 추가 액세서리 포함.,241400,161737,0.33
린나이 RBR-P2501D,가스레인지,1년 사용했습니다. 외관 심한 흠집그리고 배터리 효율 낮음. 박스 없음.,210750,143310,0.32
SK매직 뉴에코 GRA-910SR,가스레인지,4년 사용했습니다. 생활흔적 있음이며 고장 없음. 정품 인증서 포함.,171700,96152,0.44
SK매직 GRA-F2NRH,가스레인지,1개월 사용했습니다. 상태 보통그리고 액정 파손. 정품 인증서 포함.,116450,88502,0.24
린나이 GTA24SJ,가스레인지,4년 사용했습니다. 생활흔적 있음그리고 배터리 효율 낮음. 정품 인증서 포함.,133400,61363,0.54
SK매직 뉴에코 GRA-841SR (GRA-841R),가스레인지,6개월 사용했습니다. 상태 보통이며 고장 없음. 박스 없음.,144000,129600,0.1
린나이 RBR-S3000,가스레인지,거의 사용하지 않음. 상태 최상이며 작동 이상 없음. 정품 인증서 포함.,218950,197055,0.1
하츠 GC-3605SDBH,가스레인지,6개월 사용했습니다. 사용감 있음그리고 화면 금 갔음. 박스 및 구성품 있음.,135000,101250,0.25
린나이 RBR-S3603DIJ,가스레인지,2년 사용했습니다. 상태 최상이며 고장 없음. 충전기 없음.,156710,128502,0.18
SK매직 GRA-B3FDD,가스레인지,6개월 사용했습니다. 외관 심한 흠집그리고 화면 금 갔음. 박스 및 구성품 있음.,126000,88200,0.3
린나이 RBR-S4000,가스레인지,3년 사용했습니다. 사용감 있음그리고 화면 금 갔음. 충전기 없음.,260460,122416,0.53
SK매직 GRA-B3216D,가스레인지,6개월 사용했습니다. 생활흔적 있음그리고 액정 파손. 충전기 없음.,113920,76326,0.33
SK매직 GRA-B322K,가스레인지,5년 사용했습니다. 사용감 있음그리고 생활 기스 있음. 정품 인증서 포함.,174080,71372,0.59
린나이 RBR-P4400,가스레인지,2년 사용했습니다. 상태 보통그리고 생활 기스 있음. 충전기 없음.,436700,301323,0.31
린나이 RT-5102,가스레인지,3년 사용했습니다. 상태 보통그리고 액정 파손. 추가 액세서리 포함.,250380,122686,0.51
린나이 INBS301DJ,가스레인지,4년 사용했습니다. 외관 약간 흠집그리고 화면 금 갔음. 충전기 없음.,167350,63593,0.62
SK매직 GRAB221K,가스레인지,1년 사용했습니다. 상태 보통그리고 배터리 효율 낮음.,85440,65788,0.23
린나이 RBR-S3307DJ,가스레인지,1년 사용했습니다. 외관 약간 흠집이며 고장 없음. 정품 인증서 포함.,158790,138147,0.13
린나이 RBR-S3001D,가스레인지,거의 사용하지 않음. 생활흔적 있음그리고 생활 기스 있음.,213600,181560,0.15
린나이 CTA22NJ,가스레인지,6개월 사용했습니다. 외관 심한 흠집이며 고장 없음. 추가 액세서리 포함.,138600,120582,0.13
린나이 RT-1620I,가스레인지,2년 사용했습니다. 상태 양호하지만 액정 파손. 박스 없음.,189730,110043,0.42
매직쉐프 MMW-W23FDHW,가스레인지,2년 사용했습니다. 외관 약간 흠집이며 작동 이상 없음. 박스 없음.,119960,88770,0.26
린나이 RT-1080IJ,가스레인지,1년 사용했습니다. 외관 약간 흠집그리고 액정 파손. 박스 및 구성품 있음.,128060,84519,0.34
린나이 INCP2032WJ,가스레인지,1개월 사용했습니다. 상태 최상하지만 배터리 효율 낮음. 충전기 없음.,143060,128754,0.1
SK매직 GRA-B3218D,가스레인지,4년 사용했습니다. 상태 최상하지만 화면 금 갔음. 정품 인증서 포함.,147990,75474,0.49
린나이 RT-6520I,가스레인지,6개월 사용했습니다. 상태 양호하지만 생활 기스 있음. 정품 인증서 포함.,188810,169929,0.1
린나이 CPBC611DJ,가스레인지,1년 사용했습니다. 외관 심한 흠집그리고 배터리 효율 낮음. 충전기 없음.,176080,117973,0.33
SK매직 GRA-BA301D,가스레인지,1년 사용했습니다. 상태 보통그리고 배터리 효율 낮음. 박스 없음.,229020,171765,0.25
린나이 RBR-PF3000,가스레인지,거의 사용하지 않음. 생활흔적 있음그리고 화면 금 갔음.,294960,221220,0.25
SK매직 뉴에코 GRA-851SR,가스레인지,2년 사용했습니다. 상태 최상이며 작동 이상 없음. 박스 없음.,128820,106920,0.17
린나이 RBR-S6201D,가스레인지,거의 사용하지 않음. 사용감 있음그리고 액정 파손.,180000,125999,0.3
린나이 RBR-P3511WD,가스레인지,3년 사용했습니다. 외관 약간 흠집그리고 배터리 효율 낮음. 박스 없음.,241400,130356,0.46
린나이 RBR-P2501D,가스레인지,6개월 사용했습니다. 외관 심한 흠집이며 작동 이상 없음. 추가 액세서리 포함.,210750,183352,0.13
SK매직 뉴에코 GRA-910SR,가스레인지,2년 사용했습니다. 외관 약간 흠집그리고 생활 기스 있음. 추가 액세서리 포함.,171700,125341,0.27
SK매직 GRA-F2NRH,가스레인지,5년 사용했습니다. 외관 심한 흠집이며 고장 없음. 추가 액세서리 포함.,116450,48909,0.58
린나이 GTA24SJ,가스레인지,6개월 사용했습니다. 상태 양호하지만 화면 금 갔음. 박스 없음.,133400,104052,0.22
SK매직 뉴에코 GRA-841SR (GRA-841R),가스레인지,3년 사용했습니다. 외관 심한 흠집그리고 액정 파손.,144000,57600,0.6
린나이 RBR-S3000,가스레인지,5년 사용했습니다. 상태 양호이며 작동 이상 없음. 충전기 없음.,218950,102906,0.53
하츠 GC-3605SDBH,가스레인지,1년 사용했습니다. 외관 약간 흠집이며 작동 이상 없음. 추가 액세서리 포함.,135000,118800,0.12
린나이 RBR-S3603DIJ,가스레인지,4년 사용했습니다. 생활흔적 있음이며 고장 없음. 정품 인증서 포함.,156710,87757,0.44
SK매직 GRA-B3FDD,가스레인지,4년 사용했습니다. 상태 보통그리고 배터리 효율 낮음. 정품 인증서 포함.,126000,60480,0.52
린나이 RBR-S4000,가스레인지,3년 사용했습니다. 생활흔적 있음그리고 액정 파손.,260460,117206,0.55
SK매직 GRA-B3216D,가스레인지,5년 사용했습니다. 상태 양호하지만 배터리 효율 낮음. 박스 없음.,113920,43289,0.62
SK매직 GRA-B322K,가스레인지,2년 사용했습니다. 외관 약간 흠집이며 작동 이상 없음. 충전기 없음.,174080,127078,0.27
린나이 RBR-P4400,가스레인지,1년 사용했습니다. 상태 양호하지만 배터리 효율 낮음. 추가 액세서리 포함.,436700,358094,0.18
린나이 RT-5102,가스레인지,3년 사용했습니다. 상태 양호하지만 화면 금 갔음. 충전기 없음.,250380,130197,0.48
린나이 INBS301DJ,가스레인지,1년 사용했습니다. 사용감 있음그리고 생활 기스 있음.,167350,133880,0.2
SK매직 GRAB221K,가스레인지,1개월 사용했습니다. 사용감 있음이며 작동 이상 없음. 충전기 없음.,85440,76896,0.1
린나이 RBR-S3307DJ,가스레인지,6개월 사용했습니다. 상태 양호이며 작동 이상 없음. 박스 없음.,158790,142911,0.1
린나이 RBR-S3001D,가스레인지,1년 사용했습니다. 상태 보통그리고 액정 파손. 추가 액세서리 포함.,213600,147384,0.31
린나이 CTA22NJ,가스레인지,1년 사용했습니다. 외관 심한 흠집그리고 생활 기스 있음. 충전기 없음.,138600,99792,0.28
린나이 RT-1620I,가스레인지,6개월 사용했습니다. 외관 심한 흠집그리고 배터리 효율 낮음. 정품 인증서 포함.,189730,144194,0.24
매직쉐프 MMW-W23FDHW,가스레인지,5년 사용했습니다. 외관 약간 흠집이며 작동 이상 없음.,119960,55181,0.54
린나이 RT-1080IJ,가스레인지,6개월 사용했습니다. 상태 보통이며 작동 이상 없음. 충전기 없음.,128060,113973,0.11
린나이 INCP2032WJ,가스레인지,4년 사용했습니다. 사용감 있음이며 고장 없음. 충전기 없음.,143060,74391,0.48
SK매직 GRA-B3218D,가스레인지,4년 사용했습니다. 상태 보통그리고 생활 기스 있음. 추가 액세서리 포함.,147990,79914,0.46
린나이 RT-6520I,가스레인지,거의 사용하지 않음. 상태 최상하지만 생활 기스 있음.,188810,169929,0.1
린나이 CPBC611DJ,가스레인지,1개월 사용했습니다. 상태 보통그리고 액정 파손. 박스 및 구성품 있음.,176080,132060,0.25
SK매직 GRA-BA301D,가스레인지,2년 사용했습니다. 사용감 있음이며 작동 이상 없음. 박스 및 구성품 있음.,229020,171765,0.25
린나이 RBR-PF3000,가스레인지,거의 사용하지 않음. 사용감 있음그리고 생활 기스 있음. 박스 없음.,294960,244816,0.17
SK매직 뉴에코 GRA-851SR,가스레인지,1개월 사용했습니다. 생활흔적 있음그리고 배터리 효율 낮음. 박스 및 구성품 있음.,128820,106920,0.17
린나이 RBR-S6201D,가스레인지,4년 사용했습니다. 상태 보통그리고 생활 기스 있음. 박스 및 구성품 있음.,180000,93600,0.48
린나이 RBR-P3511WD,가스레인지,3년 사용했습니다. 상태 보통그리고 배터리 효율 낮음. 추가 액세서리 포함.,241400,142426,0.41
린나이 RBR-P2501D,가스레인지,4년 사용했습니다. 상태 양호하지만 액정 파손. 충전기 없음.,210750,77977,0.63
SK매직 뉴에코 GRA-910SR,가스레인지,1년 사용했습니다. 상태 최상하지만 배터리 효율 낮음. 정품 인증서 포함.,171700,147662,0.14
SK매직 GRA-F2NRH,가스레인지,6개월 사용했습니다. 상태 양호이며 작동 이상 없음. 추가 액세서리 포함.,116450,104805,0.1
린나이 GTA24SJ,가스레인지,1년 사용했습니다. 상태 최상하지만 화면 금 갔음.,133400,106720,0.2
SK매직 뉴에코 GRA-841SR (GRA-841R),가스레인지,1년 사용했습니다. 외관 심한 흠집그리고 화면 금 갔음. 박스 없음.,144000,90720,0.37
린나이 RBR-S3000,가스레인지,5년 사용했습니다. 외관 심한 흠집그리고 액정 파손. 충전기 없음.,218950,37221,0.83
하츠 GC-3605SDBH,가스레인지,4년 사용했습니다. 상태 보통이며 고장 없음. 박스 및 구성품 있음.,135000,76950,0.43
린나이 RBR-S3603DIJ,가스레인지,2년 사용했습니다. 상태 보통그리고 배터리 효율 낮음. 충전기 없음.,156710,100294,0.36
SK매직 GRA-B3FDD,가스레인지,거의 사용하지 않음. 상태 보통그리고 화면 금 갔음. 박스 없음.,126000,94500,0.25
린나이 RBR-S4000,가스레인지,1개월 사용했습니다. 사용감 있음이며 작동 이상 없음. 충전기 없음.,260460,234414,0.1
SK매직 GRA-B3216D,가스레인지,5년 사용했습니다. 상태 보통그리고 화면 금 갔음. 추가 액세서리 포함.,113920,38732,0.66
SK매직 GRA-B322K,가스레인지,거의 사용하지 않음. 상태 양호이며 작동 이상 없음.,174080,156672,0.1
린나이 RBR-P4400,가스레인지,거의 사용하지 않음. 사용감 있음그리고 액정 파손. 추가 액세서리 포함.,436700,314424,0.28
린나이 RT-5102,가스레인지,2년 사용했습니다. 상태 보통이며 작동 이상 없음. 박스 및 구성품 있음.,250380,192792,0.23
린나이 INBS301DJ,가스레인지,2년 사용했습니다. 상태 최상이며 작동 이상 없음.,167350,142247,0.15
SK매직 GRAB221K,가스레인지,4년 사용했습니다. 상태 양호하지만 액정 파손. 추가 액세서리 포함.,85440,35884,0.58
린나이 RBR-S3307DJ,가스레인지,6개월 사용했습니다. 상태 최상하지만 배터리 효율 낮음. 정품 인증서 포함.,158790,142911,0.1
린나이 RBR-S3001D,가스레인지,거의 사용하지 않음. 외관 약간 흠집그리고 배터리 효율 낮음.,213600,173016,0.19
린나이 CTA22NJ,가스레인지,5년 사용했습니다. 생활흔적 있음이며 작동 이상 없음.,138600,62369,0.55
린나이 RT-1620I,가스레인지,2년 사용했습니다. 상태 보통이며 고장 없음. 정품 인증서 포함.,189730,147989,0.22
매직쉐프 MMW-W23FDHW,가스레인지,1개월 사용했습니다. 상태 최상하지만 생활 기스 있음.,119960,107964,0.1
린나이 RT-1080IJ,가스레인지,5년 사용했습니다. 생활흔적 있음그리고 배터리 효율 낮음. 충전기 없음.,128060,40979,0.68
린나이 INCP2032WJ,가스레인지,4년 사용했습니다. 상태 양호이며 작동 이상 없음.,143060,85836,0.4
SK매직 GRA-B3218D,가스레인지,6개월 사용했습니다. 외관 약간 흠집이며 고장 없음.,147990,133191,0.1
린나이 RT-6520I,가스레인지,5년 사용했습니다. 상태 양호이며 고장 없음. 충전기 없음.,188810,88740,0.53
린나이 CPBC611DJ,가스레인지,5년 사용했습니다. 상태 양호하지만 화면 금 갔음. 박스 없음.,176080,58106,0.67
SK매직 GRA-BA301D,가스레인지,1년 사용했습니다. 상태 보통그리고 배터리 효율 낮음. 정품 인증서 포함.,229020,178635,0.22
린나이 RBR-PF3000,가스레인지,6개월 사용했습니다. 생활흔적 있음그리고 배터리 효율 낮음.,294960,235968,0.2
SK매직 뉴에코 GRA-851SR,가스레인지,4년 사용했습니다. 상태 양호이며 고장 없음. 박스 및 구성품 있음.,128820,77292,0.4
린나이 RBR-S6201D,가스레인지,3년 사용했습니다. 상태 최상하지만 배터리 효율 낮음. 박스 없음.,180000,113400,0.37
린나이 RBR-P3511WD,가스레인지,4년 사용했습니다. 외관 심한 흠집이며 작동 이상 없음.,241400,120700,0.5
린나이 RBR-P2501D,가스레인지,거의 사용하지 않음. 외관 심한 흠집그리고 생활 기스 있음. 충전기 없음.,210750,162277,0.23
SK매직 뉴에코 GRA-910SR,가스레인지,1년 사용했습니다. 상태 양호이며 고장 없음. 박스 및 구성품 있음.,171700,154530,0.1
SK매직 GRA-F2NRH,가스레인지,2년 사용했습니다. 상태 양호하지만 배터리 효율 낮음. 박스 및 구성품 있음.,116450,81515,0.3
린나이 GTA24SJ,가스레인지,2년 사용했습니다. 사용감 있음그리고 액정 파손. 충전기 없음.,133400,69368,0.48
SK매직 뉴에코 GRA-841SR (GRA-841R),가스레인지,4년 사용했습니다. 상태 최상이며 고장 없음. 추가 액세서리 포함.,144000,96479,0.33
린나이 RBR-S3000,가스레인지,거의 사용하지 않음. 상태 보통이며 작동 이상 없음. 박스 없음.,218950,197055,0.1
하츠 GC-3605SDBH,가스레인지,5년 사용했습니다. 상태 양호하지만 배터리 효율 낮음. 추가 액세서리 포함.,135000,56700,0.58
린나이 RBR-S3603DIJ,가스레인지,거의 사용하지 않음. 외관 약간 흠집이며 작동 이상 없음. 충전기 없음.,156710,137904,0.12
SK매직 GRA-B3FDD,가스레인지,5년 사용했습니다. 상태 최상이며 작동 이상 없음.,126000,69300,0.45
린나이 RBR-S4000,가스레인지,1년 사용했습니다. 외관 약간 흠집그리고 화면 금 갔음. 충전기 없음.,260460,177112,0.32
SK매직 GRA-B3216D,가스레인지,2년 사용했습니다. 생활흔적 있음이며 고장 없음. 박스 및 구성품 있음.,113920,85440,0.25
SK매직 GRA-B322K,가스레인지,1년 사용했습니다. 사용감 있음그리고 생활 기스 있음. 추가 액세서리 포함.,174080,142745,0.18
린나이 RBR-P4400,가스레인지,4년 사용했습니다. 생활흔적 있음그리고 생활 기스 있음. 박스 없음.,436700,209616,0.52
린나이 RT-5102,가스레인지,3년 사용했습니다. 외관 약간 흠집이며 작동 이상 없음. 충전기 없음.,250380,157739,0.37
린나이 INBS301DJ,가스레인지,4년 사용했습니다. 상태 양호하지만 생활 기스 있음. 박스 및 구성품 있음.,167350,92042,0.45
SK매직 GRAB221K,가스레인지,3년 사용했습니다. 외관 약간 흠집이며 고장 없음.,85440,56390,0.34
린나이 RBR-S3307DJ,가스레인지,1개월 사용했습니다. 외관 약간 흠집이며 작동 이상 없음. 박스 및 구성품 있음.,158790,142911,0.1
린나이 RBR-S3001D,가스레인지,6개월 사용했습니다. 사용감 있음그리고 배터리 효율 낮음. 정품 인증서 포함.,213600,173016,0.19
린나이 CTA22NJ,가스레인지,5년 사용했습니다. 사용감 있음그리고 액정 파손.,138600,34650,0.75
린나이 RT-1620I,가스레인지,6개월 사용했습니다. 생활흔적 있음이며 고장 없음. 박스 없음.,189730,166962,0.12
매직쉐프 MMW-W23FDHW,가스레인지,1개월 사용했습니다. 상태 양호하지만 배터리 효율 낮음. 박스 없음.,119960,103165,0.14
린나이 RT-1080IJ,가스레인지,3년 사용했습니다. 사용감 있음그리고 액정 파손.,128060,57626,0.55
린나이 INCP2032WJ,가스레인지,거의 사용하지 않음. 사용감 있음그리고 액정 파손. 정품 인증서 포함.,143060,101572,0.29
SK매직 GRA-B3218D,가스레인지,거의 사용하지 않음. 생활흔적 있음이며 고장 없음. 박스 없음.,147990,130231,0.12
린나이 RT-6520I,가스레인지,1년 사용했습니다. 사용감 있음이며 고장 없음. 박스 없음.,188810,156712,0.17
린나이 CPBC611DJ,가스레인지,5년 사용했습니다. 사용감 있음그리고 화면 금 갔음. 충전기 없음.,176080,47541,0.73
SK매직 GRA-BA301D,가스레인지,3년 사용했습니다. 상태 양호하지만 배터리 효율 낮음. 박스 없음.,229020,132831,0.42
린나이 RBR-PF3000,가스레인지,1년 사용했습니다. 상태 최상하지만 화면 금 갔음. 박스 및 구성품 있음.,294960,235968,0.2
SK매직 뉴에코 GRA-851SR,가스레인지,4년 사용했습니다. 사용감 있음그리고 화면 금 갔음. 정품 인증서 포함.,128820,52816,0.59
린나이 RBR-S6201D,가스레인지,1개월 사용했습니다. 외관 약간 흠집그리고 액정 파손. 충전기 없음.,180000,127800,0.29
린나이 RBR-P3511WD,가스레인지,3년 사용했습니다. 생활흔적 있음그리고 생활 기스 있음. 정품 인증서 포함.,241400,147254,0.39
린나이 RBR-P2501D,가스레인지,1년 사용했습니다. 외관 약간 흠집그리고 액정 파손. 정품 인증서 포함.,210750,141202,0.33
SK매직 뉴에코 GRA-910SR,가스레인지,1개월 사용했습니다. 사용감 있음이며 작동 이상 없음. 추가 액세서리 포함.,171700,154530,0.1
SK매직 GRA-F2NRH,가스레인지,4년 사용했습니다. 상태 양호이며 고장 없음. 정품 인증서 포함.,116450,71034,0.39
린나이 GTA24SJ,가스레인지,거의 사용하지 않음. 외관 심한 흠집이며 작동 이상 없음.,133400,113390,0.15
SK매직 뉴에코 GRA-841SR (GRA-841R),가스레인지,3년 사용했습니다. 상태 양호이며 작동 이상 없음.,144000,100800,0.3
린나이 RBR-S3000,가스레인지,1년 사용했습니다. 상태 최상하지만 액정 파손. 추가 액세서리 포함.,218950,168591,0.23
하츠 GC-3605SDBH,가스레인지,6개월 사용했습니다. 외관 심한 흠집그리고 배터리 효율 낮음. 정품 인증서 포함.,135000,102600,0.24
린나이 RBR-S3603DIJ,가스레인지,4년 사용했습니다. 생활흔적 있음그리고 액정 파손. 박스 및 구성품 있음.,156710,54848,0.65
SK매직 GRA-B3FDD,가스레인지,4년 사용했습니다. 사용감 있음이며 작동 이상 없음. 추가 액세서리 포함.,126000,71820,0.43
린나이 RBR-S4000,가스레인지,4년 사용했습니다. 상태 최상이며 고장 없음. 박스 없음.,260460,164089,0.37
SK매직 GRA-B3216D,가스레인지,1년 사용했습니다. 상태 보통그리고 생활 기스 있음. 박스 및 구성품 있음.,113920,93414,0.18
SK매직 GRA-B322K,가스레인지,1개월 사용했습니다. 외관 심한 흠집이며 작동 이상 없음. 충전기 없음.,174080,147968,0.15
린나이 RBR-P4400,가스레인지,거의 사용하지 않음. 상태 보통그리고 화면 금 갔음. 박스 및 구성품 있음.,436700,336259,0.23
린나이 RT-5102,가스레인지,5년 사용했습니다. 사용감 있음이며 작동 이상 없음. 박스 없음.,250380,107663,0.57
린나이 INBS301DJ,가스레인지,1년 사용했습니다. 외관 심한 흠집그리고 액정 파손. 박스 없음.,167350,97063,0.42
SK매직 GRAB221K,가스레인지,4년 사용했습니다. 외관 심한 흠집이며 고장 없음. 정품 인증서 포함.,85440,43574,0.49
린나이 RBR-S3307DJ,가스레인지,5년 사용했습니다. 생활흔적 있음그리고 배터리 효율 낮음. 충전기 없음.,158790,50812,0.68
린나이 RBR-S3001D,가스레인지,4년 사용했습니다. 외관 약간 흠집이며 작동 이상 없음. 박스 없음.,213600,115344,0.46
린나이 CTA22NJ,가스레인지,4년 사용했습니다. 생활흔적 있음그리고 배터리 효율 낮음.,138600,62369,0.55
린나이 RT-1620I,가스레인지,5년 사용했습니다. 상태 보통그리고 화면 금 갔음. 박스 및 구성품 있음.,189730,60713,0.68
매직쉐프 MMW-W23FDHW,가스레인지,5년 사용했습니다. 외관 약간 흠집그리고 화면 금 갔음. 박스 없음.,119960,34788,0.71
린나이 RT-1080IJ,가스레인지,2년 사용했습니다. 상태 양호하지만 액정 파손. 박스 없음.,128060,74274,0.42
린나이 INCP2032WJ,가스레인지,1년 사용했습니다. 생활흔적 있음이며 작동 이상 없음. 박스 없음.,143060,118739,0.17
SK매직 GRA-B3218D,가스레인지,1년 사용했습니다. 상태 보통그리고 화면 금 갔음. 정품 인증서 포함.,147990,108032,0.27
린나이 RT-6520I,가스레인지,1년 사용했습니다. 사용감 있음그리고 배터리 효율 낮음. 추가 액세서리 포함.,188810,145383,0.23
린나이 CPBC611DJ,가스레인지,4년 사용했습니다. 상태 보통그리고 화면 금 갔음. 정품 인증서 포함.,176080,75714,0.57
SK매직 GRA-BA301D,가스레인지,1개월 사용했습니다. 상태 보통이며 고장 없음. 정품 인증서 포함.,229020,206118,0.1
린나이 RBR-PF3000,가스레인지,2년 사용했습니다. 상태 양호하지만 생활 기스 있음.,294960,221220,0.25
SK매직 뉴에코 GRA-851SR,가스레인지,4년 사용했습니다. 상태 양호이며 작동 이상 없음. 박스 없음.,128820,74715,0.42
린나이 RBR-S6201D,가스레인지,4년 사용했습니다. 생활흔적 있음이며 작동 이상 없음. 정품 인증서 포함.,180000,100800,0.44
린나이 RBR-P3511WD,가스레인지,3년 사용했습니다. 상태 최상이며 작동 이상 없음.,241400,181050,0.25
린나이 RBR-P2501D,가스레인지,1년 사용했습니다. 상태 최상하지만 화면 금 갔음. 박스 없음.,210750,164385,0.22
SK매직 뉴에코 GRA-910SR,가스레인지,5년 사용했습니다. 상태 양호하지만 배터리 효율 낮음. 정품 인증서 포함.,171700,70397,0.59
SK매직 GRA-F2NRH,가스레인지,4년 사용했습니다. 사용감 있음그리고 액정 파손.,116450,40757,0.65
린나이 GTA24SJ,가스레인지,3년 사용했습니다. 사용감 있음이며 작동 이상 없음. 정품 인증서 포함.,133400,88043,0.34
SK매직 뉴에코 GRA-841SR (GRA-841R),가스레인지,3년 사용했습니다. 외관 심한 흠집그리고 액정 파손. 박스 없음.,144000,54720,0.62
린나이 RBR-S3000,가스레인지,5년 사용했습니다. 상태 최상이며 고장 없음. 충전기 없음.,218950,113854,0.48
하츠 GC-3605SDBH,가스레인지,5년 사용했습니다. 상태 보통그리고 배터리 효율 낮음. 추가 액세서리 포함.,135000,52650,0.61
린나이 RBR-S3603DIJ,가스레인지,4년 사용했습니다. 외관 심한 흠집그리고 화면 금 갔음. 박스 없음.,156710,51714,0.67
SK매직 GRA-B3FDD,가스레인지,1년 사용했습니다. 외관 약간 흠집이며 작동 이상 없음. 충전기 없음.,126000,104580,0.17
린나이 RBR-S4000,가스레인지,4년 사용했습니다. 상태 보통그리고 화면 금 갔음. 박스 및 구성품 있음.,260460,109393,0.58
SK매직 GRA-B3216D,가스레인지,2년 사용했습니다. 상태 보통이며 고장 없음. 추가 액세서리 포함.,113920,89996,0.21
SK매직 GRA-B322K,가스레인지,1년 사용했습니다. 외관 약간 흠집그리고 액정 파손.,174080,114892,0.34
린나이 RBR-P4400,가스레인지,6개월 사용했습니다. 상태 양호하지만 생활 기스 있음. 박스 없음.,436700,384296,0.12
린나이 RT-5102,가스레인지,1개월 사용했습니다. 생활흔적 있음그리고 배터리 효율 낮음. 박스 없음.,250380,202807,0.19
린나이 INBS301DJ,가스레인지,1년 사용했습니다. 상태 보통그리고 화면 금 갔음. 정품 인증서 포함.,167350,122165,0.27
SK매직 GRAB221K,가스레인지,4년 사용했습니다. 외관 심한 흠집그리고 생활 기스 있음. 박스 없음.,85440,36739,0.57
린나이 RBR-S3307DJ,가스레인지,1년 사용했습니다. 상태 보통그리고 배터리 효율 낮음. 추가 액세서리 포함.,158790,125444,0.21
린나이 RBR-S3001D,가스레인지,1개월 사용했습니다. 사용감 있음이며 고장 없음. 박스 및 구성품 있음.,213600,192240,0.1
린나이 CTA22NJ,가스레인지,2년 사용했습니다. 외관 심한 흠집그리고 화면 금 갔음. 추가 액세서리 포함.,138600,79002,0.43
린나이 RT-1620I,가스레인지,1년 사용했습니다. 외관 약간 흠집이며 작동 이상 없음. 정품 인증서 포함.,189730,165065,0.13
매직쉐프 MMW-W23FDHW,가스레인지,거의 사용하지 않음. 외관 약간 흠집이며 고장 없음. 박스 없음.,119960,106764,0.11
린나이 RT-1080IJ,가스레인지,거의 사용하지 않음. 생활흔적 있음그리고 화면 금 갔음. 박스 없음.,128060,93483,0.27
린나이 INCP2032WJ,가스레인지,6개월 사용했습니다. 상태 양호이며 고장 없음. 박스 없음.,143060,128754,0.1
SK매직 GRA-B3218D,가스레인지,거의 사용하지 않음. 상태 양호하지만 화면 금 갔음. 박스 없음.,147990,115432,0.22
린나이 RT-6520I,가스레인지,6개월 사용했습니다. 외관 심한 흠집그리고 액정 파손. 정품 인증서 포함.,188810,124614,0.34
린나이 CPBC611DJ,가스레인지,3년 사용했습니다. 외관 약간 흠집그리고 생활 기스 있음. 충전기 없음.,176080,102126,0.42
SK매직 GRA-BA301D,가스레인지,2년 사용했습니다. 외관 심한 흠집이며 고장 없음. 박스 없음.,229020,155733,0.32
린나이 RBR-PF3000,가스레인지,3년 사용했습니다. 사용감 있음그리고 액정 파손. 박스 없음.,294960,126832,0.57
SK매직 뉴에코 GRA-851SR,가스레인지,거의 사용하지 않음. 상태 보통이며 작동 이상 없음. 추가 액세서리 포함.,128820,115938,0.1
린나이 RBR-S6201D,가스레인지,5년 사용했습니다. 상태 최상이며 작동 이상 없음. 정품 인증서 포함.,180000,100800,0.44
린나이 RBR-P3511WD,가스레인지,거의 사용하지 않음. 상태 보통그리고 배터리 효율 낮음. 박스 및 구성품 있음.,241400,197948,0.18
린나이 RBR-P2501D,가스레인지,거의 사용하지 않음. 상태 보통이며 고장 없음.,210750,189675,0.1
SK매직 뉴에코 GRA-910SR,가스레인지,4년 사용했습니다. 생활흔적 있음그리고 생활 기스 있음. 충전기 없음.,171700,80699,0.53
SK매직 GRA-F2NRH,가스레인지,5년 사용했습니다. 외관 약간 흠집그리고 화면 금 갔음. 추가 액세서리 포함.,116450,38428,0.67
린나이 GTA24SJ,가스레인지,1개월 사용했습니다. 생활흔적 있음이며 고장 없음. 추가 액세서리 포함.,133400,120060,0.1
SK매직 뉴에코 GRA-841SR (GRA-841R),가스레인지,5년 사용했습니다. 사용감 있음이며 고장 없음. 충전기 없음.,144000,60480,0.58
린나이 RBR-S3000,가스레인지,1년 사용했습니다. 상태 양호하지만 배터리 효율 낮음. 충전기 없음.,218950,168591,0.23
하츠 GC-3605SDBH,가스레인지,6개월 사용했습니다. 외관 심한 흠집이며 작동 이상 없음. 박스 및 구성품 있음.,135000,114750,0.15
린나이 RBR-S3603DIJ,가스레인지,거의 사용하지 않음. 상태 양호이며 작동 이상 없음. 박스 없음.,156710,141039,0.1
SK매직 GRA-B3FDD,가스레인지,1년 사용했습니다. 상태 최상하지만 생활 기스 있음. 박스 없음.,126000,110880,0.12
린나이 RBR-S4000,가스레인지,1개월 사용했습니다. 사용감 있음이며 작동 이상 없음. 충전기 없음.,260460,234414,0.1
SK매직 GRA-B3216D,가스레인지,6개월 사용했습니다. 외관 약간 흠집그리고 화면 금 갔음. 정품 인증서 포함.,113920,87718,0.23
SK매직 GRA-B322K,가스레인지,1개월 사용했습니다. 생활흔적 있음그리고 배터리 효율 낮음. 박스 및 구성품 있음.,174080,144486,0.17
린나이 RBR-P4400,가스레인지,4년 사용했습니다. 상태 최상하지만 생활 기스 있음. 박스 없음.,436700,253286,0.42
린나이 RT-5102,가스레인지,3년 사용했습니다. 외관 심한 흠집그리고 생활 기스 있음. 정품 인증서 포함.,250380,140212,0.44
린나이 INBS301DJ,가스레인지,4년 사용했습니다. 생활흔적 있음그리고 화면 금 갔음. 박스 없음.,167350,63593,0.62
SK매직 GRAB221K,가스레인지,3년 사용했습니다. 상태 양호이며 고장 없음. 충전기 없음.,85440,57244,0.33
린나이 RBR-S3307DJ,가스레인지,2년 사용했습니다. 상태 보통그리고 배터리 효율 낮음. 충전기 없음.,158790,101625,0.36
린나이 RBR-S3001D,가스레인지,6개월 사용했습니다. 상태 최상이며 작동 이상 없음. 박스 없음.,213600,192240,0.1
린나이 CTA22NJ,가스레인지,1개월 사용했습니다. 상태 양호하지만 생활 기스 있음. 충전기 없음.,138600,124740,0.1
린나이 RT-1620I,가스레인지,2년 사용했습니다. 상태 최상하지만 배터리 효율 낮음.,189730,142297,0.25
매직쉐프 MMW-W23FDHW,가스레인지,거의 사용하지 않음. 생활흔적 있음그리고 화면 금 갔음. 충전기 없음.,119960,86371,0.28
린나이 RT-1080IJ,가스레인지,2년 사용했습니다. 상태 보통이며 고장 없음. 추가 액세서리 포함.,128060,101167,0.21
린나이 INCP2032WJ,가스레인지,5년 사용했습니다. 상태 양호하지만 화면 금 갔음.,143060,50071,0.65
SK매직 GRA-B3218D,가스레인지,2년 사용했습니다. 상태 양호하지만 액정 파손.,147990,88794,0.4
린나이 RT-6520I,가스레인지,4년 사용했습니다. 상태 보통이며 작동 이상 없음. 정품 인증서 포함.,188810,109509,0.42
린나이 CPBC611DJ,가스레인지,1개월 사용했습니다. 사용감 있음이며 고장 없음. 추가 액세서리 포함.,176080,158472,0.1
SK매직 GRA-BA301D,가스레인지,1년 사용했습니다. 생활흔적 있음이며 고장 없음. 정품 인증서 포함.,229020,196957,0.14
린나이 RBR-PF3000,가스레인지,1년 사용했습니다. 상태 보통이며 고장 없음. 정품 인증서 포함.,294960,259564,0.12
SK매직 뉴에코 GRA-851SR,가스레인지,6개월 사용했습니다. 상태 양호하지만 생활 기스 있음. 추가 액세서리 포함.,128820,115938,0.1
린나이 RBR-S6201D,가스레인지,1개월 사용했습니다. 상태 양호하지만 화면 금 갔음. 박스 및 구성품 있음.,180000,149400,0.17
린나이 RBR-P3511WD,가스레인지,6개월 사용했습니다. 상태 양호하지만 배터리 효율 낮음. 박스 없음.,241400,200362,0.17
린나이 RBR-P2501D,가스레인지,3년 사용했습니다. 상태 양호하지만 화면 금 갔음. 충전기 없음.,210750,109590,0.48
SK매직 뉴에코 GRA-910SR,가스레인지,1년 사용했습니다. 외관 심한 흠집그리고 생활 기스 있음. 추가 액세서리 포함.,171700,132209,0.23
SK매직 GRA-F2NRH,가스레인지,4년 사용했습니다. 사용감 있음그리고 배터리 효율 낮음. 박스 및 구성품 있음.,116450,52402,0.55
린나이 GTA24SJ,가스레인지,5년 사용했습니다. 외관 약간 흠집그리고 배터리 효율 낮음. 추가 액세서리 포함.,133400,50692,0.62
SK매직 뉴에코 GRA-841SR (GRA-841R),가스레인지,6개월 사용했습니다. 상태 양호하지만 배터리 효율 낮음. 정품 인증서 포함.,144000,123840,0.14
린나이 RBR-S3000,가스레인지,6개월 사용했습니다. 상태 최상이며 고장 없음. 박스 및 구성품 있음.,218950,197055,0.1
하츠 GC-3605SDBH,가스레인지,1개월 사용했습니다. 상태 양호하지만 액정 파손. 박스 없음.,135000,102600,0.24
린나이 RBR-S3603DIJ,가스레인지,6개월 사용했습니다. 외관 심한 흠집이며 작동 이상 없음. 박스 없음.,156710,130069,0.17
SK매직 GRA-B3FDD,가스레인지,4년 사용했습니다. 외관 약간 흠집이며 작동 이상 없음. 추가 액세서리 포함.,126000,73080,0.42
린나이 RBR-S4000,가스레인지,2년 사용했습니다. 외관 심한 흠집이며 고장 없음. 박스 없음.,260460,177112,0.32
SK매직 GRA-B3216D,가스레인지,6개월 사용했습니다. 상태 양호하지만 화면 금 갔음. 정품 인증서 포함.,113920,92275,0.19
SK매직 GRA-B322K,가스레인지,거의 사용하지 않음. 상태 최상하지만 액정 파손. 정품 인증서 포함.,174080,141004,0.19
린나이 RBR-P4400,가스레인지,5년 사용했습니다. 상태 최상이며 고장 없음. 박스 및 구성품 있음.,436700,240185,0.45
린나이 RT-5102,가스레인지,6개월 사용했습니다. 생활흔적 있음이며 작동 이상 없음. 추가 액세서리 포함.,250380,225342,0.1
린나이 INBS301DJ,가스레인지,거의 사용하지 않음. 생활흔적 있음그리고 화면 금 갔음. 정품 인증서 포함.,167350,127186,0.24
SK매직 GRAB221K,가스레인지,1개월 사용했습니다. 외관 심한 흠집이며 고장 없음. 정품 인증서 포함.,85440,76041,0.11
린나이 RBR-S3307DJ,가스레인지,5년 사용했습니다. 생활흔적 있음이며 고장 없음. 정품 인증서 포함.,158790,73043,0.54
린나이 RBR-S3001D,가스레인지,6개월 사용했습니다. 생활흔적 있음이며 작동 이상 없음. 충전기 없음.,213600,185832,0.13
린나이 CTA22NJ,가스레인지,2년 사용했습니다. 외관 심한 흠집그리고 생활 기스 있음. 박스 및 구성품 있음.,138600,90090,0.35
린나이 RT-1620I,가스레인지,5년 사용했습니다. 사용감 있음이며 고장 없음. 충전기 없음.,189730,79686,0.58
매직쉐프 MMW-W23FDHW,가스레인지,1개월 사용했습니다. 사용감 있음그리고 배터리 효율 낮음. 정품 인증서 포함.,119960,100766,0.16
린나이 RT-1080IJ,가스레인지,거의 사용하지 않음. 외관 심한 흠집그리고 생활 기스 있음. 정품 인증서 포함.,128060,103728,0.19
린나이 INCP2032WJ,가스레인지,거의 사용하지 않음. 외관 약간 흠집그리고 생활 기스 있음. 충전기 없음.,143060,118739,0.17
SK매직 GRA-B3218D,가스레인지,3년 사용했습니다. 상태 보통그리고 액정 파손. 정품 인증서 포함.,147990,71035,0.52
린나이 RT-6520I,가스레인지,1년 사용했습니다. 상태 보통그리고 배터리 효율 낮음. 추가 액세서리 포함.,188810,149159,0.21
린나이 CPBC611DJ,가스레인지,2년 사용했습니다. 사용감 있음이며 작동 이상 없음.,176080,132060,0.25
SK매직 GRA-BA301D,가스레인지,6개월 사용했습니다. 외관 약간 흠집그리고 액정 파손. 박스 및 구성품 있음.,229020,162604,0.29
린나이 RBR-PF3000,가스레인지,6개월 사용했습니다. 외관 심한 흠집그리고 화면 금 갔음. 충전기 없음.,294960,197623,0.33
SK매직 뉴에코 GRA-851SR,가스레인지,5년 사용했습니다. 상태 양호하지만 액정 파손. 충전기 없음.,128820,34781,0.73
린나이 RBR-S6201D,가스레인지,1개월 사용했습니다. 상태 보통그리고 액정 파손. 박스 없음.,180000,131400,0.27
린나이 RBR-P3511WD,가스레인지,1년 사용했습니다. 외관 약간 흠집그리고 화면 금 갔음. 박스 및 구성품 있음.,241400,171394,0.29
린나이 RBR-P2501D,가스레인지,5년 사용했습니다. 상태 보통이며 고장 없음. 추가 액세서리 포함.,210750,103267,0.51
SK매직 뉴에코 GRA-910SR,가스레인지,1년 사용했습니다. 사용감 있음그리고 배터리 효율 낮음. 정품 인증서 포함.,171700,130492,0.24
SK매직 GRA-F2NRH,가스레인지,거의 사용하지 않음. 상태 보통그리고 화면 금 갔음.,116450,89666,0.23
린나이 GTA24SJ,가스레인지,1개월 사용했습니다. 외관 심한 흠집그리고 액정 파손. 박스 및 구성품 있음.,133400,90711,0.32
SK매직 뉴에코 GRA-841SR (GRA-841R),가스레인지,1개월 사용했습니다. 외관 약간 흠집그리고 액정 파손. 박스 없음.,144000,103680,0.28
린나이 RBR-S3000,가스레인지,2년 사용했습니다. 상태 양호이며 작동 이상 없음. 박스 없음.,218950,170781,0.22
하츠 GC-3605SDBH,가스레인지,3년 사용했습니다. 생활흔적 있음그리고 생활 기스 있음.,135000,81000,0.4
린나이 RBR-S3603DIJ,가스레인지,5년 사용했습니다. 상태 보통그리고 액정 파손.,156710,42311,0.73
SK매직 GRA-B3FDD,가스레인지,3년 사용했습니다. 외관 심한 흠집이며 작동 이상 없음. 박스 없음.,126000,73080,0.42
린나이 RBR-S4000,가스레인지,1년 사용했습니다. 외관 심한 흠집이며 고장 없음. 박스 및 구성품 있음.,260460,208368,0.2
SK매직 GRA-B3216D,가스레인지,4년 사용했습니다. 외관 심한 흠집그리고 화면 금 갔음. 충전기 없음.,113920,36454,0.68
SK매직 GRA-B322K,가스레인지,거의 사용하지 않음. 상태 보통그리고 배터리 효율 낮음. 정품 인증서 포함.,174080,144486,0.17
린나이 RBR-P4400,가스레인지,1개월 사용했습니다. 외관 약간 흠집이며 고장 없음. 박스 및 구성품 있음.,436700,393030,0.1
린나이 RT-5102,가스레인지,4년 사용했습니다. 사용감 있음이며 작동 이상 없음. 추가 액세서리 포함.,250380,142716,0.43
린나이 INBS301DJ,가스레인지,2년 사용했습니다. 생활흔적 있음이며 작동 이상 없음. 충전기 없음.,167350,120492,0.28
SK매직 GRAB221K,가스레인지,6개월 사용했습니다. 상태 최상하지만 화면 금 갔음. 정품 인증서 포함.,85440,73478,0.14
린나이 RBR-S3307DJ,가스레인지,4년 사용했습니다. 외관 약간 흠집이며 작동 이상 없음. 박스 및 구성품 있음.,158790,88922,0.44
린나이 RBR-S3001D,가스레인지,거의 사용하지 않음. 생활흔적 있음그리고 생활 기스 있음.,213600,181560,0.15
린나이 CTA22NJ,가스레인지,1개월 사용했습니다. 상태 최상이며 작동 이상 없음.,138600,124740,0.1
린나이 RT-1620I,가스레인지,1개월 사용했습니다. 외관 약간 흠집그리고 화면 금 갔음. 박스 및 구성품 있음.,189730,149886,0.21
매직쉐프 MMW-W23FDHW,가스레인지,3년 사용했습니다. 생활흔적 있음이며 작동 이상 없음. 추가 액세서리 포함.,119960,80373,0.33
린나이 RT-1080IJ,가스레인지,5년 사용했습니다. 생활흔적 있음그리고 배터리 효율 낮음. 정품 인증서 포함.,128060,46101,0.64
린나이 INCP2032WJ,가스레인지,1년 사용했습니다. 상태 최상이며 고장 없음.,143060,128754,0.1
SK매직 GRA-B3218D,가스레인지,4년 사용했습니다. 상태 최상하지만 생활 기스 있음. 박스 및 구성품 있음.,147990,88794,0.4
린나이 RT-6520I,가스레인지,5년 사용했습니다. 외관 약간 흠집그리고 화면 금 갔음. 충전기 없음.,188810,52866,0.72
린나이 CPBC611DJ,가스레인지,6개월 사용했습니다. 사용감 있음그리고 배터리 효율 낮음.,176080,140864,0.2
SK매직 GRA-BA301D,가스레인지,3년 사용했습니다. 상태 보통이며 고장 없음. 충전기 없음.,229020,146572,0.36
린나이 RBR-PF3000,가스레인지,1개월 사용했습니다. 상태 최상하지만 화면 금 갔음. 박스 및 구성품 있음.,294960,259564,0.12
SK매직 뉴에코 GRA-851SR,가스레인지,4년 사용했습니다. 상태 최상하지만 액정 파손. 박스 및 구성품 있음.,128820,57968,0.55
린나이 RBR-S6201D,가스레인지,5년 사용했습니다. 외관 약간 흠집그리고 액정 파손. 정품 인증서 포함.,180000,48600,0.73
린나이 RBR-P3511WD,가스레인지,3년 사용했습니다. 상태 보통그리고 생활 기스 있음. 충전기 없음.,241400,142426,0.41
린나이 RBR-P2501D,가스레인지,6개월 사용했습니다. 사용감 있음그리고 생활 기스 있음. 추가 액세서리 포함.,210750,183352,0.13
SK매직 뉴에코 GRA-910SR,가스레인지,4년 사용했습니다. 외관 심한 흠집이며 작동 이상 없음. 추가 액세서리 포함.,171700,89284,0.48
SK매직 GRA-F2NRH,가스레인지,1년 사용했습니다. 사용감 있음이며 고장 없음. 추가 액세서리 포함.,116450,101311,0.13
린나이 GTA24SJ,가스레인지,5년 사용했습니다. 상태 보통이며 작동 이상 없음. 박스 및 구성품 있음.,133400,62698,0.53
SK매직 뉴에코 GRA-841SR (GRA-841R),가스레인지,5년 사용했습니다. 외관 약간 흠집이며 고장 없음. 충전기 없음.,144000,61920,0.57
린나이 RBR-S3000,가스레인지,3년 사용했습니다. 외관 약간 흠집이며 고장 없음. 박스 및 구성품 있음.,218950,144506,0.34
하츠 GC-3605SDBH,가스레인지,거의 사용하지 않음. 상태 최상하지만 화면 금 갔음. 박스 없음.,135000,112050,0.17
린나이 RBR-S3603DIJ,가스레인지,거의 사용하지 않음. 외관 심한 흠집그리고 생활 기스 있음. 추가 액세서리 포함.,156710,128502,0.18
SK매직 GRA-B3FDD,가스레인지,3년 사용했습니다. 상태 보통이며 작동 이상 없음. 추가 액세서리 포함.,126000,86940,0.31
린나이 RBR-S4000,가스레인지,1년 사용했습니다. 외관 약간 흠집그리고 화면 금 갔음. 추가 액세서리 포함.,260460,190135,0.27
SK매직 GRA-B3216D,가스레인지,2년 사용했습니다. 사용감 있음그리고 배터리 효율 낮음. 추가 액세서리 포함.,113920,76326,0.33
SK매직 GRA-B322K,가스레인지,2년 사용했습니다. 생활흔적 있음그리고 생활 기스 있음. 박스 없음.,174080,118374,0.32
린나이 RBR-P4400,가스레인지,5년 사용했습니다. 사용감 있음이며 작동 이상 없음. 추가 액세서리 포함.,436700,205249,0.53
린나이 RT-5102,가스레인지,2년 사용했습니다. 생활흔적 있음그리고 액정 파손. 충전기 없음.,250380,130197,0.48
린나이 INBS301DJ,가스레인지,2년 사용했습니다. 생활흔적 있음그리고 액정 파손. 추가 액세서리 포함.,167350,95389,0.43
SK매직 GRAB221K,가스레인지,1개월 사용했습니다. 외관 심한 흠집그리고 배터리 효율 낮음. 박스 없음.,85440,64934,0.24
린나이 RBR-S3307DJ,가스레인지,1개월 사용했습니다. 외관 심한 흠집이며 고장 없음. 정품 인증서 포함.,158790,141323,0.11
린나이 RBR-S3001D,가스레인지,3년 사용했습니다. 상태 최상하지만 화면 금 갔음. 추가 액세서리 포함.,213600,132432,0.38
린나이 CTA22NJ,가스레인지,1년 사용했습니다. 외관 약간 흠집그리고 배터리 효율 낮음. 충전기 없음.,138600,101178,0.27
린나이 RT-1620I,가스레인지,4년 사용했습니다. 상태 양호이며 고장 없음. 박스 및 구성품 있음.,189730,113838,0.4
매직쉐프 MMW-W23FDHW,가스레인지,5년 사용했습니다. 사용감 있음그리고 생활 기스 있음. 박스 없음.,119960,45584,0.62
린나이 RT-1080IJ,가스레인지,거의 사용하지 않음. 상태 보통그리고 생활 기스 있음.,128060,111412,0.13
린나이 INCP2032WJ,가스레인지,3년 사용했습니다. 외관 심한 흠집그리고 생활 기스 있음.,143060,78683,0.45
SK매직 GRA-B3218D,가스레인지,거의 사용하지 않음. 생활흔적 있음그리고 생활 기스 있음. 박스 없음.,147990,122831,0.17
린나이 RT-6520I,가스레인지,1개월 사용했습니다. 외관 심한 흠집그리고 액정 파손. 추가 액세서리 포함.,188810,132167,0.3
린나이 CPBC611DJ,가스레인지,1개월 사용했습니다. 생활흔적 있음그리고 화면 금 갔음. 충전기 없음.,176080,132060,0.25
SK매직 GRA-BA301D,가스레인지,3년 사용했습니다. 생활흔적 있음그리고 액정 파손. 박스 및 구성품 있음.,229020,103058,0.55
린나이 RBR-PF3000,가스레인지,2년 사용했습니다. 생활흔적 있음그리고 액정 파손. 박스 및 구성품 있음.,294960,162228,0.45
SK매직 뉴에코 GRA-851SR,가스레인지,6개월 사용했습니다. 외관 심한 흠집그리고 화면 금 갔음. 추가 액세서리 포함.,128820,92750,0.28
린나이 RBR-S6201D,가스레인지,거의 사용하지 않음. 외관 약간 흠집그리고 생활 기스 있음. 박스 없음.,180000,151200,0.16
린나이 RBR-P3511WD,가스레인지,5년 사용했습니다. 상태 양호이며 작동 이상 없음.,241400,120700,0.5
린나이 RBR-P2501D,가스레인지,5년 사용했습니다. 외관 약간 흠집이며 작동 이상 없음.,210750,96944,0.54
SK매직 뉴에코 GRA-910SR,가스레인지,2년 사용했습니다. 상태 양호하지만 화면 금 갔음. 정품 인증서 포함.,171700,113321,0.34
SK매직 GRA-F2NRH,가스레인지,4년 사용했습니다. 외관 약간 흠집이며 작동 이상 없음. 정품 인증서 포함.,116450,66376,0.43
린나이 GTA24SJ,가스레인지,4년 사용했습니다. 상태 최상하지만 화면 금 갔음. 박스 및 구성품 있음.,133400,66700,0.5
SK매직 뉴에코 GRA-841SR (GRA-841R),가스레인지,2년 사용했습니다. 생활흔적 있음그리고 생활 기스 있음. 박스 없음.,144000,97919,0.32
린나이 RBR-S3000,가스레인지,6개월 사용했습니다. 생활흔적 있음이며 작동 이상 없음.,218950,197055,0.1
하츠 GC-3605SDBH,가스레인지,5년 사용했습니다. 상태 보통이며 고장 없음. 박스 및 구성품 있음.,135000,63450,0.53
린나이 RBR-S3603DIJ,가스레인지,1개월 사용했습니다. 외관 심한 흠집그리고 화면 금 갔음. 박스 없음.,156710,111264,0.29
SK매직 GRA-B3FDD,가스레인지,3년 사용했습니다. 외관 심한 흠집그리고 화면 금 갔음.,126000,56699,0.55
린나이 RBR-S4000,가스레인지,6개월 사용했습니다. 외관 심한 흠집그리고 배터리 효율 낮음. 정품 인증서 포함.,260460,197949,0.24
SK매직 GRA-B3216D,가스레인지,1년 사용했습니다. 외관 심한 흠집이며 작동 이상 없음. 추가 액세서리 포함.,113920,93414,0.18
SK매직 GRA-B322K,가스레인지,4년 사용했습니다. 외관 약간 흠집그리고 생활 기스 있음. 박스 및 구성품 있음.,174080,88780,0.49
린나이 RBR-P4400,가스레인지,1년 사용했습니다. 생활흔적 있음그리고 생활 기스 있음. 충전기 없음.,436700,336259,0.23
린나이 RT-5102,가스레인지,거의 사용하지 않음. 외관 심한 흠집이며 작동 이상 없음. 추가 액세서리 포함.,250380,217830,0.13
린나이 INBS301DJ,가스레인지,5년 사용했습니다. 외관 심한 흠집그리고 화면 금 갔음. 박스 및 구성품 있음.,167350,41837,0.75
SK매직 GRAB221K,가스레인지,4년 사용했습니다. 상태 최상이며 고장 없음. 박스 및 구성품 있음.,85440,55536,0.35
린나이 RBR-S3307DJ,가스레인지,6개월 사용했습니다. 사용감 있음그리고 액정 파손. 박스 없음.,158790,107977,0.32
린나이 RBR-S3001D,가스레인지,1년 사용했습니다. 상태 최상하지만 화면 금 갔음. 정품 인증서 포함.,213600,173016,0.19
린나이 CTA22NJ,가스레인지,거의 사용하지 않음. 상태 보통그리고 배터리 효율 낮음.,138600,113652,0.18
린나이 RT-1620I,가스레인지,4년 사용했습니다. 외관 약간 흠집그리고 생활 기스 있음. 박스 및 구성품 있음.,189730,96762,0.49
매직쉐프 MMW-W23FDHW,가스레인지,4년 사용했습니다. 상태 보통그리고 생활 기스 있음. 충전기 없음.,119960,58780,0.51
린나이 RT-1080IJ,가스레인지,2년 사용했습니다. 외관 심한 흠집그리고 화면 금 갔음. 추가 액세서리 포함.,128060,72994,0.43
린나이 INCP2032WJ,가스레인지,거의 사용하지 않음. 사용감 있음그리고 화면 금 갔음. 충전기 없음.,143060,103003,0.28
SK매직 GRA-B3218D,가스레인지,2년 사용했습니다. 상태 양호하지만 액정 파손. 박스 없음.,147990,85834,0.42
린나이 RT-6520I,가스레인지,4년 사용했습니다. 상태 양호이며 고장 없음. 추가 액세서리 포함.,188810,117062,0.38
린나이 CPBC611DJ,가스레인지,1년 사용했습니다. 생활흔적 있음이며 고장 없음. 박스 없음.,176080,146146,0.17
SK매직 GRA-BA301D,가스레인지,2년 사용했습니다. 상태 최상이며 작동 이상 없음. 박스 및 구성품 있음.,229020,194667,0.15
린나이 RBR-PF3000,가스레인지,2년 사용했습니다. 상태 보통그리고 생활 기스 있음. 박스 및 구성품 있음.,294960,212371,0.28
SK매직 뉴에코 GRA-851SR,가스레인지,거의 사용하지 않음. 상태 양호하지만 생활 기스 있음. 박스 없음.,128820,113361,0.12
린나이 RBR-S6201D,가스레인지,3년 사용했습니다. 상태 최상이며 작동 이상 없음. 추가 액세서리 포함.,180000,138600,0.23
린나이 RBR-P3511WD,가스레인지,2년 사용했습니다. 외관 심한 흠집그리고 화면 금 갔음. 충전기 없음.,241400,125528,0.48
린나이 RBR-P2501D,가스레인지,1개월 사용했습니다. 상태 양호하지만 액정 파손. 박스 및 구성품 있음.,210750,164385,0.22
SK매직 뉴에코 GRA-910SR,가스레인지,4년 사용했습니다. 생활흔적 있음이며 작동 이상 없음. 충전기 없음.,171700,89284,0.48
SK매직 GRA-F2NRH,가스레인지,2년 사용했습니다. 상태 양호하지만 배터리 효율 낮음.,116450,81515,0.3
린나이 GTA24SJ,가스레인지,2년 사용했습니다. 외관 약간 흠집그리고 생활 기스 있음.,133400,94714,0.29
SK매직 뉴에코 GRA-841SR (GRA-841R),가스레인지,6개월 사용했습니다. 외관 심한 흠집이며 작동 이상 없음. 박스 없음.,144000,119520,0.17
린나이 RBR-S3000,가스레인지,6개월 사용했습니다. 생활흔적 있음그리고 생활 기스 있음.,218950,186107,0.15
하츠 GC-3605SDBH,가스레인지,2년 사용했습니다. 사용감 있음이며 고장 없음.,135000,101250,0.25
린나이 RBR-S3603DIJ,가스레인지,6개월 사용했습니다. 생활흔적 있음이며 고장 없음. 박스 없음.,156710,137904,0.12
SK매직 GRA-B3FDD,가스레인지,1개월 사용했습니다. 상태 양호하지만 생활 기스 있음. 추가 액세서리 포함.,126000,113400,0.1
린나이 RBR-S4000,가스레인지,5년 사용했습니다. 상태 최상하지만 배터리 효율 낮음.,260460,117206,0.55
SK매직 GRA-B3216D,가스레인지,2년 사용했습니다. 상태 양호하지만 배터리 효율 낮음.,113920,79744,0.3
SK매직 GRA-B322K,가스레인지,거의 사용하지 않음. 상태 양호하지만 생활 기스 있음. 추가 액세서리 포함.,174080,156672,0.1
린나이 RBR-P4400,가스레인지,6개월 사용했습니다. 상태 최상하지만 화면 금 갔음. 추가 액세서리 포함.,436700,379929,0.13
린나이 RT-5102,가스레인지,1개월 사용했습니다. 상태 양호하지만 배터리 효율 낮음. 추가 액세서리 포함.,250380,225342,0.1
린나이 INBS301DJ,가스레인지,6개월 사용했습니다. 상태 최상하지만 화면 금 갔음.,167350,142247,0.15
SK매직 GRAB221K,가스레인지,6개월 사용했습니다. 상태 보통그리고 생활 기스 있음. 박스 및 구성품 있음.,85440,74332,0.13
린나이 RBR-S3307DJ,가스레인지,5년 사용했습니다. 외관 심한 흠집그리고 액정 파손.,158790,31757,0.8
린나이 RBR-S3001D,가스레인지,1년 사용했습니다. 상태 보통이며 고장 없음. 박스 및 구성품 있음.,213600,185832,0.13
린나이 CTA22NJ,가스레인지,2년 사용했습니다. 생활흔적 있음그리고 액정 파손. 박스 및 구성품 있음.,138600,76230,0.45
린나이 RT-1620I,가스레인지,1개월 사용했습니다. 외관 약간 흠집이며 작동 이상 없음. 박스 없음.,189730,170757,0.1
매직쉐프 MMW-W23FDHW,가스레인지,3년 사용했습니다. 사용감 있음이며 작동 이상 없음. 정품 인증서 포함.,119960,79173,0.34
린나이 RT-1080IJ,가스레인지,5년 사용했습니다. 사용감 있음그리고 화면 금 갔음. 박스 및 구성품 있음.,128060,38418,0.7
린나이 INCP2032WJ,가스레인지,5년 사용했습니다. 생활흔적 있음그리고 화면 금 갔음. 충전기 없음.,143060,38626,0.73
SK매직 GRA-B3218D,가스레인지,3년 사용했습니다. 생활흔적 있음그리고 액정 파손. 정품 인증서 포함.,147990,68075,0.54
린나이 RT-6520I,가스레인지,1개월 사용했습니다. 생활흔적 있음그리고 액정 파손. 충전기 없음.,188810,132167,0.3
린나이 CPBC611DJ,가스레인지,거의 사용하지 않음. 사용감 있음이며 고장 없음.,176080,158472,0.1
SK매직 GRA-BA301D,가스레인지,1개월 사용했습니다. 외관 심한 흠집그리고 배터리 효율 낮음. 박스 및 구성품 있음.,229020,178635,0.22
린나이 RBR-PF3000,가스레인지,5년 사용했습니다. 상태 보통이며 작동 이상 없음. 충전기 없음.,294960,129782,0.56
SK매직 뉴에코 GRA-851SR,가스레인지,5년 사용했습니다. 사용감 있음이며 작동 이상 없음. 박스 및 구성품 있음.,128820,57968,0.55
린나이 RBR-S6201D,가스레인지,거의 사용하지 않음. 외관 약간 흠집그리고 배터리 효율 낮음.,180000,145800,0.19
린나이 RBR-P3511WD,가스레인지,5년 사용했습니다. 상태 보통그리고 배터리 효율 낮음.,241400,89318,0.63
린나이 RBR-P2501D,가스레인지,4년 사용했습니다. 외관 약간 흠집그리고 화면 금 갔음. 박스 없음.,210750,82192,0.61
SK매직 뉴에코 GRA-910SR,가스레인지,거의 사용하지 않음. 상태 양호하지만 액정 파손.,171700,128775,0.25
SK매직 GRA-F2NRH,가스레인지,2년 사용했습니다. 상태 보통그리고 화면 금 갔음. 박스 및 구성품 있음.,116450,72199,0.38
린나이 GTA24SJ,가스레인지,6개월 사용했습니다. 상태 최상하지만 화면 금 갔음. 박스 없음.,133400,110722,0.17
SK매직 뉴에코 GRA-841SR (GRA-841R),가스레인지,1년 사용했습니다. 상태 최상하지만 배터리 효율 낮음. 박스 및 구성품 있음.,144000,122400,0.15
린나이 RBR-S3000,가스레인지,1년 사용했습니다. 상태 양호이며 고장 없음. 추가 액세서리 포함.,218950,197055,0.1
하츠 GC-3605SDBH,가스레인지,5년 사용했습니다. 상태 최상하지만 생활 기스 있음. 정품 인증서 포함.,135000,68850,0.49
린나이 RBR-S3603DIJ,가스레인지,6개월 사용했습니다. 사용감 있음그리고 액정 파손. 박스 및 구성품 있음.,156710,109697,0.3
SK매직 GRA-B3FDD,가스레인지,4년 사용했습니다. 생활흔적 있음그리고 액정 파손. 박스 없음.,126000,41579,0.67
린나이 RBR-S4000,가스레인지,1년 사용했습니다. 생활흔적 있음그리고 액정 파손. 추가 액세서리 포함.,260460,174508,0.33
SK매직 GRA-B3216D,가스레인지,5년 사용했습니다. 상태 보통그리고 액정 파손. 박스 없음.,113920,28480,0.75
SK매직 GRA-B322K,가스레인지,5년 사용했습니다. 외관 약간 흠집그리고 배터리 효율 낮음. 충전기 없음.,174080,57446,0.67
린나이 RBR-P4400,가스레인지,1개월 사용했습니다. 상태 최상이며 작동 이상 없음. 박스 및 구성품 있음.,436700,393030,0.1
린나이 RT-5102,가스레인지,2년 사용했습니다. 상태 양호하지만 배터리 효율 낮음.,250380,175266,0.3
린나이 INBS301DJ,가스레인지,거의 사용하지 않음. 상태 양호이며 작동 이상 없음. 박스 없음.,167350,150615,0.1
SK매직 GRAB221K,가스레인지,거의 사용하지 않음. 생활흔적 있음이며 작동 이상 없음.,85440,76896,0.1
린나이 RBR-S3307DJ,가스레인지,4년 사용했습니다. 상태 최상이며 작동 이상 없음. 충전기 없음.,158790,98449,0.38
린나이 RBR-S3001D,가스레인지,5년 사용했습니다. 상태 최상이며 고장 없음. 충전기 없음.,213600,111072,0.48
린나이 CTA22NJ,가스레인지,6개월 사용했습니다. 외관 심한 흠집이며 고장 없음. 박스 및 구성품 있음.,138600,117810,0.15
린나이 RT-1620I,가스레인지,1년 사용했습니다. 상태 최상이며 고장 없음.,189730,170757,0.1
매직쉐프 MMW-W23FDHW,가스레인지,거의 사용하지 않음. 외관 심한 흠집그리고 액정 파손. 박스 및 구성품 있음.,119960,77974,0.35
린나이 RT-1080IJ,가스레인지,2년 사용했습니다. 상태 보통이며 고장 없음. 박스 없음.,128060,96045,0.25
린나이 INCP2032WJ,가스레인지,4년 사용했습니다. 사용감 있음그리고 화면 금 갔음. 충전기 없음.,143060,52932,0.63
SK매직 GRA-B3218D,가스레인지,4년 사용했습니다. 상태 보통이며 고장 없음. 박스 없음.,147990,81394,0.45
린나이 RT-6520I,가스레인지,4년 사용했습니다. 상태 보통그리고 배터리 효율 낮음. 박스 없음.,188810,84964,0.55
린나이 CPBC611DJ,가스레인지,거의 사용하지 않음. 사용감 있음이며 작동 이상 없음. 박스 없음.,176080,154950,0.12
SK매직 GRA-BA301D,가스레인지,3년 사용했습니다. 외관 심한 흠집이며 작동 이상 없음. 박스 없음.,229020,132831,0.42
린나이 RBR-PF3000,가스레인지,4년 사용했습니다. 상태 양호이며 고장 없음. 충전기 없음.,294960,168127,0.43
SK매직 뉴에코 GRA-851SR,가스레인지,3년 사용했습니다. 상태 최상하지만 생활 기스 있음. 충전기 없음.,128820,86309,0.33
린나이 RBR-S6201D,가스레인지,6개월 사용했습니다. 사용감 있음그리고 배터리 효율 낮음.,180000,144000,0.2
린나이 RBR-P3511WD,가스레인지,3년 사용했습니다. 상태 보통그리고 액정 파손.,241400,113458,0.53
린나이 RBR-P2501D,가스레인지,6개월 사용했습니다. 상태 양호이며 작동 이상 없음. 충전기 없음.,210750,189675,0.1
SK매직 뉴에코 GRA-910SR,가스레인지,5년 사용했습니다. 외관 약간 흠집그리고 생활 기스 있음. 추가 액세서리 포함.,171700,73831,0.57
SK매직 GRA-F2NRH,가스레인지,5년 사용했습니다. 외관 심한 흠집이며 작동 이상 없음. 추가 액세서리 포함.,116450,48909,0.58
린나이 GTA24SJ,가스레인지,1개월 사용했습니다. 상태 보통그리고 화면 금 갔음. 박스 및 구성품 있음.,133400,106720,0.2
SK매직 뉴에코 GRA-841SR (GRA-841R),가스레인지,거의 사용하지 않음. 생활흔적 있음그리고 배터리 효율 낮음. 추가 액세서리 포함.,144000,118080,0.18
린나이 RBR-S3000,가스레인지,2년 사용했습니다. 상태 최상이며 고장 없음. 추가 액세서리 포함.,218950,190486,0.13
하츠 GC-3605SDBH,가스레인지,거의 사용하지 않음. 사용감 있음이며 고장 없음. 박스 없음.,135000,118800,0.12
린나이 RBR-S3603DIJ,가스레인지,1년 사용했습니다. 외관 심한 흠집그리고 액정 파손.,156710,94026,0.4
SK매직 GRA-B3FDD,가스레인지,3년 사용했습니다. 상태 양호하지만 액정 파손. 추가 액세서리 포함.,126000,65520,0.48
린나이 RBR-S4000,가스레인지,거의 사용하지 않음. 사용감 있음이며 고장 없음. 추가 액세서리 포함.,260460,234414,0.1
SK매직 GRA-B3216D,가스레인지,1년 사용했습니다. 상태 최상하지만 생활 기스 있음. 박스 없음.,113920,100249,0.12
SK매직 GRA-B322K,가스레인지,거의 사용하지 않음. 상태 최상하지만 화면 금 갔음. 충전기 없음.,174080,142745,0.18
린나이 RBR-P4400,가스레인지,6개월 사용했습니다. 외관 심한 흠집그리고 액정 파손. 추가 액세서리 포함.,436700,292588,0.33
린나이 RT-5102,가스레인지,1개월 사용했습니다. 상태 최상하지만 화면 금 갔음. 박스 없음.,250380,215326,0.14
린나이 INBS301DJ,가스레인지,거의 사용하지 않음. 사용감 있음그리고 화면 금 갔음. 충전기 없음.,167350,120492,0.28
SK매직 GRAB221K,가스레인지,3년 사용했습니다. 상태 양호하지만 액정 파손. 정품 인증서 포함.,85440,43574,0.49
린나이 RBR-S3307DJ,가스레인지,1년 사용했습니다. 상태 최상하지만 배터리 효율 낮음. 박스 없음.,158790,131795,0.17
린나이 RBR-S3001D,가스레인지,4년 사용했습니다. 상태 양호하지만 액정 파손. 충전기 없음.,213600,79032,0.63
린나이 CTA22NJ,가스레인지,2년 사용했습니다. 상태 양호하지만 액정 파손. 박스 없음.,138600,80388,0.42
린나이 RT-1620I,가스레인지,4년 사용했습니다. 생활흔적 있음그리고 배터리 효율 낮음. 박스 없음.,189730,81583,0.57
매직쉐프 MMW-W23FDHW,가스레인지,1년 사용했습니다. 외관 약간 흠집그리고 액정 파손. 충전기 없음.,119960,75574,0.37
린나이 RT-1080IJ,가스레인지,1개월 사용했습니다. 외관 심한 흠집그리고 생활 기스 있음. 충전기 없음.,128060,102448,0.2
린나이 INCP2032WJ,가스레인지,6개월 사용했습니다. 생활흔적 있음그리고 배터리 효율 낮음. 충전기 없음.,143060,110156,0.23
SK매직 GRA-B3218D,가스레인지,1년 사용했습니다. 사용감 있음그리고 배터리 효율 낮음. 정품 인증서 포함.,147990,112472,0.24
린나이 RT-6520I,가스레인지,6개월 사용했습니다. 상태 보통그리고 생활 기스 있음. 정품 인증서 포함.,188810,166152,0.12
린나이 CPBC611DJ,가스레인지,4년 사용했습니다. 외관 약간 흠집그리고 생활 기스 있음.,176080,89800,0.49
SK매직 GRA-BA301D,가스레인지,1년 사용했습니다. 상태 보통그리고 생활 기스 있음. 박스 없음.,229020,183216,0.2
린나이 RBR-PF3000,가스레인지,6개월 사용했습니다. 외관 약간 흠집그리고 액정 파손. 박스 없음.,294960,203522,0.31
SK매직 뉴에코 GRA-851SR,가스레인지,6개월 사용했습니다. 외관 약간 흠집이며 작동 이상 없음.,128820,115938,0.1
린나이 RBR-S6201D,가스레인지,1개월 사용했습니다. 사용감 있음이며 고장 없음. 충전기 없음.,180000,162000,0.1
린나이 RBR-P3511WD,가스레인지,5년 사용했습니다. 외관 심한 흠집그리고 액정 파손. 박스 없음.,241400,43452,0.82
린나이 RBR-P2501D,가스레인지,4년 사용했습니다. 외관 심한 흠집그리고 액정 파손. 충전기 없음.,210750,56902,0.73
SK매직 뉴에코 GRA-910SR,가스레인지,2년 사용했습니다. 상태 최상하지만 생활 기스 있음.,171700,137360,0.2
SK매직 GRA-F2NRH,가스레인지,3년 사용했습니다. 상태 최상이며 고장 없음. 충전기 없음.,116450,83844,0.28
린나이 GTA24SJ,가스레인지,2년 사용했습니다. 상태 보통그리고 액정 파손.,133400,76038,0.43
SK매직 뉴에코 GRA-841SR (GRA-841R),가스레인지,1개월 사용했습니다. 상태 보통그리고 생활 기스 있음.,144000,129600,0.1
린나이 RBR-S3000,가스레인지,1개월 사용했습니다. 외관 심한 흠집이며 고장 없음. 박스 없음.,218950,188297,0.14
하츠 GC-3605SDBH,가스레인지,6개월 사용했습니다. 생활흔적 있음이며 작동 이상 없음. 추가 액세서리 포함.,135000,121500,0.1
린나이 RBR-S3603DIJ,가스레인지,6개월 사용했습니다. 사용감 있음그리고 화면 금 갔음. 충전기 없음.,156710,112831,0.28
SK매직 GRA-B3FDD,가스레인지,2년 사용했습니다. 사용감 있음그리고 화면 금 갔음. 충전기 없음.,126000,71820,0.43
린나이 RBR-S4000,가스레인지,6개월 사용했습니다. 생활흔적 있음이며 고장 없음. 추가 액세서리 포함.,260460,234414,0.1
SK매직 GRA-B3216D,가스레인지,1개월 사용했습니다. 외관 심한 흠집그리고 생활 기스 있음. 박스 및 구성품 있음.,113920,94553,0.17
SK매직 GRA-B322K,가스레인지,2년 사용했습니다. 상태 보통이며 고장 없음. 추가 액세서리 포함.,174080,137523,0.21
린나이 RBR-P4400,가스레인지,5년 사용했습니다. 상태 최상이며 작동 이상 없음.,436700,240185,0.45
린나이 RT-5102,가스레인지,2년 사용했습니다. 사용감 있음이며 작동 이상 없음. 충전기 없음.,250380,180273,0.28
린나이 INBS301DJ,가스레인지,4년 사용했습니다. 사용감 있음그리고 화면 금 갔음.,167350,66940,0.6
SK매직 GRAB221K,가스레인지,거의 사용하지 않음. 사용감 있음이며 작동 이상 없음.,85440,76896,0.1
린나이 RBR-S3307DJ,가스레인지,5년 사용했습니다. 상태 양호하지만 생활 기스 있음. 충전기 없음.,158790,66691,0.58
린나이 RBR-S3001D,가스레인지,2년 사용했습니다. 상태 보통이며 작동 이상 없음.,213600,164472,0.23
린나이 CTA22NJ,가스레인지,4년 사용했습니다. 상태 양호하지만 생활 기스 있음. 추가 액세서리 포함.,138600,79002,0.43
린나이 RT-1620I,가스레인지,2년 사용했습니다. 생활흔적 있음그리고 생활 기스 있음. 박스 없음.,189730,129016,0.32
매직쉐프 MMW-W23FDHW,가스레인지,1년 사용했습니다. 상태 최상하지만 생활 기스 있음. 정품 인증서 포함.,119960,107964,0.1
린나이 RT-1080IJ,가스레인지,거의 사용하지 않음. 상태 보통이며 고장 없음. 박스 및 구성품 있음.,128060,115254,0.1
린나이 INCP2032WJ,가스레인지,4년 사용했습니다. 외관 약간 흠집그리고 배터리 효율 낮음. 충전기 없음.,143060,61515,0.57
SK매직 GRA-B3218D,가스레인지,3년 사용했습니다. 사용감 있음그리고 생활 기스 있음. 박스 없음.,147990,85834,0.42
린나이 RT-6520I,가스레인지,5년 사용했습니다. 외관 심한 흠집이며 고장 없음.,188810,75524,0.6
린나이 CPBC611DJ,가스레인지,5년 사용했습니다. 상태 보통이며 고장 없음.,176080,82757,0.53
SK매직 GRA-BA301D,가스레인지,1개월 사용했습니다. 생활흔적 있음이며 작동 이상 없음. 충전기 없음.,229020,206118,0.1
린나이 RBR-PF3000,가스레인지,1년 사용했습니다. 생활흔적 있음이며 고장 없음. 박스 없음.,294960,244816,0.17
SK매직 뉴에코 GRA-851SR,가스레인지,3년 사용했습니다. 사용감 있음이며 작동 이상 없음. 추가 액세서리 포함.,128820,86309,0.33
린나이 RBR-S6201D,가스레인지,1년 사용했습니다. 외관 약간 흠집이며 고장 없음. 정품 인증서 포함.,180000,156600,0.13
린나이 RBR-P3511WD,가스레인지,3년 사용했습니다. 사용감 있음그리고 생활 기스 있음. 충전기 없음.,241400,137598,0.43
린나이 RBR-P2501D,가스레인지,1개월 사용했습니다. 외관 약간 흠집그리고 배터리 효율 낮음. 충전기 없음.,210750,170707,0.19
SK매직 뉴에코 GRA-910SR,가스레인지,3년 사용했습니다. 외관 심한 흠집그리고 생활 기스 있음. 충전기 없음.,171700,89284,0.48
SK매직 GRA-F2NRH,가스레인지,2년 사용했습니다. 상태 최상하지만 배터리 효율 낮음. 추가 액세서리 포함.,116450,89666,0.23
린나이 GTA24SJ,가스레인지,3년 사용했습니다. 상태 양호하지만 화면 금 갔음. 충전기 없음.,133400,69368,0.48
SK매직 뉴에코 GRA-841SR (GRA-841R),가스레인지,1년 사용했습니다. 상태 보통그리고 액정 파손. 박스 없음.,144000,93600,0.35
린나이 RBR-S3000,가스레인지,6개월 사용했습니다. 외관 심한 흠집이며 고장 없음.,218950,186107,0.15
하츠 GC-3605SDBH,가스레인지,2년 사용했습니다. 생활흔적 있음이며 작동 이상 없음. 추가 액세서리 포함.,135000,103950,0.23
린나이 RBR-S3603DIJ,가스레인지,거의 사용하지 않음. 상태 보통그리고 화면 금 갔음.,156710,120666,0.23
SK매직 GRA-B3FDD,가스레인지,거의 사용하지 않음. 생활흔적 있음이며 작동 이상 없음. 정품 인증서 포함.,126000,113400,0.1
린나이 RBR-S4000,가스레인지,4년 사용했습니다. 외관 심한 흠집그리고 배터리 효율 낮음. 충전기 없음.,260460,96370,0.63
SK매직 GRA-B3216D,가스레인지,2년 사용했습니다. 외관 약간 흠집이며 고장 없음. 충전기 없음.,113920,83161,0.27
SK매직 GRA-B322K,가스레인지,6개월 사용했습니다. 외관 심한 흠집그리고 화면 금 갔음. 충전기 없음.,174080,116633,0.33
린나이 RBR-P4400,가스레인지,2년 사용했습니다. 외관 약간 흠집그리고 액정 파손. 정품 인증서 포함.,436700,248919,0.43
린나이 RT-5102,가스레인지,3년 사용했습니다. 외관 심한 흠집그리고 생활 기스 있음.,250380,137709,0.45
린나이 INBS301DJ,가스레인지,3년 사용했습니다. 상태 보통이며 작동 이상 없음. 정품 인증서 포함.,167350,113797,0.32
SK매직 GRAB221K,가스레인지,4년 사용했습니다. 상태 최상하지만 배터리 효율 낮음. 충전기 없음.,85440,44428,0.48
린나이 RBR-S3307DJ,가스레인지,2년 사용했습니다. 사용감 있음그리고 생활 기스 있음. 추가 액세서리 포함.,158790,114328,0.28
린나이 RBR-S3001D,가스레인지,5년 사용했습니다. 상태 최상하지만 배터리 효율 낮음. 정품 인증서 포함.,213600,98255,0.54
린나이 CTA22NJ,가스레인지,3년 사용했습니다. 사용감 있음이며 작동 이상 없음. 정품 인증서 포함.,138600,91475,0.34
린나이 RT-1620I,가스레인지,1년 사용했습니다. 상태 양호하지만 배터리 효율 낮음. 박스 없음.,189730,147989,0.22
매직쉐프 MMW-W23FDHW,가스레인지,거의 사용하지 않음. 외관 약간 흠집그리고 액정 파손.,119960,85171,0.29
린나이 RT-1080IJ,가스레인지,거의 사용하지 않음. 상태 양호하지만 액정 파손. 추가 액세서리 포함.,128060,98606,0.23
린나이 INCP2032WJ,가스레인지,2년 사용했습니다. 사용감 있음그리고 액정 파손.,143060,78683,0.45
SK매직 GRA-B3218D,가스레인지,1개월 사용했습니다. 상태 최상하지만 생활 기스 있음.,147990,133191,0.1
린나이 RT-6520I,가스레인지,3년 사용했습니다. 사용감 있음그리고 생활 기스 있음.,188810,113286,0.4
린나이 CPBC611DJ,가스레인지,6개월 사용했습니다. 외관 약간 흠집그리고 생활 기스 있음. 추가 액세서리 포함.,176080,154950,0.12
SK매직 GRA-BA301D,가스레인지,6개월 사용했습니다. 외관 심한 흠집이며 작동 이상 없음. 박스 및 구성품 있음.,229020,194667,0.15
린나이 RBR-PF3000,가스레인지,1년 사용했습니다. 사용감 있음그리고 생활 기스 있음. 박스 없음.,294960,230068,0.22
SK매직 뉴에코 GRA-851SR,가스레인지,거의 사용하지 않음. 외관 약간 흠집이며 작동 이상 없음. 박스 및 구성품 있음.,128820,115938,0.1
린나이 RBR-S6201D,가스레인지,6개월 사용했습니다. 생활흔적 있음그리고 액정 파손.,180000,125999,0.3
린나이 RBR-P3511WD,가스레인지,거의 사용하지 않음. 상태 보통그리고 액정 파손. 충전기 없음.,241400,166566,0.31
린나이 RBR-P2501D,가스레인지,1개월 사용했습니다. 외관 심한 흠집이며 작동 이상 없음. 추가 액세서리 포함.,210750,189675,0.1
SK매직 뉴에코 GRA-910SR,가스레인지,5년 사용했습니다. 사용감 있음이며 작동 이상 없음.,171700,77264,0.55
SK매직 GRA-F2NRH,가스레인지,3년 사용했습니다. 사용감 있음이며 작동 이상 없음. 박스 없음.,116450,73363,0.37
린나이 GTA24SJ,가스레인지,4년 사용했습니다. 외관 심한 흠집이며 작동 이상 없음. 정품 인증서 포함.,133400,68034,0.49
SK매직 뉴에코 GRA-841SR (GRA-841R),가스레인지,1년 사용했습니다. 사용감 있음그리고 화면 금 갔음.,144000,100800,0.3
린나이 RBR-S3000,가스레인지,2년 사용했습니다. 외관 약간 흠집그리고 생활 기스 있음. 정품 인증서 포함.,218950,157644,0.28
하츠 GC-3605SDBH,가스레인지,1년 사용했습니다. 상태 최상하지만 생활 기스 있음.,135000,121500,0.1
린나이 RBR-S3603DIJ,가스레인지,1년 사용했습니다. 상태 양호하지만 화면 금 갔음. 박스 및 구성품 있음.,156710,117532,0.25
SK매직 GRA-B3FDD,가스레인지,3년 사용했습니다. 상태 보통그리고 액정 파손. 충전기 없음.,126000,55439,0.56
린나이 RBR-S4000,가스레인지,2년 사용했습니다. 상태 최상하지만 생활 기스 있음. 박스 없음.,260460,203158,0.22
SK매직 GRA-B3216D,가스레인지,1년 사용했습니다. 상태 최상하지만 액정 파손.,113920,85440,0.25
SK매직 GRA-B322K,가스레인지,6개월 사용했습니다. 생활흔적 있음그리고 배터리 효율 낮음. 충전기 없음.,174080,134041,0.23
린나이 RBR-P4400,가스레인지,6개월 사용했습니다. 상태 보통이며 작동 이상 없음.,436700,393030,0.1
린나이 RT-5102,가스레인지,2년 사용했습니다. 생활흔적 있음그리고 생활 기스 있음. 추가 액세서리 포함.,250380,180273,0.28
린나이 INBS301DJ,가스레인지,1개월 사용했습니다. 상태 최상하지만 배터리 효율 낮음. 충전기 없음.,167350,150615,0.1
SK매직 GRAB221K,가스레인지,4년 사용했습니다. 상태 양호이며 작동 이상 없음. 정품 인증서 포함.,85440,52118,0.39
린나이 RBR-S3307DJ,가스레인지,6개월 사용했습니다. 사용감 있음이며 고장 없음. 추가 액세서리 포함.,158790,142911,0.1
린나이 RBR-S3001D,가스레인지,2년 사용했습니다. 사용감 있음그리고 생활 기스 있음. 박스 및 구성품 있음.,213600,149520,0.3
린나이 CTA22NJ,가스레인지,거의 사용하지 않음. 외관 약간 흠집그리고 액정 파손. 충전기 없음.,138600,94247,0.32
린나이 RT-1620I,가스레인지,2년 사용했습니다. 외관 약간 흠집그리고 생활 기스 있음. 추가 액세서리 포함.,189730,138502,0.27
매직쉐프 MMW-W23FDHW,가스레인지,거의 사용하지 않음. 상태 보통그리고 배터리 효율 낮음. 추가 액세서리 포함.,119960,100766,0.16
린나이 RT-1080IJ,가스레인지,5년 사용했습니다. 상태 보통그리고 배터리 효율 낮음. 추가 액세서리 포함.,128060,49943,0.61
린나이 INCP2032WJ,가스레인지,1년 사용했습니다. 상태 최상하지만 화면 금 갔음. 박스 및 구성품 있음.,143060,114448,0.2
SK매직 GRA-B3218D,가스레인지,3년 사용했습니다. 외관 심한 흠집그리고 생활 기스 있음. 정품 인증서 포함.,147990,82874,0.44
린나이 RT-6520I,가스레인지,거의 사용하지 않음. 상태 최상하지만 배터리 효율 낮음. 정품 인증서 포함.,188810,169929,0.1
린나이 CPBC611DJ,가스레인지,6개월 사용했습니다. 사용감 있음이며 작동 이상 없음. 박스 없음.,176080,154950,0.12
SK매직 GRA-BA301D,가스레인지,1년 사용했습니다. 외관 약간 흠집그리고 액정 파손. 박스 및 구성품 있음.,229020,151153,0.34
린나이 RBR-PF3000,가스레인지,4년 사용했습니다. 상태 보통이며 고장 없음. 정품 인증서 포함.,294960,171076,0.42
SK매직 뉴에코 GRA-851SR,가스레인지,2년 사용했습니다. 사용감 있음그리고 화면 금 갔음.,128820,77292,0.4
린나이 RBR-S6201D,가스레인지,1개월 사용했습니다. 상태 보통그리고 액정 파손. 충전기 없음.,180000,129600,0.28
린나이 RBR-P3511WD,가스레인지,4년 사용했습니다. 상태 양호하지만 생활 기스 있음. 추가 액세서리 포함.,241400,137598,0.43
린나이 RBR-P2501D,가스레인지,1년 사용했습니다. 외관 심한 흠집그리고 배터리 효율 낮음. 박스 및 구성품 있음.,210750,147525,0.3
SK매직 뉴에코 GRA-910SR,가스레인지,1년 사용했습니다. 외관 심한 흠집그리고 화면 금 갔음. 추가 액세서리 포함.,171700,115038,0.33
SK매직 GRA-F2NRH,가스레인지,2년 사용했습니다. 사용감 있음이며 고장 없음. 정품 인증서 포함.,116450,88502,0.24
린나이 GTA24SJ,가스레인지,거의 사용하지 않음. 생활흔적 있음이며 고장 없음. 박스 없음.,133400,117392,0.12
SK매직 뉴에코 GRA-841SR (GRA-841R),가스레인지,6개월 사용했습니다. 상태 보통그리고 화면 금 갔음. 추가 액세서리 포함.,144000,113760,0.21
린나이 RBR-S3000,가스레인지,4년 사용했습니다. 생활흔적 있음이며 고장 없음. 정품 인증서 포함.,218950,122612,0.44
하츠 GC-3605SDBH,가스레인지,6개월 사용했습니다. 외관 약간 흠집그리고 생활 기스 있음. 박스 없음.,135000,113400,0.16
린나이 RBR-S3603DIJ,가스레인지,6개월 사용했습니다. 외관 심한 흠집그리고 생활 기스 있음. 정품 인증서 포함.,156710,126935,0.19
SK매직 GRA-B3FDD,가스레인지,4년 사용했습니다. 상태 최상이며 고장 없음. 충전기 없음.,126000,78120,0.38
린나이 RBR-S4000,가스레인지,5년 사용했습니다. 상태 양호이며 고장 없음. 박스 없음.,260460,125020,0.52
SK매직 GRA-B3216D,가스레인지,6개월 사용했습니다. 생활흔적 있음이며 고장 없음. 박스 및 구성품 있음.,113920,102528,0.1
SK매직 GRA-B322K,가스레인지,2년 사용했습니다. 상태 보통그리고 배터리 효율 낮음. 박스 및 구성품 있음.,174080,116633,0.33
린나이 RBR-P4400,가스레인지,3년 사용했습니다. 외관 심한 흠집그리고 화면 금 갔음.,436700,196514,0.55
린나이 RT-5102,가스레인지,4년 사용했습니다. 상태 양호이며 작동 이상 없음. 정품 인증서 포함.,250380,152731,0.39
린나이 INBS301DJ,가스레인지,1개월 사용했습니다. 사용감 있음그리고 배터리 효율 낮음. 박스 없음.,167350,135553,0.19
SK매직 GRAB221K,가스레인지,3년 사용했습니다. 외관 심한 흠집그리고 화면 금 갔음. 박스 없음.,85440,36739,0.57
린나이 RBR-S3307DJ,가스레인지,1년 사용했습니다. 생활흔적 있음그리고 화면 금 갔음. 충전기 없음.,158790,106389,0.33
린나이 RBR-S3001D,가스레인지,3년 사용했습니다. 외관 심한 흠집그리고 배터리 효율 낮음. 박스 및 구성품 있음.,213600,106800,0.5
린나이 CTA22NJ,가스레인지,1년 사용했습니다. 외관 약간 흠집그리고 액정 파손. 충전기 없음.,138600,87318,0.37
린나이 RT-1620I,가스레인지,1개월 사용했습니다. 외관 약간 흠집그리고 액정 파손. 박스 및 구성품 있음.,189730,140400,0.26
매직쉐프 MMW-W23FDHW,가스레인지,1개월 사용했습니다. 외관 심한 흠집이며 고장 없음. 박스 및 구성품 있음.,119960,105564,0.12
린나이 RT-1080IJ,가스레인지,3년 사용했습니다. 생활흔적 있음이며 작동 이상 없음.,128060,83239,0.35
린나이 INCP2032WJ,가스레인지,6개월 사용했습니다. 생활흔적 있음그리고 배터리 효율 낮음. 박스 없음.,143060,111586,0.22
SK매직 GRA-B3218D,가스레인지,3년 사용했습니다. 상태 양호하지만 배터리 효율 낮음. 정품 인증서 포함.,147990,90273,0.39
린나이 RT-6520I,가스레인지,1개월 사용했습니다. 상태 양호하지만 액정 파손. 정품 인증서 포함.,188810,149159,0.21
린나이 CPBC611DJ,가스레인지,4년 사용했습니다. 상태 양호하지만 화면 금 갔음. 충전기 없음.,176080,73953,0.58
SK매직 GRA-BA301D,가스레인지,4년 사용했습니다. 상태 양호하지만 생활 기스 있음. 추가 액세서리 포함.,229020,130541,0.43
린나이 RBR-PF3000,가스레인지,1년 사용했습니다. 상태 양호이며 작동 이상 없음. 충전기 없음.,294960,256615,0.13
SK매직 뉴에코 GRA-851SR,가스레인지,4년 사용했습니다. 사용감 있음그리고 생활 기스 있음. 박스 없음.,128820,61833,0.52
린나이 RBR-S6201D,가스레인지,1년 사용했습니다. 사용감 있음그리고 액정 파손. 충전기 없음.,180000,111600,0.38
린나이 RBR-P3511WD,가스레인지,5년 사용했습니다. 외관 약간 흠집그리고 배터리 효율 낮음. 정품 인증서 포함.,241400,89318,0.63
린나이 RBR-P2501D,가스레인지,1개월 사용했습니다. 생활흔적 있음이며 작동 이상 없음. 추가 액세서리 포함.,210750,189675,0.1
SK매직 뉴에코 GRA-910SR,가스레인지,2년 사용했습니다. 외관 약간 흠집이며 작동 이상 없음. 충전기 없음.,171700,125341,0.27
SK매직 GRA-F2NRH,가스레인지,5년 사용했습니다. 외관 심한 흠집이며 고장 없음. 박스 없음.,116450,44251,0.62
린나이 GTA24SJ,가스레인지,거의 사용하지 않음. 외관 약간 흠집그리고 생활 기스 있음.,133400,114724,0.14
SK매직 뉴에코 GRA-841SR (GRA-841R),가스레인지,3년 사용했습니다. 생활흔적 있음그리고 생활 기스 있음. 박스 및 구성품 있음.,144000,86400,0.4
린나이 RBR-S3000,가스레인지,6개월 사용했습니다. 사용감 있음그리고 화면 금 갔음. 추가 액세서리 포함.,218950,168591,0.23
하츠 GC-3605SDBH,가스레인지,5년 사용했습니다. 상태 최상하지만 배터리 효율 낮음.,135000,60749,0.55
린나이 RBR-S3603DIJ,가스레인지,4년 사용했습니다. 상태 최상하지만 화면 금 갔음. 박스 없음.,156710,75220,0.52
SK매직 GRA-B3FDD,가스레인지,3년 사용했습니다. 사용감 있음그리고 배터리 효율 낮음. 박스 및 구성품 있음.,126000,69300,0.45
린나이 RBR-S4000,가스레인지,3년 사용했습니다. 사용감 있음이며 고장 없음.,260460,169299,0.35
SK매직 GRA-B3216D,가스레인지,3년 사용했습니다. 외관 심한 흠집그리고 화면 금 갔음. 박스 없음.,113920,48985,0.57
SK매직 GRA-B322K,가스레인지,2년 사용했습니다. 외관 심한 흠집그리고 생활 기스 있음. 박스 없음.,174080,109670,0.37
린나이 RBR-P4400,가스레인지,1년 사용했습니다. 외관 약간 흠집이며 고장 없음. 충전기 없음.,436700,362461,0.17
린나이 RT-5102,가스레인지,거의 사용하지 않음. 상태 보통이며 고장 없음. 추가 액세서리 포함.,250380,225342,0.1
린나이 INBS301DJ,가스레인지,4년 사용했습니다. 상태 양호이며 작동 이상 없음.,167350,100410,0.4
SK매직 GRAB221K,가스레인지,2년 사용했습니다. 생활흔적 있음그리고 배터리 효율 낮음. 추가 액세서리 포함.,85440,57244,0.33
린나이 RBR-S3307DJ,가스레인지,1년 사용했습니다. 상태 최상하지만 생활 기스 있음. 박스 및 구성품 있음.,158790,142911,0.1
린나이 RBR-S3001D,가스레인지,1년 사용했습니다. 상태 최상하지만 화면 금 갔음. 추가 액세서리 포함.,213600,175152,0.18
린나이 CTA22NJ,가스레인지,거의 사용하지 않음. 상태 최상이며 고장 없음. 추가 액세서리 포함.,138600,124740,0.1
린나이 RT-1620I,가스레인지,1년 사용했습니다. 사용감 있음그리고 화면 금 갔음. 충전기 없음.,189730,127119,0.33
매직쉐프 MMW-W23FDHW,가스레인지,1개월 사용했습니다. 생활흔적 있음이며 고장 없음. 박스 및 구성품 있음.,119960,107964,0.1
린나이 RT-1080IJ,가스레인지,1개월 사용했습니다. 상태 보통그리고 액정 파손. 추가 액세서리 포함.,128060,98606,0.23
린나이 INCP2032WJ,가스레인지,거의 사용하지 않음. 상태 보통이며 작동 이상 없음. 정품 인증서 포함.,143060,128754,0.1
SK매직 GRA-B3218D,가스레인지,1개월 사용했습니다. 상태 양호하지만 화면 금 갔음. 충전기 없음.,147990,118392,0.2
린나이 RT-6520I,가스레인지,6개월 사용했습니다. 상태 양호이며 고장 없음. 정품 인증서 포함.,188810,169929,0.1
린나이 CPBC611DJ,가스레인지,1개월 사용했습니다. 상태 최상이며 작동 이상 없음. 추가 액세서리 포함.,176080,158472,0.1
SK매직 GRA-BA301D,가스레인지,6개월 사용했습니다. 상태 양호하지만 배터리 효율 낮음. 충전기 없음.,229020,187796,0.18
린나이 RBR-PF3000,가스레인지,6개월 사용했습니다. 상태 양호하지만 배터리 효율 낮음. 박스 없음.,294960,244816,0.17
SK매직 뉴에코 GRA-851SR,가스레인지,1년 사용했습니다. 외관 심한 흠집그리고 액정 파손.,128820,77292,0.4
린나이 RBR-S6201D,가스레인지,5년 사용했습니다. 외관 심한 흠집그리고 생활 기스 있음. 박스 없음.,180000,59399,0.67
린나이 RBR-P3511WD,가스레인지,4년 사용했습니다. 외관 약간 흠집이며 고장 없음. 충전기 없음.,241400,127942,0.47
린나이 RBR-P2501D,가스레인지,5년 사용했습니다. 생활흔적 있음이며 고장 없음.,210750,94837,0.55
SK매직 뉴에코 GRA-910SR,가스레인지,3년 사용했습니다. 외관 약간 흠집그리고 화면 금 갔음. 박스 및 구성품 있음.,171700,87567,0.49
SK매직 GRA-F2NRH,가스레인지,3년 사용했습니다. 사용감 있음이며 고장 없음. 정품 인증서 포함.,116450,76856,0.34
린나이 GTA24SJ,가스레인지,5년 사용했습니다. 생활흔적 있음이며 작동 이상 없음.,133400,60029,0.55
SK매직 뉴에코 GRA-841SR (GRA-841R),가스레인지,2년 사용했습니다. 상태 보통그리고 배터리 효율 낮음. 충전기 없음.,144000,92160,0.36
린나이 RBR-S3000,가스레인지,1개월 사용했습니다. 외관 심한 흠집그리고 배터리 효율 낮음.,218950,170781,0.22
하츠 GC-3605SDBH,가스레인지,2년 사용했습니다. 상태 최상하지만 화면 금 갔음. 충전기 없음.,135000,90449,0.33
린나이 RBR-S3603DIJ,가스레인지,거의 사용하지 않음. 외관 약간 흠집이며 작동 이상 없음. 추가 액세서리 포함.,156710,141039,0.1
SK매직 GRA-B3FDD,가스레인지,1개월 사용했습니다. 외관 심한 흠집그리고 화면 금 갔음.,126000,91980,0.27
린나이 RBR-S4000,가스레인지,거의 사용하지 않음. 상태 최상이며 고장 없음. 정품 인증서 포함.,260460,234414,0.1
SK매직 GRA-B3216D,가스레인지,3년 사용했습니다. 사용감 있음그리고 배터리 효율 낮음. 박스 및 구성품 있음.,113920,62656,0.45
SK매직 GRA-B322K,가스레인지,2년 사용했습니다. 상태 양호이며 작동 이상 없음. 정품 인증서 포함.,174080,141004,0.19
린나이 RBR-P4400,가스레인지,3년 사용했습니다. 상태 양호하지만 액정 파손. 추가 액세서리 포함.,436700,227084,0.48
린나이 RT-5102,가스레인지,2년 사용했습니다. 외관 약간 흠집그리고 생활 기스 있음. 추가 액세서리 포함.,250380,182777,0.27
린나이 INBS301DJ,가스레인지,1년 사용했습니다. 상태 최상이며 고장 없음.,167350,150615,0.1
SK매직 GRAB221K,가스레인지,거의 사용하지 않음. 상태 양호이며 고장 없음. 추가 액세서리 포함.,85440,76896,0.1
린나이 RBR-S3307DJ,가스레인지,거의 사용하지 않음. 외관 심한 흠집그리고 배터리 효율 낮음.,158790,119092,0.25
린나이 RBR-S3001D,가스레인지,1년 사용했습니다. 생활흔적 있음이며 작동 이상 없음. 정품 인증서 포함.,213600,183696,0.14
린나이 CTA22NJ,가스레인지,1년 사용했습니다. 생활흔적 있음이며 고장 없음. 박스 없음.,138600,115038,0.17
린나이 RT-1620I,가스레인지,거의 사용하지 않음. 상태 양호이며 고장 없음. 충전기 없음.,189730,170757,0.1
매직쉐프 MMW-W23FDHW,가스레인지,5년 사용했습니다. 사용감 있음그리고 화면 금 갔음. 박스 없음.,119960,33588,0.72
린나이 RT-1080IJ,가스레인지,6개월 사용했습니다. 상태 최상이며 작동 이상 없음. 정품 인증서 포함.,128060,115254,0.1
린나이 INCP2032WJ,가스레인지,4년 사용했습니다. 외관 약간 흠집그리고 화면 금 갔음. 박스 및 구성품 있음.,143060,58654,0.59
SK매직 GRA-B3218D,가스레인지,3년 사용했습니다. 상태 보통이며 고장 없음. 박스 및 구성품 있음.,147990,99153,0.33
린나이 RT-6520I,가스레인지,1년 사용했습니다. 외관 심한 흠집이며 작동 이상 없음. 추가 액세서리 포함.,188810,154824,0.18
린나이 CPBC611DJ,가스레인지,4년 사용했습니다. 외관 심한 흠집그리고 액정 파손. 추가 액세서리 포함.,176080,56345,0.68
SK매직 GRA-BA301D,가스레인지,2년 사용했습니다. 상태 보통그리고 액정 파손. 박스 및 구성품 있음.,229020,130541,0.43
린나이 RBR-PF3000,가스레인지,3년 사용했습니다. 상태 양호하지만 화면 금 갔음. 박스 및 구성품 있음.,294960,162228,0.45
SK매직 뉴에코 GRA-851SR,가스레인지,5년 사용했습니다. 외관 약간 흠집이며 고장 없음. 박스 및 구성품 있음.,128820,59257,0.54
린나이 RBR-S6201D,가스레인지,거의 사용하지 않음. 상태 최상하지만 배터리 효율 낮음.,180000,162000,0.1
린나이 RBR-P3511WD,가스레인지,4년 사용했습니다. 사용감 있음이며 작동 이상 없음. 충전기 없음.,241400,125528,0.48
린나이 RBR-P2501D,가스레인지,4년 사용했습니다. 사용감 있음그리고 화면 금 갔음. 박스 및 구성품 있음.,210750,84300,0.6
SK매직 뉴에코 GRA-910SR,가스레인지,3년 사용했습니다. 외관 약간 흠집이며 고장 없음. 박스 없음.,171700,109888,0.36
SK매직 GRA-F2NRH,가스레인지,5년 사용했습니다. 상태 양호하지만 액정 파손. 충전기 없음.,116450,31441,0.73
린나이 GTA24SJ,가스레인지,거의 사용하지 않음. 외관 심한 흠집그리고 배터리 효율 낮음. 박스 및 구성품 있음.,133400,100050,0.25
SK매직 뉴에코 GRA-841SR (GRA-841R),가스레인지,5년 사용했습니다. 상태 보통그리고 배터리 효율 낮음. 정품 인증서 포함.,144000,54720,0.62
린나이 RBR-S3000,가스레인지,2년 사용했습니다. 상태 양호이며 작동 이상 없음. 박스 및 구성품 있음.,218950,175160,0.2
하츠 GC-3605SDBH,가스레인지,6개월 사용했습니다. 상태 최상하지만 화면 금 갔음. 추가 액세서리 포함.,135000,117450,0.13
린나이 RBR-S3603DIJ,가스레인지,5년 사용했습니다. 상태 양호하지만 배터리 효율 낮음. 추가 액세서리 포함.,156710,65818,0.58
SK매직 GRA-B3FDD,가스레인지,2년 사용했습니다. 상태 양호하지만 액정 파손. 추가 액세서리 포함.,126000,78120,0.38
린나이 RBR-S4000,가스레인지,5년 사용했습니다. 외관 약간 흠집그리고 배터리 효율 낮음. 정품 인증서 포함.,260460,96370,0.63
SK매직 GRA-B3216D,가스레인지,6개월 사용했습니다. 사용감 있음그리고 생활 기스 있음. 추가 액세서리 포함.,113920,99110,0.13
SK매직 GRA-B322K,가스레인지,5년 사용했습니다. 상태 양호하지만 생활 기스 있음. 박스 및 구성품 있음.,174080,78335,0.55
린나이 RBR-P4400,가스레인지,4년 사용했습니다. 상태 양호하지만 생활 기스 있음. 충전기 없음.,436700,227084,0.48
린나이 RT-5102,가스레인지,4년 사용했습니다. 생활흔적 있음그리고 생활 기스 있음. 충전기 없음.,250380,117678,0.53
린나이 INBS301DJ,가스레인지,6개월 사용했습니다. 상태 보통이며 고장 없음.,167350,150615,0.1
SK매직 GRAB221K,가스레인지,5년 사용했습니다. 사용감 있음이며 고장 없음. 충전기 없음.,85440,35884,0.58
린나이 RBR-S3307DJ,가스레인지,1개월 사용했습니다. 상태 최상하지만 화면 금 갔음. 박스 및 구성품 있음.,158790,139735,0.12
린나이 RBR-S3001D,가스레인지,6개월 사용했습니다. 생활흔적 있음그리고 배터리 효율 낮음. 충전기 없음.,213600,164472,0.23
린나이 CTA22NJ,가스레인지,6개월 사용했습니다. 상태 양호하지만 화면 금 갔음.,138600,110880,0.2
린나이 RT-1620I,가스레인지,1년 사용했습니다. 상태 보통이며 작동 이상 없음.,189730,165065,0.13
매직쉐프 MMW-W23FDHW,가스레인지,거의 사용하지 않음. 상태 보통그리고 배터리 효율 낮음. 박스 및 구성품 있음.,119960,98367,0.18
린나이 RT-1080IJ,가스레인지,3년 사용했습니다. 외관 약간 흠집그리고 생활 기스 있음. 정품 인증서 포함.,128060,79397,0.38
린나이 INCP2032WJ,가스레인지,1개월 사용했습니다. 상태 양호하지만 배터리 효율 낮음. 충전기 없음.,143060,121601,0.15
SK매직 GRA-B3218D,가스레인지,5년 사용했습니다. 외관 약간 흠집그리고 생활 기스 있음. 추가 액세서리 포함.,147990,63635,0.57
린나이 RT-6520I,가스레인지,1개월 사용했습니다. 생활흔적 있음이며 고장 없음. 추가 액세서리 포함.,188810,169929,0.1
린나이 CPBC611DJ,가스레인지,3년 사용했습니다. 생활흔적 있음그리고 생활 기스 있음. 정품 인증서 포함.,176080,107408,0.39
SK매직 GRA-BA301D,가스레인지,6개월 사용했습니다. 외관 약간 흠집이며 작동 이상 없음.,229020,206118,0.1
린나이 RBR-PF3000,가스레인지,1년 사용했습니다. 상태 보통그리고 화면 금 갔음. 박스 없음.,294960,206472,0.3
SK매직 뉴에코 GRA-851SR,가스레인지,4년 사용했습니다. 상태 최상하지만 액정 파손. 정품 인증서 포함.,128820,59257,0.54
린나이 RBR-S6201D,가스레인지,2년 사용했습니다. 생활흔적 있음그리고 액정 파손. 충전기 없음.,180000,93600,0.48
린나이 RBR-P3511WD,가스레인지,1개월 사용했습니다. 상태 최상이며 작동 이상 없음. 박스 및 구성품 있음.,241400,217260,0.1
린나이 RBR-P2501D,가스레인지,1개월 사용했습니다. 상태 최상하지만 배터리 효율 낮음. 박스 및 구성품 있음.,210750,189675,0.1
SK매직 뉴에코 GRA-910SR,가스레인지,3년 사용했습니다. 사용감 있음그리고 화면 금 갔음. 추가 액세서리 포함.,171700,89284,0.48
SK매직 GRA-F2NRH,가스레인지,거의 사용하지 않음. 상태 보통이며 작동 이상 없음. 추가 액세서리 포함.,116450,104805,0.1
린나이 GTA24SJ,가스레인지,2년 사용했습니다. 상태 최상하지만 액정 파손.,133400,86710,0.35
SK매직 뉴에코 GRA-841SR (GRA-841R),가스레인지,3년 사용했습니다. 상태 최상하지만 화면 금 갔음. 박스 및 구성품 있음.,144000,86400,0.4
린나이 RBR-S3000,가스레인지,1년 사용했습니다. 외관 심한 흠집이며 고장 없음. 박스 및 구성품 있음.,218950,175160,0.2
하츠 GC-3605SDBH,가스레인지,5년 사용했습니다. 사용감 있음그리고 배터리 효율 낮음. 박스 및 구성품 있음.,135000,47250,0.65
린나이 RBR-S3603DIJ,가스레인지,3년 사용했습니다. 상태 보통그리고 생활 기스 있음. 정품 인증서 포함.,156710,98727,0.37
SK매직 GRA-B3FDD,가스레인지,1개월 사용했습니다. 외관 약간 흠집이며 작동 이상 없음. 박스 없음.,126000,113400,0.1
린나이 RBR-S4000,가스레인지,5년 사용했습니다. 외관 약간 흠집이며 고장 없음. 정품 인증서 포함.,260460,122416,0.53
SK매직 GRA-B3216D,가스레인지,1개월 사용했습니다. 외관 심한 흠집그리고 액정 파손. 충전기 없음.,113920,74048,0.35
SK매직 GRA-B322K,가스레인지,4년 사용했습니다. 외관 약간 흠집이며 고장 없음. 정품 인증서 포함.,174080,99225,0.43
린나이 RBR-P4400,가스레인지,1년 사용했습니다. 상태 최상하지만 액정 파손. 박스 및 구성품 있음.,436700,327525,0.25
린나이 RT-5102,가스레인지,3년 사용했습니다. 외관 약간 흠집그리고 화면 금 갔음. 박스 및 구성품 있음.,250380,127693,0.49
린나이 INBS301DJ,가스레인지,1년 사용했습니다. 상태 최상하지만 생활 기스 있음. 박스 없음.,167350,147268,0.12
SK매직 GRAB221K,가스레인지,4년 사용했습니다. 외관 약간 흠집그리고 배터리 효율 낮음. 정품 인증서 포함.,85440,40156,0.53
린나이 RBR-S3307DJ,가스레인지,5년 사용했습니다. 상태 최상하지만 배터리 효율 낮음. 추가 액세서리 포함.,158790,74631,0.53
린나이 RBR-S3001D,가스레인지,3년 사용했습니다. 상태 양호하지만 액정 파손. 추가 액세서리 포함.,213600,111072,0.48
린나이 CTA22NJ,가스레인지,3년 사용했습니다. 생활흔적 있음그리고 화면 금 갔음. 정품 인증서 포함.,138600,70686,0.49
린나이 RT-1620I,가스레인지,2년 사용했습니다. 사용감 있음이며 작동 이상 없음. 추가 액세서리 포함.,189730,146092,0.23
매직쉐프 MMW-W23FDHW,가스레인지,4년 사용했습니다. 생활흔적 있음그리고 생활 기스 있음. 충전기 없음.,119960,56381,0.53
린나이 RT-1080IJ,가스레인지,1개월 사용했습니다. 상태 최상하지만 배터리 효율 낮음. 박스 없음.,128060,115254,0.1
린나이 INCP2032WJ,가스레인지,2년 사용했습니다. 외관 심한 흠집이며 고장 없음. 정품 인증서 포함.,143060,101572,0.29
SK매직 GRA-B3218D,가스레인지,2년 사용했습니다. 생활흔적 있음그리고 생활 기스 있음. 박스 없음.,147990,100633,0.32
린나이 RT-6520I,가스레인지,5년 사용했습니다. 상태 양호하지만 액정 파손. 박스 및 구성품 있음.,188810,56643,0.7
린나이 CPBC611DJ,가스레인지,1년 사용했습니다. 생활흔적 있음그리고 액정 파손. 박스 및 구성품 있음.,176080,114452,0.35
SK매직 GRA-BA301D,가스레인지,2년 사용했습니다. 외관 약간 흠집그리고 배터리 효율 낮음. 충전기 없음.,229020,144282,0.37
린나이 RBR-PF3000,가스레인지,5년 사용했습니다. 상태 양호하지만 화면 금 갔음. 정품 인증서 포함.,294960,106185,0.64
SK매직 뉴에코 GRA-851SR,가스레인지,2년 사용했습니다. 상태 양호이며 작동 이상 없음. 충전기 없음.,128820,99191,0.23
린나이 RBR-S6201D,가스레인지,1개월 사용했습니다. 사용감 있음이며 고장 없음. 충전기 없음.,180000,162000,0.1
린나이 RBR-P3511WD,가스레인지,5년 사용했습니다. 상태 양호이며 고장 없음. 박스 없음.,241400,115872,0.52
린나이 RBR-P2501D,가스레인지,3년 사용했습니다. 상태 보통그리고 생활 기스 있음. 정품 인증서 포함.,210750,132772,0.37
SK매직 뉴에코 GRA-910SR,가스레인지,5년 사용했습니다. 사용감 있음그리고 배터리 효율 낮음. 충전기 없음.,171700,54943,0.68
SK매직 GRA-F2NRH,가스레인지,4년 사용했습니다. 상태 보통그리고 생활 기스 있음. 정품 인증서 포함.,116450,61718,0.47
린나이 GTA24SJ,가스레인지,3년 사용했습니다. 상태 양호하지만 액정 파손. 추가 액세서리 포함.,133400,69368,0.48
SK매직 뉴에코 GRA-841SR (GRA-841R),가스레인지,거의 사용하지 않음. 상태 보통그리고 배터리 효율 낮음.,144000,118080,0.18
린나이 RBR-S3000,가스레인지,1개월 사용했습니다. 상태 보통그리고 액정 파손. 정품 인증서 포함.,218950,166402,0.24
하츠 GC-3605SDBH,가스레인지,5년 사용했습니다. 상태 양호이며 작동 이상 없음. 박스 없음.,135000,64800,0.52
린나이 RBR-S3603DIJ,가스레인지,1개월 사용했습니다. 외관 약간 흠집그리고 배터리 효율 낮음. 추가 액세서리 포함.,156710,134770,0.14
SK매직 GRA-B3FDD,가스레인지,3년 사용했습니다. 상태 보통그리고 생활 기스 있음. 충전기 없음.,126000,74340,0.41
린나이 RBR-S4000,가스레인지,4년 사용했습니다. 외관 약간 흠집그리고 생활 기스 있음. 충전기 없음.,260460,125020,0.52
SK매직 GRA-B3216D,가스레인지,3년 사용했습니다. 상태 최상이며 고장 없음. 박스 및 구성품 있음.,113920,85440,0.25
SK매직 GRA-B322K,가스레인지,6개월 사용했습니다. 상태 보통그리고 액정 파손. 박스 없음.,174080,121855,0.3
린나이 RBR-P4400,가스레인지,거의 사용하지 않음. 상태 보통그리고 화면 금 갔음. 추가 액세서리 포함.,436700,344993,0.21
린나이 RT-5102,가스레인지,거의 사용하지 않음. 외관 심한 흠집그리고 액정 파손. 박스 및 구성품 있음.,250380,162747,0.35
린나이 INBS301DJ,가스레인지,3년 사용했습니다. 상태 최상하지만 액정 파손. 박스 없음.,167350,88695,0.47
SK매직 GRAB221K,가스레인지,3년 사용했습니다. 외관 심한 흠집그리고 액정 파손. 추가 액세서리 포함.,85440,35884,0.58
린나이 RBR-S3307DJ,가스레인지,3년 사용했습니다. 외관 약간 흠집그리고 화면 금 갔음. 추가 액세서리 포함.,158790,84158,0.47
린나이 RBR-S3001D,가스레인지,거의 사용하지 않음. 생활흔적 있음그리고 생활 기스 있음. 박스 없음.,213600,177288,0.17
린나이 CTA22NJ,가스레인지,거의 사용하지 않음. 외관 약간 흠집이며 고장 없음. 정품 인증서 포함.,138600,124740,0.1
린나이 RT-1620I,가스레인지,거의 사용하지 않음. 상태 양호하지만 화면 금 갔음.,189730,151784,0.2
매직쉐프 MMW-W23FDHW,가스레인지,1개월 사용했습니다. 상태 최상하지만 배터리 효율 낮음. 추가 액세서리 포함.,119960,107964,0.1
린나이 RT-1080IJ,가스레인지,1개월 사용했습니다. 생활흔적 있음그리고 액정 파손. 추가 액세서리 포함.,128060,96045,0.25
린나이 INCP2032WJ,가스레인지,2년 사용했습니다. 외관 심한 흠집그리고 생활 기스 있음. 정품 인증서 포함.,143060,94419,0.34
SK매직 GRA-B3218D,가스레인지,3년 사용했습니다. 생활흔적 있음그리고 화면 금 갔음. 박스 및 구성품 있음.,147990,73995,0.5
린나이 RT-6520I,가스레인지,6개월 사용했습니다. 외관 심한 흠집그리고 화면 금 갔음. 충전기 없음.,188810,126502,0.33
린나이 CPBC611DJ,가스레인지,거의 사용하지 않음. 외관 약간 흠집그리고 화면 금 갔음. 충전기 없음.,176080,128538,0.27
SK매직 GRA-BA301D,가스레인지,거의 사용하지 않음. 생활흔적 있음이며 고장 없음.,229020,206118,0.1
린나이 RBR-PF3000,가스레인지,1년 사용했습니다. 외관 심한 흠집그리고 배터리 효율 낮음. 충전기 없음.,294960,197623,0.33
SK매직 뉴에코 GRA-851SR,가스레인지,6개월 사용했습니다. 상태 최상하지만 액정 파손. 충전기 없음.,128820,99191,0.23
린나이 RBR-S6201D,가스레인지,6개월 사용했습니다. 외관 심한 흠집그리고 배터리 효율 낮음. 충전기 없음.,180000,129600,0.28
린나이 RBR-P3511WD,가스레인지,1개월 사용했습니다. 외관 심한 흠집그리고 생활 기스 있음. 추가 액세서리 포함.,241400,205190,0.15
린나이 RBR-P2501D,가스레인지,1개월 사용했습니다. 상태 양호이며 작동 이상 없음.,210750,189675,0.1
SK매직 뉴에코 GRA-910SR,가스레인지,1년 사용했습니다. 사용감 있음이며 고장 없음. 박스 및 구성품 있음.,171700,145945,0.15
SK매직 GRA-F2NRH,가스레인지,1년 사용했습니다. 상태 최상이며 작동 이상 없음. 박스 및 구성품 있음.,116450,104805,0.1
린나이 GTA24SJ,가스레인지,5년 사용했습니다. 상태 최상이며 고장 없음. 충전기 없음.,133400,69368,0.48
SK매직 뉴에코 GRA-841SR (GRA-841R),가스레인지,4년 사용했습니다. 외관 심한 흠집그리고 액정 파손. 박스 없음.,144000,40320,0.72
린나이 RBR-S3000,가스레인지,6개월 사용했습니다. 상태 보통그리고 생활 기스 있음. 추가 액세서리 포함.,218950,194865,0.11
하츠 GC-3605SDBH,가스레인지,2년 사용했습니다. 외관 약간 흠집그리고 화면 금 갔음.,135000,82350,0.39
린나이 RBR-S3603DIJ,가스레인지,1개월 사용했습니다. 상태 보통그리고 생활 기스 있음.,156710,141039,0.1
SK매직 GRA-B3FDD,가스레인지,거의 사용하지 않음. 상태 보통이며 고장 없음. 충전기 없음.,126000,112140,0.11
린나이 RBR-S4000,가스레인지,3년 사용했습니다. 외관 약간 흠집이며 작동 이상 없음. 충전기 없음.,260460,164089,0.37
SK매직 GRA-B3216D,가스레인지,거의 사용하지 않음. 생활흔적 있음그리고 액정 파손. 충전기 없음.,113920,76326,0.33
SK매직 GRA-B322K,가스레인지,1년 사용했습니다. 상태 최상하지만 생활 기스 있음.,174080,156672,0.1
린나이 RBR-P4400,가스레인지,5년 사용했습니다. 상태 양호이며 고장 없음. 박스 없음.,436700,209616,0.52
린나이 RT-5102,가스레인지,6개월 사용했습니다. 사용감 있음이며 고장 없음. 정품 인증서 포함.,250380,225342,0.1
린나이 INBS301DJ,가스레인지,1년 사용했습니다. 상태 보통그리고 액정 파손. 충전기 없음.,167350,107104,0.36
SK매직 GRAB221K,가스레인지,거의 사용하지 않음. 외관 약간 흠집이며 고장 없음. 정품 인증서 포함.,85440,76896,0.1
린나이 RBR-S3307DJ,가스레인지,3년 사용했습니다. 상태 최상하지만 액정 파손. 박스 없음.,158790,84158,0.47
린나이 RBR-S3001D,가스레인지,6개월 사용했습니다. 상태 양호하지만 액정 파손.,213600,160200,0.25
린나이 CTA22NJ,가스레인지,거의 사용하지 않음. 상태 보통그리고 생활 기스 있음. 박스 및 구성품 있음.,138600,120582,0.13
린나이 RT-1620I,가스레인지,거의 사용하지 않음. 상태 최상하지만 배터리 효율 낮음. 박스 없음.,189730,166962,0.12
매직쉐프 MMW-W23FDHW,가스레인지,2년 사용했습니다. 상태 양호이며 작동 이상 없음. 충전기 없음.,119960,92369,0.23
린나이 RT-1080IJ,가스레인지,6개월 사용했습니다. 외관 약간 흠집그리고 배터리 효율 낮음. 정품 인증서 포함.,128060,105009,0.18
린나이 INCP2032WJ,가스레인지,5년 사용했습니다. 상태 최상하지만 화면 금 갔음.,143060,57224,0.6
SK매직 GRA-B3218D,가스레인지,2년 사용했습니다. 외관 약간 흠집그리고 생활 기스 있음. 충전기 없음.,147990,100633,0.32
린나이 RT-6520I,가스레인지,1개월 사용했습니다. 상태 최상하지만 배터리 효율 낮음. 충전기 없음.,188810,169929,0.1
린나이 CPBC611DJ,가스레인지,1개월 사용했습니다. 생활흔적 있음이며 작동 이상 없음. 정품 인증서 포함.,176080,158472,0.1
SK매직 GRA-BA301D,가스레인지,5년 사용했습니다. 상태 양호하지만 배터리 효율 낮음. 박스 없음.,229020,87027,0.62
린나이 RBR-PF3000,가스레인지,6개월 사용했습니다. 외관 약간 흠집그리고 액정 파손.,294960,209421,0.29
SK매직 뉴에코 GRA-851SR,가스레인지,2년 사용했습니다. 외관 심한 흠집그리고 화면 금 갔음. 충전기 없음.,128820,66986,0.48
린나이 RBR-S6201D,가스레인지,6개월 사용했습니다. 사용감 있음그리고 배터리 효율 낮음. 정품 인증서 포함.,180000,145800,0.19
린나이 RBR-P3511WD,가스레인지,3년 사용했습니다. 외관 심한 흠집그리고 화면 금 갔음. 박스 및 구성품 있음.,241400,108629,0.55
린나이 RBR-P2501D,가스레인지,1년 사용했습니다. 상태 양호하지만 화면 금 갔음. 추가 액세서리 포함.,210750,162277,0.23
SK매직 뉴에코 GRA-910SR,가스레인지,6개월 사용했습니다. 생활흔적 있음그리고 액정 파손. 충전기 없음.,171700,115038,0.33
SK매직 GRA-F2NRH,가스레인지,4년 사용했습니다. 상태 양호하지만 액정 파손. 충전기 없음.,116450,43086,0.63
린나이 GTA24SJ,가스레인지,4년 사용했습니다. 상태 최상하지만 액정 파손. 추가 액세서리 포함.,133400,62698,0.53
SK매직 뉴에코 GRA-841SR (GRA-841R),가스레인지,5년 사용했습니다. 상태 보통그리고 배터리 효율 낮음. 정품 인증서 포함.,144000,54720,0.62
린나이 RBR-S3000,가스레인지,3년 사용했습니다. 상태 양호하지만 화면 금 갔음. 추가 액세서리 포함.,218950,124801,0.43
하츠 GC-3605SDBH,가스레인지,2년 사용했습니다. 외관 약간 흠집이며 작동 이상 없음. 정품 인증서 포함.,135000,103950,0.23
린나이 RBR-S3603DIJ,가스레인지,거의 사용하지 않음. 상태 보통그리고 생활 기스 있음.,156710,136337,0.13
SK매직 GRA-B3FDD,가스레인지,1개월 사용했습니다. 사용감 있음이며 고장 없음. 충전기 없음.,126000,113400,0.1
린나이 RBR-S4000,가스레인지,2년 사용했습니다. 상태 양호하지만 배터리 효율 낮음. 충전기 없음.,260460,174508,0.33
SK매직 GRA-B3216D,가스레인지,거의 사용하지 않음. 상태 양호이며 고장 없음.,113920,102528,0.1
SK매직 GRA-B322K,가스레인지,거의 사용하지 않음. 생활흔적 있음그리고 생활 기스 있음. 정품 인증서 포함.,174080,149708,0.14
린나이 RBR-P4400,가스레인지,4년 사용했습니다. 상태 최상하지만 배터리 효율 낮음. 추가 액세서리 포함.,436700,248919,0.43
린나이 RT-5102,가스레인지,1개월 사용했습니다. 사용감 있음이며 작동 이상 없음. 박스 없음.,250380,225342,0.1
린나이 INBS301DJ,가스레인지,1개월 사용했습니다. 상태 양호하지만 액정 파손. 정품 인증서 포함.,167350,132206,0.21
SK매직 GRAB221K,가스레인지,2년 사용했습니다. 상태 양호하지만 생활 기스 있음. 충전기 없음.,85440,61516,0.28
린나이 RBR-S3307DJ,가스레인지,1개월 사용했습니다. 상태 최상하지만 액정 파손. 추가 액세서리 포함.,158790,134971,0.15
린나이 RBR-S3001D,가스레인지,1개월 사용했습니다. 상태 최상하지만 액정 파손. 충전기 없음.,213600,170880,0.2
린나이 CTA22NJ,가스레인지,1개월 사용했습니다. 상태 양호이며 고장 없음. 박스 및 구성품 있음.,138600,124740,0.1
린나이 RT-1620I,가스레인지,2년 사용했습니다. 사용감 있음그리고 액정 파손. 정품 인증서 포함.,189730,106248,0.44
매직쉐프 MMW-W23FDHW,가스레인지,3년 사용했습니다. 외관 약간 흠집그리고 화면 금 갔음. 충전기 없음.,119960,57580,0.52
린나이 RT-1080IJ,가스레인지,2년 사용했습니다. 외관 심한 흠집그리고 배터리 효율 낮음. 박스 및 구성품 있음.,128060,76836,0.4
린나이 INCP2032WJ,가스레인지,거의 사용하지 않음. 상태 최상이며 고장 없음. 박스 및 구성품 있음.,143060,128754,0.1
SK매직 GRA-B3218D,가스레인지,4년 사용했습니다. 상태 최상이며 고장 없음. 추가 액세서리 포함.,147990,99153,0.33
린나이 RT-6520I,가스레인지,거의 사용하지 않음. 외관 약간 흠집그리고 화면 금 갔음. 박스 없음.,188810,139719,0.26
린나이 CPBC611DJ,가스레인지,2년 사용했습니다. 외관 약간 흠집그리고 화면 금 갔음. 추가 액세서리 포함.,176080,110930,0.37
SK매직 GRA-BA301D,가스레인지,5년 사용했습니다. 상태 최상하지만 화면 금 갔음. 박스 및 구성품 있음.,229020,91608,0.6
린나이 RBR-PF3000,가스레인지,6개월 사용했습니다. 외관 심한 흠집그리고 액정 파손. 충전기 없음.,294960,182875,0.38
SK매직 뉴에코 GRA-851SR,가스레인지,1년 사용했습니다. 외관 약간 흠집그리고 배터리 효율 낮음. 충전기 없음.,128820,94038,0.27
린나이 RBR-S6201D,가스레인지,6개월 사용했습니다. 상태 보통그리고 화면 금 갔음. 박스 없음.,180000,135000,0.25
린나이 RBR-P3511WD,가스레인지,3년 사용했습니다. 사용감 있음그리고 배터리 효율 낮음. 박스 및 구성품 있음.,241400,132770,0.45
린나이 RBR-P2501D,가스레인지,2년 사용했습니다. 외관 심한 흠집그리고 화면 금 갔음. 박스 및 구성품 있음.,210750,115912,0.45
SK매직 뉴에코 GRA-910SR,가스레인지,6개월 사용했습니다. 생활흔적 있음그리고 화면 금 갔음. 박스 및 구성품 있음.,171700,128775,0.25
SK매직 GRA-F2NRH,가스레인지,1개월 사용했습니다. 상태 보통이며 고장 없음. 박스 및 구성품 있음.,116450,104805,0.1
린나이 GTA24SJ,가스레인지,4년 사용했습니다. 상태 보통그리고 생활 기스 있음. 박스 없음.,133400,66700,0.5
SK매직 뉴에코 GRA-841SR (GRA-841R),가스레인지,5년 사용했습니다. 상태 양호하지만 배터리 효율 낮음. 정품 인증서 포함.,144000,59040,0.59
린나이 RBR-S3000,가스레인지,거의 사용하지 않음. 외관 약간 흠집그리고 배터리 효율 낮음. 추가 액세서리 포함.,218950,181728,0.17
하츠 GC-3605SDBH,가스레인지,4년 사용했습니다. 상태 최상이며 작동 이상 없음. 정품 인증서 포함.,135000,89099,0.34
린나이 RBR-S3603DIJ,가스레인지,3년 사용했습니다. 사용감 있음이며 고장 없음.,156710,101861,0.35
SK매직 GRA-B3FDD,가스레인지,2년 사용했습니다. 상태 최상이며 작동 이상 없음.,126000,107100,0.15
린나이 RBR-S4000,가스레인지,4년 사용했습니다. 생활흔적 있음그리고 생활 기스 있음.,260460,130230,0.5
SK매직 GRA-B3216D,가스레인지,거의 사용하지 않음. 사용감 있음그리고 생활 기스 있음. 정품 인증서 포함.,113920,97971,0.14
SK매직 GRA-B322K,가스레인지,1개월 사용했습니다. 상태 보통그리고 배터리 효율 낮음. 정품 인증서 포함.,174080,149708,0.14
린나이 RBR-P4400,가스레인지,3년 사용했습니다. 외관 약간 흠집이며 고장 없음. 박스 없음.,436700,279488,0.36
린나이 RT-5102,가스레인지,1년 사용했습니다. 외관 심한 흠집이며 고장 없음. 정품 인증서 포함.,250380,202807,0.19
린나이 INBS301DJ,가스레인지,1개월 사용했습니다. 상태 보통그리고 액정 파손. 추가 액세서리 포함.,167350,128859,0.23
SK매직 GRAB221K,가스레인지,4년 사용했습니다. 상태 최상이며 작동 이상 없음. 박스 및 구성품 있음.,85440,55536,0.35
린나이 RBR-S3307DJ,가스레인지,6개월 사용했습니다. 외관 약간 흠집그리고 배터리 효율 낮음. 충전기 없음.,158790,123856,0.22
린나이 RBR-S3001D,가스레인지,3년 사용했습니다. 사용감 있음그리고 배터리 효율 낮음. 충전기 없음.,213600,111072,0.48
린나이 CTA22NJ,가스레인지,1개월 사용했습니다. 상태 보통그리고 생활 기스 있음. 정품 인증서 포함.,138600,124740,0.1
린나이 RT-1620I,가스레인지,6개월 사용했습니다. 외관 심한 흠집그리고 액정 파손.,189730,123324,0.35
매직쉐프 MMW-W23FDHW,가스레인지,1개월 사용했습니다. 상태 보통이며 작동 이상 없음. 박스 및 구성품 있음.,119960,107964,0.1
린나이 RT-1080IJ,가스레인지,5년 사용했습니다. 사용감 있음이며 작동 이상 없음. 박스 없음.,128060,55065,0.57
린나이 INCP2032WJ,가스레인지,거의 사용하지 않음. 상태 양호이며 고장 없음. 충전기 없음.,143060,128754,0.1
SK매직 GRA-B3218D,가스레인지,2년 사용했습니다. 외관 심한 흠집그리고 화면 금 갔음. 정품 인증서 포함.,147990,82874,0.44
린나이 RT-6520I,가스레인지,3년 사용했습니다. 외관 약간 흠집그리고 생활 기스 있음. 박스 및 구성품 있음.,188810,115174,0.39
린나이 CPBC611DJ,가스레인지,2년 사용했습니다. 상태 보통이며 고장 없음. 정품 인증서 포함.,176080,137342,0.22
SK매직 GRA-BA301D,가스레인지,2년 사용했습니다. 상태 보통그리고 배터리 효율 낮음. 박스 없음.,229020,148863,0.35
린나이 RBR-PF3000,가스레인지,5년 사용했습니다. 상태 양호하지만 화면 금 갔음. 박스 없음.,294960,97336,0.67
SK매직 뉴에코 GRA-851SR,가스레인지,거의 사용하지 않음. 상태 양호하지만 화면 금 갔음. 정품 인증서 포함.,128820,104344,0.19
린나이 RBR-S6201D,가스레인지,6개월 사용했습니다. 사용감 있음그리고 배터리 효율 낮음. 박스 및 구성품 있음.,180000,144000,0.2
린나이 RBR-P3511WD,가스레인지,1개월 사용했습니다. 외관 심한 흠집그리고 생활 기스 있음. 정품 인증서 포함.,241400,202776,0.16
린나이 RBR-P2501D,가스레인지,거의 사용하지 않음. 외관 약간 흠집그리고 생활 기스 있음. 박스 및 구성품 있음.,210750,181245,0.14
SK매직 뉴에코 GRA-910SR,가스레인지,3년 사용했습니다. 외관 약간 흠집그리고 액정 파손.,171700,78982,0.54
SK매직 GRA-F2NRH,가스레인지,4년 사용했습니다. 상태 최상이며 고장 없음. 박스 없음.,116450,73363,0.37
린나이 GTA24SJ,가스레인지,4년 사용했습니다. 상태 보통그리고 배터리 효율 낮음. 박스 및 구성품 있음.,133400,62698,0.53
SK매직 뉴에코 GRA-841SR (GRA-841R),가스레인지,6개월 사용했습니다. 상태 보통그리고 액정 파손. 충전기 없음.,144000,99359,0.31
린나이 RBR-S3000,가스레인지,6개월 사용했습니다. 상태 양호하지만 배터리 효율 낮음.,218950,186107,0.15
하츠 GC-3605SDBH,가스레인지,거의 사용하지 않음. 사용감 있음그리고 생활 기스 있음. 정품 인증서 포함.,135000,116100,0.14
린나이 RBR-S3603DIJ,가스레인지,2년 사용했습니다. 상태 양호이며 고장 없음.,156710,125368,0.2
SK매직 GRA-B3FDD,가스레인지,1년 사용했습니다. 생활흔적 있음그리고 화면 금 갔음. 박스 및 구성품 있음.,126000,88200,0.3
린나이 RBR-S4000,가스레인지,1개월 사용했습니다. 상태 보통이며 고장 없음. 충전기 없음.,260460,234414,0.1
SK매직 GRA-B3216D,가스레인지,거의 사용하지 않음. 사용감 있음이며 고장 없음. 추가 액세서리 포함.,113920,102528,0.1
SK매직 GRA-B322K,가스레인지,3년 사용했습니다. 상태 최상이며 고장 없음.,174080,130560,0.25
린나이 RBR-P4400,가스레인지,2년 사용했습니다. 외관 약간 흠집그리고 화면 금 갔음. 박스 및 구성품 있음.,436700,266387,0.39
린나이 RT-5102,가스레인지,거의 사용하지 않음. 외관 심한 흠집이며 고장 없음. 박스 없음.,250380,207815,0.17
린나이 INBS301DJ,가스레인지,1개월 사용했습니다. 상태 양호이며 고장 없음. 추가 액세서리 포함.,167350,150615,0.1
SK매직 GRAB221K,가스레인지,거의 사용하지 않음. 상태 양호하지만 액정 파손.,85440,64080,0.25
린나이 RBR-S3307DJ,가스레인지,3년 사용했습니다. 상태 보통이며 작동 이상 없음. 충전기 없음.,158790,101625,0.36
린나이 RBR-S3001D,가스레인지,1개월 사용했습니다. 생활흔적 있음그리고 화면 금 갔음. 박스 없음.,213600,162336,0.24
린나이 CTA22NJ,가스레인지,거의 사용하지 않음. 외관 약간 흠집그리고 액정 파손. 충전기 없음.,138600,94247,0.32
린나이 RT-1620I,가스레인지,2년 사용했습니다. 상태 양호하지만 배터리 효율 낮음. 정품 인증서 포함.,189730,134708,0.29
매직쉐프 MMW-W23FDHW,가스레인지,6개월 사용했습니다. 외관 심한 흠집이며 고장 없음. 정품 인증서 포함.,119960,103165,0.14
린나이 RT-1080IJ,가스레인지,거의 사용하지 않음. 생활흔적 있음그리고 배터리 효율 낮음. 박스 없음.,128060,99886,0.22
린나이 INCP2032WJ,가스레인지,6개월 사용했습니다. 외관 심한 흠집그리고 액정 파손.,143060,92989,0.35
SK매직 GRA-B3218D,가스레인지,4년 사용했습니다. 사용감 있음이며 작동 이상 없음. 박스 없음.,147990,78434,0.47
린나이 RT-6520I,가스레인지,4년 사용했습니다. 생활흔적 있음그리고 생활 기스 있음.,188810,94405,0.5
린나이 CPBC611DJ,가스레인지,1년 사용했습니다. 생활흔적 있음그리고 화면 금 갔음. 충전기 없음.,176080,117973,0.33
SK매직 GRA-BA301D,가스레인지,6개월 사용했습니다. 외관 약간 흠집그리고 생활 기스 있음. 박스 없음.,229020,192376,0.16
린나이 RBR-PF3000,가스레인지,3년 사용했습니다. 상태 최상하지만 생활 기스 있음. 추가 액세서리 포함.,294960,212371,0.28
SK매직 뉴에코 GRA-851SR,가스레인지,거의 사용하지 않음. 상태 보통그리고 액정 파손. 충전기 없음.,128820,88885,0.31
린나이 RBR-S6201D,가스레인지,거의 사용하지 않음. 상태 최상이며 작동 이상 없음. 추가 액세서리 포함.,180000,162000,0.1
린나이 RBR-P3511WD,가스레인지,3년 사용했습니다. 상태 최상하지만 액정 파손. 정품 인증서 포함.,241400,135184,0.44
린나이 RBR-P2501D,가스레인지,6개월 사용했습니다. 생활흔적 있음그리고 액정 파손. 박스 없음.,210750,143310,0.32
SK매직 뉴에코 GRA-910SR,가스레인지,3년 사용했습니다. 외관 심한 흠집그리고 배터리 효율 낮음. 추가 액세서리 포함.,171700,89284,0.48
SK매직 GRA-F2NRH,가스레인지,5년 사용했습니다. 외관 약간 흠집이며 고장 없음. 박스 없음.,116450,51237,0.56
린나이 GTA24SJ,가스레인지,거의 사용하지 않음. 상태 양호하지만 화면 금 갔음. 정품 인증서 포함.,133400,108054,0.19
SK매직 뉴에코 GRA-841SR (GRA-841R),가스레인지,6개월 사용했습니다. 상태 양호하지만 화면 금 갔음. 박스 및 구성품 있음.,144000,115200,0.2
린나이 RBR-S3000,가스레인지,3년 사용했습니다. 상태 양호하지만 화면 금 갔음. 박스 없음.,218950,116043,0.47
하츠 GC-3605SDBH,가스레인지,거의 사용하지 않음. 사용감 있음그리고 생활 기스 있음. 추가 액세서리 포함.,135000,117450,0.13
린나이 RBR-S3603DIJ,가스레인지,1개월 사용했습니다. 외관 약간 흠집그리고 생활 기스 있음. 박스 및 구성품 있음.,156710,139471,0.11
SK매직 GRA-B3FDD,가스레인지,1년 사용했습니다. 생활흔적 있음그리고 액정 파손.,126000,81900,0.35
린나이 RBR-S4000,가스레인지,6개월 사용했습니다. 상태 최상이며 고장 없음. 정품 인증서 포함.,260460,234414,0.1
SK매직 GRA-B3216D,가스레인지,2년 사용했습니다. 상태 최상하지만 생활 기스 있음. 정품 인증서 포함.,113920,92275,0.19
SK매직 GRA-B322K,가스레인지,4년 사용했습니다. 외관 약간 흠집그리고 액정 파손. 박스 및 구성품 있음.,174080,62668,0.64
린나이 RBR-P4400,가스레인지,5년 사용했습니다. 사용감 있음그리고 배터리 효율 낮음. 추가 액세서리 포함.,436700,161579,0.63
린나이 RT-5102,가스레인지,3년 사용했습니다. 생활흔적 있음그리고 배터리 효율 낮음. 박스 및 구성품 있음.,250380,137709,0.45
린나이 INBS301DJ,가스레인지,4년 사용했습니다. 상태 보통그리고 액정 파손. 추가 액세서리 포함.,167350,65266,0.61
SK매직 GRAB221K,가스레인지,6개월 사용했습니다. 상태 최상하지만 화면 금 갔음. 충전기 없음.,85440,70060,0.18
린나이 RBR-S3307DJ,가스레인지,1개월 사용했습니다. 사용감 있음그리고 배터리 효율 낮음.,158790,131795,0.17
린나이 RBR-S3001D,가스레인지,3년 사용했습니다. 외관 약간 흠집그리고 화면 금 갔음. 박스 및 구성품 있음.,213600,108936,0.49
린나이 CTA22NJ,가스레인지,3년 사용했습니다. 상태 최상하지만 액정 파손. 박스 및 구성품 있음.,138600,76230,0.45
린나이 RT-1620I,가스레인지,5년 사용했습니다. 상태 보통그리고 화면 금 갔음. 충전기 없음.,189730,55021,0.71
매직쉐프 MMW-W23FDHW,가스레인지,1년 사용했습니다. 상태 최상이며 고장 없음. 박스 없음.,119960,107964,0.1
린나이 RT-1080IJ,가스레인지,4년 사용했습니다. 상태 양호하지만 액정 파손. 박스 없음.,128060,48662,0.62
린나이 INCP2032WJ,가스레인지,5년 사용했습니다. 상태 최상하지만 배터리 효율 낮음. 충전기 없음.,143060,60085,0.58
SK매직 GRA-B3218D,가스레인지,거의 사용하지 않음. 상태 최상이며 고장 없음.,147990,133191,0.1
린나이 RT-6520I,가스레인지,6개월 사용했습니다. 사용감 있음이며 고장 없음. 박스 없음.,188810,166152,0.12
린나이 CPBC611DJ,가스레인지,4년 사용했습니다. 외관 약간 흠집이며 고장 없음. 추가 액세서리 포함.,176080,102126,0.42
SK매직 GRA-BA301D,가스레인지,거의 사용하지 않음. 외관 약간 흠집그리고 화면 금 갔음. 충전기 없음.,229020,167184,0.27
린나이 RBR-PF3000,가스레인지,5년 사용했습니다. 외관 심한 흠집이며 고장 없음. 충전기 없음.,294960,109135,0.63
SK매직 뉴에코 GRA-851SR,가스레인지,3년 사용했습니다. 생활흔적 있음그리고 배터리 효율 낮음. 충전기 없음.,128820,66986,0.48
린나이 RBR-S6201D,가스레인지,4년 사용했습니다. 외관 심한 흠집그리고 액정 파손. 추가 액세서리 포함.,180000,57599,0.68
린나이 RBR-P3511WD,가스레인지,1년 사용했습니다. 생활흔적 있음그리고 액정 파손. 추가 액세서리 포함.,241400,161737,0.33
린나이 RBR-P2501D,가스레인지,1년 사용했습니다. 사용감 있음이며 작동 이상 없음. 박스 및 구성품 있음.,210750,179137,0.15
SK매직 뉴에코 GRA-910SR,가스레인지,1년 사용했습니다. 생활흔적 있음이며 고장 없음. 박스 및 구성품 있음.,171700,145945,0.15
SK매직 GRA-F2NRH,가스레인지,2년 사용했습니다. 외관 심한 흠집그리고 배터리 효율 낮음. 정품 인증서 포함.,116450,71034,0.39
린나이 GTA24SJ,가스레인지,2년 사용했습니다. 상태 최상하지만 배터리 효율 낮음. 박스 없음.,133400,97382,0.27
SK매직 뉴에코 GRA-841SR (GRA-841R),가스레인지,2년 사용했습니다. 상태 보통그리고 배터리 효율 낮음. 충전기 없음.,144000,92160,0.36
린나이 RBR-S3000,가스레인지,2년 사용했습니다. 상태 보통그리고 화면 금 갔음. 박스 없음.,218950,131370,0.4
하츠 GC-3605SDBH,가스레인지,1개월 사용했습니다. 외관 심한 흠집이며 작동 이상 없음. 추가 액세서리 포함.,135000,121500,0.1
린나이 RBR-S3603DIJ,가스레인지,거의 사용하지 않음. 상태 최상하지만 생활 기스 있음. 박스 없음.,156710,141039,0.1
SK매직 GRA-B3FDD,가스레인지,거의 사용하지 않음. 외관 심한 흠집이며 작동 이상 없음. 박스 없음.,126000,104580,0.17
린나이 RBR-S4000,가스레인지,2년 사용했습니다. 상태 보통이며 작동 이상 없음. 충전기 없음.,260460,192740,0.26
SK매직 GRA-B3216D,가스레인지,1개월 사용했습니다. 상태 양호이며 작동 이상 없음. 정품 인증서 포함.,113920,102528,0.1
SK매직 GRA-B322K,가스레인지,5년 사용했습니다. 외관 심한 흠집그리고 액정 파손. 충전기 없음.,174080,29593,0.83
린나이 RBR-P4400,가스레인지,2년 사용했습니다. 외관 심한 흠집그리고 액정 파손. 박스 없음.,436700,209616,0.52
린나이 RT-5102,가스레인지,1개월 사용했습니다. 외관 심한 흠집그리고 화면 금 갔음.,250380,182777,0.27
린나이 INBS301DJ,가스레인지,거의 사용하지 않음. 외관 심한 흠집그리고 배터리 효율 낮음. 추가 액세서리 포함.,167350,128859,0.23
SK매직 GRAB221K,가스레인지,3년 사용했습니다. 외관 약간 흠집이며 작동 이상 없음. 충전기 없음.,85440,53827,0.37
린나이 RBR-S3307DJ,가스레인지,1개월 사용했습니다. 상태 보통그리고 배터리 효율 낮음. 박스 없음.,158790,131795,0.17
린나이 RBR-S3001D,가스레인지,2년 사용했습니다. 상태 보통이며 작동 이상 없음. 충전기 없음.,213600,158064,0.26
린나이 CTA22NJ,가스레인지,1개월 사용했습니다. 외관 심한 흠집이며 고장 없음. 정품 인증서 포함.,138600,123354,0.11
린나이 RT-1620I,가스레인지,거의 사용하지 않음. 생활흔적 있음그리고 배터리 효율 낮음. 박스 없음.,189730,147989,0.22
매직쉐프 MMW-W23FDHW,가스레인지,5년 사용했습니다. 생활흔적 있음그리고 생활 기스 있음. 박스 없음.,119960,45584,0.62
린나이 RT-1080IJ,가스레인지,6개월 사용했습니다. 외관 약간 흠집그리고 생활 기스 있음.,128060,110131,0.14
린나이 INCP2032WJ,가스레인지,거의 사용하지 않음. 외관 심한 흠집이며 고장 없음. 박스 없음.,143060,118739,0.17
SK매직 GRA-B3218D,가스레인지,1년 사용했습니다. 외관 심한 흠집이며 고장 없음.,147990,118392,0.2
린나이 RT-6520I,가스레인지,1년 사용했습니다. 외관 약간 흠집그리고 화면 금 갔음. 박스 없음.,188810,130278,0.31
린나이 CPBC611DJ,가스레인지,거의 사용하지 않음. 외관 약간 흠집그리고 생활 기스 있음. 정품 인증서 포함.,176080,153189,0.13
SK매직 GRA-BA301D,가스레인지,3년 사용했습니다. 상태 보통그리고 생활 기스 있음. 박스 없음.,229020,137412,0.4
린나이 RBR-PF3000,가스레인지,거의 사용하지 않음. 생활흔적 있음그리고 액정 파손.,294960,206472,0.3
SK매직 뉴에코 GRA-851SR,가스레인지,2년 사용했습니다. 외관 심한 흠집그리고 화면 금 갔음. 정품 인증서 포함.,128820,72139,0.44
린나이 RBR-S6201D,가스레인지,3년 사용했습니다. 외관 심한 흠집그리고 화면 금 갔음. 추가 액세서리 포함.,180000,84600,0.53
린나이 RBR-P3511WD,가스레인지,4년 사용했습니다. 외관 심한 흠집그리고 배터리 효율 낮음. 충전기 없음.,241400,89318,0.63
린나이 RBR-P2501D,가스레인지,6개월 사용했습니다. 외관 심한 흠집이며 고장 없음. 정품 인증서 포함.,210750,181245,0.14
SK매직 뉴에코 GRA-910SR,가스레인지,1년 사용했습니다. 외관 약간 흠집이며 작동 이상 없음. 박스 없음.,171700,144228,0.16
SK매직 GRA-F2NRH,가스레인지,6개월 사용했습니다. 생활흔적 있음그리고 배터리 효율 낮음. 박스 및 구성품 있음.,116450,93160,0.2
린나이 GTA24SJ,가스레인지,5년 사용했습니다. 상태 보통이며 고장 없음. 박스 및 구성품 있음.,133400,62698,0.53
SK매직 뉴에코 GRA-841SR (GRA-841R),가스레인지,2년 사용했습니다. 생활흔적 있음이며 작동 이상 없음.,144000,108000,0.25
린나이 RBR-S3000,가스레인지,4년 사용했습니다. 외관 심한 흠집이며 작동 이상 없음. 충전기 없음.,218950,102906,0.53
하츠 GC-3605SDBH,가스레인지,5년 사용했습니다. 사용감 있음그리고 생활 기스 있음. 정품 인증서 포함.,135000,55350,0.59
린나이 RBR-S3603DIJ,가스레인지,3년 사용했습니다. 외관 심한 흠집그리고 생활 기스 있음. 정품 인증서 포함.,156710,87757,0.44
SK매직 GRA-B3FDD,가스레인지,2년 사용했습니다. 생활흔적 있음그리고 생활 기스 있음. 정품 인증서 포함.,126000,89460,0.29
린나이 RBR-S4000,가스레인지,5년 사용했습니다. 상태 양호하지만 화면 금 갔음. 추가 액세서리 포함.,260460,96370,0.63
SK매직 GRA-B3216D,가스레인지,4년 사용했습니다. 외관 심한 흠집그리고 액정 파손.,113920,34176,0.7
SK매직 GRA-B322K,가스레인지,6개월 사용했습니다. 상태 양호하지만 화면 금 갔음.,174080,139264,0.2
린나이 RBR-P4400,가스레인지,거의 사용하지 않음. 생활흔적 있음이며 작동 이상 없음.,436700,393030,0.1
린나이 RT-5102,가스레인지,거의 사용하지 않음. 상태 양호하지만 배터리 효율 낮음. 박스 없음.,250380,207815,0.17
린나이 INBS301DJ,가스레인지,거의 사용하지 않음. 외관 심한 흠집이며 작동 이상 없음. 충전기 없음.,167350,137227,0.18
SK매직 GRAB221K,가스레인지,4년 사용했습니다. 상태 양호이며 작동 이상 없음. 추가 액세서리 포함.,85440,52972,0.38
린나이 RBR-S3307DJ,가스레인지,1년 사용했습니다. 외관 약간 흠집그리고 배터리 효율 낮음. 박스 및 구성품 있음.,158790,120680,0.24
린나이 RBR-S3001D,가스레인지,5년 사용했습니다. 외관 심한 흠집이며 작동 이상 없음.,213600,85440,0.6
린나이 CTA22NJ,가스레인지,1개월 사용했습니다. 생활흔적 있음그리고 화면 금 갔음.,138600,108108,0.22
린나이 RT-1620I,가스레인지,4년 사용했습니다. 상태 최상하지만 생활 기스 있음.,189730,113838,0.4
매직쉐프 MMW-W23FDHW,가스레인지,1개월 사용했습니다. 상태 보통그리고 액정 파손. 정품 인증서 포함.,119960,91169,0.24
린나이 RT-1080IJ,가스레인지,거의 사용하지 않음. 생활흔적 있음그리고 화면 금 갔음. 정품 인증서 포함.,128060,97325,0.24
린나이 INCP2032WJ,가스레인지,4년 사용했습니다. 상태 양호하지만 생활 기스 있음. 정품 인증서 포함.,143060,80113,0.44
SK매직 GRA-B3218D,가스레인지,6개월 사용했습니다. 생활흔적 있음그리고 화면 금 갔음. 충전기 없음.,147990,106552,0.28
린나이 RT-6520I,가스레인지,거의 사용하지 않음. 상태 양호하지만 화면 금 갔음. 충전기 없음.,188810,145383,0.23
린나이 CPBC611DJ,가스레인지,거의 사용하지 않음. 외관 심한 흠집그리고 생활 기스 있음. 박스 없음.,176080,137342,0.22
SK매직 GRA-BA301D,가스레인지,5년 사용했습니다. 외관 약간 흠집이며 고장 없음. 박스 및 구성품 있음.,229020,105349,0.54
린나이 RBR-PF3000,가스레인지,5년 사용했습니다. 상태 최상이며 작동 이상 없음. 박스 없음.,294960,156328,0.47
SK매직 뉴에코 GRA-851SR,가스레인지,거의 사용하지 않음. 상태 최상하지만 화면 금 갔음. 박스 및 구성품 있음.,128820,109497,0.15
린나이 RBR-S6201D,가스레인지,1개월 사용했습니다. 상태 양호하지만 배터리 효율 낮음. 정품 인증서 포함.,180000,160200,0.11
린나이 RBR-P3511WD,가스레인지,6개월 사용했습니다. 사용감 있음그리고 배터리 효율 낮음. 박스 및 구성품 있음.,241400,193120,0.2
린나이 RBR-P2501D,가스레인지,1개월 사용했습니다. 외관 약간 흠집이며 고장 없음. 박스 및 구성품 있음.,210750,189675,0.1
SK매직 뉴에코 GRA-910SR,가스레인지,6개월 사용했습니다. 상태 최상하지만 액정 파손. 박스 없음.,171700,133926,0.22
SK매직 GRA-F2NRH,가스레인지,4년 사용했습니다. 상태 최상하지만 화면 금 갔음.,116450,58225,0.5
린나이 GTA24SJ,가스레인지,거의 사용하지 않음. 상태 양호하지만 배터리 효율 낮음. 박스 및 구성품 있음.,133400,113390,0.15
SK매직 뉴에코 GRA-841SR (GRA-841R),가스레인지,1개월 사용했습니다. 생활흔적 있음그리고 생활 기스 있음. 박스 및 구성품 있음.,144000,126720,0.12
린나이 RBR-S3000,가스레인지,거의 사용하지 않음. 생활흔적 있음이며 작동 이상 없음.,218950,197055,0.1
하츠 GC-3605SDBH,가스레인지,6개월 사용했습니다. 외관 약간 흠집이며 작동 이상 없음.,135000,121500,0.1
린나이 RBR-S3603DIJ,가스레인지,3년 사용했습니다. 상태 최상하지만 배터리 효율 낮음. 박스 없음.,156710,98727,0.37
SK매직 GRA-B3FDD,가스레인지,4년 사용했습니다. 사용감 있음그리고 생활 기스 있음. 정품 인증서 포함.,126000,64260,0.49
린나이 RBR-S4000,가스레인지,거의 사용하지 않음. 상태 보통그리고 생활 기스 있음. 박스 없음.,260460,221391,0.15
SK매직 GRA-B3216D,가스레인지,4년 사용했습니다. 생활흔적 있음그리고 액정 파손. 정품 인증서 포함.,113920,41011,0.64
SK매직 GRA-B322K,가스레인지,1년 사용했습니다. 상태 양호이며 작동 이상 없음. 추가 액세서리 포함.,174080,156672,0.1
린나이 RBR-P4400,가스레인지,거의 사용하지 않음. 상태 최상하지만 화면 금 갔음. 추가 액세서리 포함.,436700,379929,0.13
린나이 RT-5102,가스레인지,4년 사용했습니다. 상태 보통그리고 배터리 효율 낮음. 박스 및 구성품 있음.,250380,117678,0.53
린나이 INBS301DJ,가스레인지,5년 사용했습니다. 생활흔적 있음그리고 배터리 효율 낮음. 박스 및 구성품 있음.,167350,58572,0.65
SK매직 GRAB221K,가스레인지,5년 사용했습니다. 외관 심한 흠집그리고 액정 파손. 박스 및 구성품 있음.,85440,17087,0.8
린나이 RBR-S3307DJ,가스레인지,3년 사용했습니다. 상태 보통이며 작동 이상 없음. 박스 없음.,158790,103213,0.35
린나이 RBR-S3001D,가스레인지,거의 사용하지 않음. 상태 보통이며 작동 이상 없음. 정품 인증서 포함.,213600,192240,0.1
린나이 CTA22NJ,가스레인지,3년 사용했습니다. 사용감 있음그리고 생활 기스 있음. 박스 없음.,138600,80388,0.42
린나이 RT-1620I,가스레인지,6개월 사용했습니다. 상태 양호이며 작동 이상 없음. 정품 인증서 포함.,189730,170757,0.1
매직쉐프 MMW-W23FDHW,가스레인지,4년 사용했습니다. 상태 보통그리고 생활 기스 있음.,119960,62379,0.48
린나이 RT-1080IJ,가스레인지,5년 사용했습니다. 상태 양호하지만 화면 금 갔음. 추가 액세서리 포함.,128060,47382,0.63
린나이 INCP2032WJ,가스레인지,1년 사용했습니다. 상태 최상하지만 생활 기스 있음.,143060,128754,0.1
SK매직 GRA-B3218D,가스레인지,2년 사용했습니다. 외관 심한 흠집그리고 화면 금 갔음. 박스 없음.,147990,78434,0.47
린나이 RT-6520I,가스레인지,거의 사용하지 않음. 상태 최상하지만 생활 기스 있음. 추가 액세서리 포함.,188810,169929,0.1
린나이 CPBC611DJ,가스레인지,거의 사용하지 않음. 상태 최상이며 작동 이상 없음. 정품 인증서 포함.,176080,158472,0.1
SK매직 GRA-BA301D,가스레인지,거의 사용하지 않음. 상태 보통이며 작동 이상 없음. 박스 및 구성품 있음.,229020,206118,0.1
린나이 RBR-PF3000,가스레인지,3년 사용했습니다. 외관 심한 흠집그리고 액정 파손.,294960,117984,0.6
SK매직 뉴에코 GRA-851SR,가스레인지,6개월 사용했습니다. 외관 약간 흠집이며 고장 없음. 박스 및 구성품 있음.,128820,115938,0.1
린나이 RBR-S6201D,가스레인지,1년 사용했습니다. 외관 심한 흠집이며 작동 이상 없음. 정품 인증서 포함.,180000,145800,0.19
린나이 RBR-P3511WD,가스레인지,거의 사용하지 않음. 상태 보통그리고 생활 기스 있음. 박스 및 구성품 있음.,241400,210018,0.13
린나이 RBR-P2501D,가스레인지,3년 사용했습니다. 상태 양호하지만 화면 금 갔음. 박스 및 구성품 있음.,210750,115912,0.45
SK매직 뉴에코 GRA-910SR,가스레인지,1년 사용했습니다. 상태 양호하지만 배터리 효율 낮음. 정품 인증서 포함.,171700,139077,0.19
SK매직 GRA-F2NRH,가스레인지,1년 사용했습니다. 상태 양호하지만 액정 파손.,116450,81515,0.3
린나이 GTA24SJ,가스레인지,3년 사용했습니다. 상태 양호하지만 액정 파손. 박스 없음.,133400,64032,0.52
SK매직 뉴에코 GRA-841SR (GRA-841R),가스레인지,1년 사용했습니다. 상태 최상하지만 액정 파손. 충전기 없음.,144000,103680,0.28
린나이 RBR-S3000,가스레인지,2년 사용했습니다. 상태 보통그리고 배터리 효율 낮음.,218950,146696,0.33
하츠 GC-3605SDBH,가스레인지,6개월 사용했습니다. 외관 심한 흠집그리고 생활 기스 있음. 정품 인증서 포함.,135000,109350,0.19
린나이 RBR-S3603DIJ,가스레인지,2년 사용했습니다. 생활흔적 있음이며 고장 없음. 박스 없음.,156710,114398,0.27
SK매직 GRA-B3FDD,가스레인지,1년 사용했습니다. 사용감 있음그리고 배터리 효율 낮음. 추가 액세서리 포함.,126000,97020,0.23
린나이 RBR-S4000,가스레인지,2년 사용했습니다. 사용감 있음그리고 배터리 효율 낮음. 박스 및 구성품 있음.,260460,169299,0.35
SK매직 GRA-B3216D,가스레인지,2년 사용했습니다. 외관 심한 흠집그리고 액정 파손. 충전기 없음.,113920,53542,0.53
SK매직 GRA-B322K,가스레인지,1개월 사용했습니다. 상태 보통그리고 배터리 효율 낮음. 박스 없음.,174080,144486,0.17
린나이 RBR-P4400,가스레인지,6개월 사용했습니다. 상태 최상하지만 액정 파손. 정품 인증서 포함.,436700,353727,0.19
린나이 RT-5102,가스레인지,4년 사용했습니다. 상태 보통이며 작동 이상 없음.,250380,142716,0.43
린나이 INBS301DJ,가스레인지,2년 사용했습니다. 외관 약간 흠집그리고 액정 파손. 박스 없음.,167350,90369,0.46
SK매직 GRAB221K,가스레인지,4년 사용했습니다. 외관 심한 흠집그리고 액정 파손. 박스 없음.,85440,23923,0.72
린나이 RBR-S3307DJ,가스레인지,3년 사용했습니다. 외관 약간 흠집그리고 배터리 효율 낮음. 박스 및 구성품 있음.,158790,88922,0.44
린나이 RBR-S3001D,가스레인지,1개월 사용했습니다. 상태 보통그리고 배터리 효율 낮음. 정품 인증서 포함.,213600,183696,0.14
린나이 CTA22NJ,가스레인지,5년 사용했습니다. 사용감 있음그리고 배터리 효율 낮음. 정품 인증서 포함.,138600,49896,0.64
린나이 RT-1620I,가스레인지,2년 사용했습니다. 외관 심한 흠집그리고 생활 기스 있음. 추가 액세서리 포함.,189730,127119,0.33
매직쉐프 MMW-W23FDHW,가스레인지,5년 사용했습니다. 상태 보통그리고 생활 기스 있음. 정품 인증서 포함.,119960,51582,0.57
린나이 RT-1080IJ,가스레인지,2년 사용했습니다. 생활흔적 있음그리고 액정 파손. 충전기 없음.,128060,66591,0.48
린나이 INCP2032WJ,가스레인지,5년 사용했습니다. 상태 보통이며 고장 없음. 박스 및 구성품 있음.,143060,67238,0.53
SK매직 GRA-B3218D,가스레인지,6개월 사용했습니다. 사용감 있음이며 고장 없음. 정품 인증서 포함.,147990,133191,0.1
린나이 RT-6520I,가스레인지,2년 사용했습니다. 외관 심한 흠집이며 고장 없음. 박스 없음.,188810,128390,0.32
린나이 CPBC611DJ,가스레인지,1개월 사용했습니다. 생활흔적 있음그리고 배터리 효율 낮음. 박스 없음.,176080,142624,0.19
SK매직 GRA-BA301D,가스레인지,6개월 사용했습니다. 상태 최상이며 작동 이상 없음. 추가 액세서리 포함.,229020,206118,0.1
린나이 RBR-PF3000,가스레인지,1년 사용했습니다. 사용감 있음이며 고장 없음.,294960,250716,0.15
SK매직 뉴에코 GRA-851SR,가스레인지,2년 사용했습니다. 사용감 있음그리고 배터리 효율 낮음. 박스 없음.,128820,81156,0.37
린나이 RBR-S6201D,가스레인지,3년 사용했습니다. 상태 최상하지만 배터리 효율 낮음. 정품 인증서 포함.,180000,118799,0.34
린나이 RBR-P3511WD,가스레인지,거의 사용하지 않음. 상태 양호하지만 화면 금 갔음. 박스 없음.,241400,188292,0.22
린나이 RBR-P2501D,가스레인지,5년 사용했습니다. 외관 심한 흠집그리고 화면 금 갔음. 정품 인증서 포함.,210750,54795,0.74
SK매직 뉴에코 GRA-910SR,가스레인지,2년 사용했습니다. 사용감 있음그리고 화면 금 갔음. 추가 액세서리 포함.,171700,106454,0.38
SK매직 GRA-F2NRH,가스레인지,5년 사용했습니다. 생활흔적 있음그리고 화면 금 갔음. 박스 없음.,116450,32606,0.72
린나이 GTA24SJ,가스레인지,1년 사용했습니다. 외관 심한 흠집그리고 생활 기스 있음. 박스 없음.,133400,97382,0.27
SK매직 뉴에코 GRA-841SR (GRA-841R),가스레인지,1개월 사용했습니다. 상태 양호하지만 배터리 효율 낮음. 정품 인증서 포함.,144000,128160,0.11
린나이 RBR-S3000,가스레인지,2년 사용했습니다. 상태 양호하지만 액정 파손.,218950,131370,0.4
하츠 GC-3605SDBH,가스레인지,5년 사용했습니다. 상태 최상이며 작동 이상 없음. 박스 및 구성품 있음.,135000,74250,0.45
린나이 RBR-S3603DIJ,가스레인지,4년 사용했습니다. 생활흔적 있음이며 작동 이상 없음.,156710,86190,0.45
SK매직 GRA-B3FDD,가스레인지,4년 사용했습니다. 외관 심한 흠집그리고 화면 금 갔음. 충전기 없음.,126000,40319,0.68
린나이 RBR-S4000,가스레인지,1년 사용했습니다. 외관 심한 흠집이며 고장 없음. 박스 및 구성품 있음.,260460,208368,0.2
SK매직 GRA-B3216D,가스레인지,2년 사용했습니다. 사용감 있음그리고 액정 파손.,113920,62656,0.45
SK매직 GRA-B322K,가스레인지,2년 사용했습니다. 생활흔적 있음그리고 화면 금 갔음. 충전기 없음.,174080,99225,0.43
린나이 RBR-P4400,가스레인지,거의 사용하지 않음. 상태 최상이며 고장 없음. 충전기 없음.,436700,393030,0.1
린나이 RT-5102,가스레인지,6개월 사용했습니다. 사용감 있음그리고 생활 기스 있음. 정품 인증서 포함.,250380,215326,0.14
린나이 INBS301DJ,가스레인지,5년 사용했습니다. 생활흔적 있음그리고 생활 기스 있음. 박스 없음.,167350,63593,0.62
SK매직 GRAB221K,가스레인지,5년 사용했습니다. 상태 최상하지만 화면 금 갔음. 추가 액세서리 포함.,85440,35884,0.58
린나이 RBR-S3307DJ,가스레인지,거의 사용하지 않음. 상태 양호하지만 액정 파손. 충전기 없음.,158790,114328,0.28
린나이 RBR-S3001D,가스레인지,6개월 사용했습니다. 생활흔적 있음이며 작동 이상 없음. 박스 없음.,213600,187968,0.12
린나이 CTA22NJ,가스레인지,1개월 사용했습니다. 상태 최상하지만 화면 금 갔음.,138600,121968,0.12
린나이 RT-1620I,가스레인지,4년 사용했습니다. 상태 최상하지만 생활 기스 있음. 박스 없음.,189730,110043,0.42
매직쉐프 MMW-W23FDHW,가스레인지,2년 사용했습니다. 상태 양호하지만 액정 파손. 충전기 없음.,119960,68377,0.43
린나이 RT-1080IJ,가스레인지,6개월 사용했습니다. 사용감 있음이며 고장 없음. 추가 액세서리 포함.,128060,115254,0.1
린나이 INCP2032WJ,가스레인지,6개월 사용했습니다. 외관 약간 흠집그리고 액정 파손. 추가 액세서리 포함.,143060,104433,0.27
SK매직 GRA-B3218D,가스레인지,1년 사용했습니다. 외관 약간 흠집그리고 생활 기스 있음. 박스 및 구성품 있음.,147990,119871,0.19
린나이 RT-6520I,가스레인지,2년 사용했습니다. 상태 보통그리고 액정 파손. 박스 없음.,188810,103845,0.45
린나이 CPBC611DJ,가스레인지,5년 사용했습니다. 사용감 있음그리고 배터리 효율 낮음. 추가 액세서리 포함.,176080,65149,0.63
SK매직 GRA-BA301D,가스레인지,6개월 사용했습니다. 생활흔적 있음이며 고장 없음. 박스 없음.,229020,201537,0.12
린나이 RBR-PF3000,가스레인지,5년 사용했습니다. 생활흔적 있음그리고 생활 기스 있음.,294960,117984,0.6
SK매직 뉴에코 GRA-851SR,가스레인지,2년 사용했습니다. 상태 최상이며 작동 이상 없음. 추가 액세서리 포함.,128820,112073,0.13
린나이 RBR-S6201D,가스레인지,6개월 사용했습니다. 상태 최상하지만 화면 금 갔음. 정품 인증서 포함.,180000,154800,0.14
린나이 RBR-P3511WD,가스레인지,1개월 사용했습니다. 사용감 있음그리고 배터리 효율 낮음. 박스 없음.,241400,195534,0.19
린나이 RBR-P2501D,가스레인지,3년 사용했습니다. 생활흔적 있음그리고 액정 파손. 박스 및 구성품 있음.,210750,94837,0.55
SK매직 뉴에코 GRA-910SR,가스레인지,5년 사용했습니다. 생활흔적 있음그리고 생활 기스 있음. 충전기 없음.,171700,63529,0.63
SK매직 GRA-F2NRH,가스레인지,4년 사용했습니다. 외관 심한 흠집이며 작동 이상 없음.,116450,58225,0.5
린나이 GTA24SJ,가스레인지,3년 사용했습니다. 외관 심한 흠집그리고 화면 금 갔음. 추가 액세서리 포함.,133400,62698,0.53
SK매직 뉴에코 GRA-841SR (GRA-841R),가스레인지,1개월 사용했습니다. 외관 약간 흠집이며 고장 없음. 추가 액세서리 포함.,144000,129600,0.1
린나이 RBR-S3000,가스레인지,5년 사용했습니다. 사용감 있음이며 작동 이상 없음. 박스 없음.,218950,94148,0.57
하츠 GC-3605SDBH,가스레인지,2년 사용했습니다. 생활흔적 있음이며 고장 없음. 박스 없음.,135000,98550,0.27
린나이 RBR-S3603DIJ,가스레인지,3년 사용했습니다. 상태 보통그리고 생활 기스 있음. 박스 없음.,156710,94026,0.4
SK매직 GRA-B3FDD,가스레인지,1년 사용했습니다. 외관 약간 흠집그리고 화면 금 갔음. 박스 및 구성품 있음.,126000,89460,0.29
린나이 RBR-S4000,가스레인지,4년 사용했습니다. 상태 보통이며 고장 없음. 정품 인증서 포함.,260460,151066,0.42
SK매직 GRA-B3216D,가스레인지,1년 사용했습니다. 외관 약간 흠집이며 고장 없음.,113920,97971,0.14
SK매직 GRA-B322K,가스레인지,4년 사용했습니다. 외관 약간 흠집그리고 화면 금 갔음.,174080,71372,0.59
린나이 RBR-P4400,가스레인지,4년 사용했습니다. 외관 약간 흠집그리고 생활 기스 있음. 정품 인증서 포함.,436700,227084,0.48
린나이 RT-5102,가스레인지,3년 사용했습니다. 생활흔적 있음그리고 배터리 효율 낮음. 충전기 없음.,250380,130197,0.48
린나이 INBS301DJ,가스레인지,3년 사용했습니다. 사용감 있음그리고 생활 기스 있음. 박스 및 구성품 있음.,167350,100410,0.4
SK매직 GRAB221K,가스레인지,2년 사용했습니다. 상태 보통그리고 생활 기스 있음. 박스 및 구성품 있음.,85440,61516,0.28
린나이 RBR-S3307DJ,가스레인지,2년 사용했습니다. 상태 양호하지만 배터리 효율 낮음.,158790,111153,0.3
린나이 RBR-S3001D,가스레인지,1년 사용했습니다. 외관 약간 흠집그리고 배터리 효율 낮음. 충전기 없음.,213600,155928,0.27
린나이 CTA22NJ,가스레인지,1개월 사용했습니다. 사용감 있음이며 작동 이상 없음. 충전기 없음.,138600,124740,0.1
린나이 RT-1620I,가스레인지,4년 사용했습니다. 외관 심한 흠집그리고 배터리 효율 낮음. 박스 없음.,189730,72097,0.62
매직쉐프 MMW-W23FDHW,가스레인지,3년 사용했습니다. 상태 보통그리고 배터리 효율 낮음. 정품 인증서 포함.,119960,69576,0.42
린나이 RT-1080IJ,가스레인지,4년 사용했습니다. 외관 심한 흠집이며 작동 이상 없음. 정품 인증서 포함.,128060,65310,0.49
린나이 INCP2032WJ,가스레인지,4년 사용했습니다. 외관 약간 흠집그리고 배터리 효율 낮음.,143060,65807,0.54
SK매직 GRA-B3218D,가스레인지,3년 사용했습니다. 상태 양호하지만 화면 금 갔음.,147990,81394,0.45
린나이 RT-6520I,가스레인지,1년 사용했습니다. 생활흔적 있음그리고 액정 파손. 충전기 없음.,188810,117062,0.38
린나이 CPBC611DJ,가스레인지,2년 사용했습니다. 외관 약간 흠집이며 작동 이상 없음. 박스 및 구성품 있음.,176080,133820,0.24
SK매직 GRA-BA301D,가스레인지,1년 사용했습니다. 사용감 있음그리고 액정 파손. 정품 인증서 포함.,229020,151153,0.34
린나이 RBR-PF3000,가스레인지,3년 사용했습니다. 사용감 있음그리고 배터리 효율 낮음.,294960,162228,0.45
SK매직 뉴에코 GRA-851SR,가스레인지,6개월 사용했습니다. 상태 양호하지만 생활 기스 있음.,128820,115938,0.1
린나이 RBR-S6201D,가스레인지,3년 사용했습니다. 생활흔적 있음그리고 화면 금 갔음.,180000,90000,0.5
린나이 RBR-P3511WD,가스레인지,4년 사용했습니다. 생활흔적 있음그리고 액정 파손. 충전기 없음.,241400,77247,0.68
린나이 RBR-P2501D,가스레인지,5년 사용했습니다. 외관 심한 흠집이며 고장 없음.,210750,84300,0.6
SK매직 뉴에코 GRA-910SR,가스레인지,6개월 사용했습니다. 생활흔적 있음이며 작동 이상 없음. 충전기 없음.,171700,149379,0.13
SK매직 GRA-F2NRH,가스레인지,5년 사용했습니다. 상태 양호이며 고장 없음.,116450,58225,0.5
린나이 GTA24SJ,가스레인지,3년 사용했습니다. 생활흔적 있음그리고 화면 금 갔음. 정품 인증서 포함.,133400,68034,0.49
SK매직 뉴에코 GRA-841SR (GRA-841R),가스레인지,3년 사용했습니다. 사용감 있음이며 고장 없음.,144000,93600,0.35
린나이 RBR-S3000,가스레인지,4년 사용했습니다. 생활흔적 있음그리고 화면 금 갔음. 정품 인증서 포함.,218950,89769,0.59
하츠 GC-3605SDBH,가스레인지,4년 사용했습니다. 생활흔적 있음이며 고장 없음. 박스 없음.,135000,71550,0.47
린나이 RBR-S3603DIJ,가스레인지,5년 사용했습니다. 외관 약간 흠집그리고 배터리 효율 낮음. 박스 및 구성품 있음.,156710,56415,0.64
SK매직 GRA-B3FDD,가스레인지,1년 사용했습니다. 생활흔적 있음그리고 화면 금 갔음. 추가 액세서리 포함.,126000,90720,0.28
린나이 RBR-S4000,가스레인지,6개월 사용했습니다. 생활흔적 있음이며 작동 이상 없음. 충전기 없음.,260460,226600,0.13
SK매직 GRA-B3216D,가스레인지,2년 사용했습니다. 외관 약간 흠집그리고 생활 기스 있음. 정품 인증서 포함.,113920,82022,0.28
SK매직 GRA-B322K,가스레인지,2년 사용했습니다. 생활흔적 있음그리고 생활 기스 있음. 정품 인증서 포함.,174080,123596,0.29
린나이 RBR-P4400,가스레인지,거의 사용하지 않음. 외관 심한 흠집그리고 배터리 효율 낮음. 정품 인증서 포함.,436700,331892,0.24
린나이 RT-5102,가스레인지,5년 사용했습니다. 상태 양호이며 작동 이상 없음. 박스 없음.,250380,120182,0.52
린나이 INBS301DJ,가스레인지,거의 사용하지 않음. 생활흔적 있음이며 고장 없음. 충전기 없음.,167350,145594,0.13
SK매직 GRAB221K,가스레인지,3년 사용했습니다. 상태 보통그리고 생활 기스 있음. 충전기 없음.,85440,50409,0.41
린나이 RBR-S3307DJ,가스레인지,6개월 사용했습니다. 상태 최상하지만 생활 기스 있음. 박스 및 구성품 있음.,158790,142911,0.1
린나이 RBR-S3001D,가스레인지,1개월 사용했습니다. 사용감 있음그리고 화면 금 갔음. 정품 인증서 포함.,213600,168744,0.21
린나이 CTA22NJ,가스레인지,4년 사용했습니다. 생활흔적 있음그리고 화면 금 갔음. 정품 인증서 포함.,138600,56826,0.59
린나이 RT-1620I,가스레인지,3년 사용했습니다. 생활흔적 있음그리고 배터리 효율 낮음. 박스 및 구성품 있음.,189730,104351,0.45
매직쉐프 MMW-W23FDHW,가스레인지,6개월 사용했습니다. 사용감 있음그리고 배터리 효율 낮음. 추가 액세서리 포함.,119960,98367,0.18
린나이 RT-1080IJ,가스레인지,6개월 사용했습니다. 상태 보통이며 고장 없음. 정품 인증서 포함.,128060,115254,0.1
린나이 INCP2032WJ,가스레인지,3년 사용했습니다. 상태 보통그리고 배터리 효율 낮음. 추가 액세서리 포함.,143060,84405,0.41
SK매직 GRA-B3218D,가스레인지,3년 사용했습니다. 외관 약간 흠집이며 고장 없음. 박스 없음.,147990,94713,0.36
린나이 RT-6520I,가스레인지,거의 사용하지 않음. 상태 최상하지만 화면 금 갔음. 정품 인증서 포함.,188810,162376,0.14
린나이 CPBC611DJ,가스레인지,5년 사용했습니다. 외관 심한 흠집이며 작동 이상 없음. 추가 액세서리 포함.,176080,73953,0.58
SK매직 GRA-BA301D,가스레인지,4년 사용했습니다. 사용감 있음그리고 화면 금 갔음. 박스 없음.,229020,87027,0.62
린나이 RBR-PF3000,가스레인지,1년 사용했습니다. 외관 심한 흠집이며 작동 이상 없음. 정품 인증서 포함.,294960,238917,0.19
SK매직 뉴에코 GRA-851SR,가스레인지,4년 사용했습니다. 상태 양호이며 고장 없음.,128820,77292,0.4
린나이 RBR-S6201D,가스레인지,2년 사용했습니다. 상태 보통이며 작동 이상 없음. 정품 인증서 포함.,180000,140400,0.22
린나이 RBR-P3511WD,가스레인지,3년 사용했습니다. 생활흔적 있음그리고 생활 기스 있음. 박스 및 구성품 있음.,241400,144840,0.4
린나이 RBR-P2501D,가스레인지,5년 사용했습니다. 상태 최상이며 고장 없음.,210750,115912,0.45
SK매직 뉴에코 GRA-910SR,가스레인지,1년 사용했습니다. 상태 양호하지만 액정 파손.,171700,120189,0.3
SK매직 GRA-F2NRH,가스레인지,5년 사용했습니다. 외관 심한 흠집이며 고장 없음. 추가 액세서리 포함.,116450,48909,0.58
린나이 GTA24SJ,가스레인지,거의 사용하지 않음. 상태 최상이며 고장 없음. 정품 인증서 포함.,133400,120060,0.1
SK매직 뉴에코 GRA-841SR (GRA-841R),가스레인지,6개월 사용했습니다. 외관 심한 흠집그리고 배터리 효율 낮음.,144000,108000,0.25
린나이 RBR-S3000,가스레인지,1년 사용했습니다. 상태 양호하지만 액정 파손. 추가 액세서리 포함.,218950,157644,0.28
하츠 GC-3605SDBH,가스레인지,3년 사용했습니다. 외관 약간 흠집이며 고장 없음. 박스 및 구성품 있음.,135000,89099,0.34
린나이 RBR-S3603DIJ,가스레인지,6개월 사용했습니다. 외관 심한 흠집그리고 생활 기스 있음. 충전기 없음.,156710,120666,0.23
SK매직 GRA-B3FDD,가스레인지,6개월 사용했습니다. 외관 약간 흠집그리고 화면 금 갔음. 박스 없음.,126000,93240,0.26
린나이 RBR-S4000,가스레인지,5년 사용했습니다. 상태 보통그리고 화면 금 갔음. 충전기 없음.,260460,75533,0.71
SK매직 GRA-B3216D,가스레인지,4년 사용했습니다. 생활흔적 있음그리고 배터리 효율 낮음. 충전기 없음.,113920,47846,0.58
SK매직 GRA-B322K,가스레인지,1년 사용했습니다. 상태 양호이며 고장 없음. 박스 없음.,174080,153190,0.12
린나이 RBR-P4400,가스레인지,6개월 사용했습니다. 사용감 있음그리고 배터리 효율 낮음. 정품 인증서 포함.,436700,353727,0.19
린나이 RT-5102,가스레인지,2년 사용했습니다. 상태 최상하지만 화면 금 갔음. 박스 없음.,250380,170258,0.32
린나이 INBS301DJ,가스레인지,1개월 사용했습니다. 사용감 있음이며 고장 없음. 박스 없음.,167350,150615,0.1
SK매직 GRAB221K,가스레인지,1년 사용했습니다. 상태 보통이며 고장 없음. 추가 액세서리 포함.,85440,76041,0.11
린나이 RBR-S3307DJ,가스레인지,4년 사용했습니다. 사용감 있음이며 작동 이상 없음. 충전기 없음.,158790,82570,0.48
린나이 RBR-S3001D,가스레인지,1개월 사용했습니다. 생활흔적 있음그리고 액정 파손. 박스 및 구성품 있음.,213600,155928,0.27
린나이 CTA22NJ,가스레인지,4년 사용했습니다. 생활흔적 있음그리고 생활 기스 있음.,138600,69300,0.5
린나이 RT-1620I,가스레인지,1년 사용했습니다. 상태 최상하지만 화면 금 갔음. 박스 없음.,189730,147989,0.22
매직쉐프 MMW-W23FDHW,가스레인지,거의 사용하지 않음. 외관 약간 흠집이며 고장 없음. 박스 및 구성품 있음.,119960,107964,0.1
린나이 RT-1080IJ,가스레인지,4년 사용했습니다. 상태 최상이며 고장 없음. 충전기 없음.,128060,79397,0.38
린나이 INCP2032WJ,가스레인지,5년 사용했습니다. 상태 양호하지만 액정 파손. 박스 및 구성품 있음.,143060,42918,0.7
SK매직 GRA-B3218D,가스레인지,1개월 사용했습니다. 외관 심한 흠집그리고 액정 파손. 박스 및 구성품 있음.,147990,100633,0.32
린나이 RT-6520I,가스레인지,6개월 사용했습니다. 외관 약간 흠집이며 고장 없음. 추가 액세서리 포함.,188810,169929,0.1
린나이 CPBC611DJ,가스레인지,1개월 사용했습니다. 사용감 있음그리고 배터리 효율 낮음. 충전기 없음.,176080,140864,0.2
SK매직 GRA-BA301D,가스레인지,거의 사용하지 않음. 상태 최상하지만 액정 파손. 충전기 없음.,229020,176345,0.23
린나이 RBR-PF3000,가스레인지,6개월 사용했습니다. 상태 최상하지만 액정 파손. 정품 인증서 포함.,294960,238917,0.19
SK매직 뉴에코 GRA-851SR,가스레인지,6개월 사용했습니다. 상태 보통그리고 생활 기스 있음.,128820,112073,0.13
린나이 RBR-S6201D,가스레인지,3년 사용했습니다. 생활흔적 있음그리고 액정 파손. 추가 액세서리 포함.,180000,84600,0.53
린나이 RBR-P3511WD,가스레인지,1년 사용했습니다. 외관 심한 흠집이며 고장 없음. 정품 인증서 포함.,241400,195534,0.19
린나이 RBR-P2501D,가스레인지,1년 사용했습니다. 외관 약간 흠집이며 고장 없음. 추가 액세서리 포함.,210750,185460,0.12
SK매직 뉴에코 GRA-910SR,가스레인지,2년 사용했습니다. 사용감 있음그리고 화면 금 갔음. 박스 없음.,171700,99586,0.42
SK매직 GRA-F2NRH,가스레인지,6개월 사용했습니다. 상태 양호하지만 화면 금 갔음.,116450,93160,0.2
린나이 GTA24SJ,가스레인지,1년 사용했습니다. 사용감 있음이며 작동 이상 없음.,133400,113390,0.15
SK매직 뉴에코 GRA-841SR (GRA-841R),가스레인지,2년 사용했습니다. 외관 약간 흠집그리고 화면 금 갔음. 정품 인증서 포함.,144000,89280,0.38
린나이 RBR-S3000,가스레인지,거의 사용하지 않음. 외관 심한 흠집그리고 생활 기스 있음. 충전기 없음.,218950,168591,0.23
하츠 GC-3605SDBH,가스레인지,5년 사용했습니다. 사용감 있음이며 고장 없음. 충전기 없음.,135000,56700,0.58
린나이 RBR-S3603DIJ,가스레인지,거의 사용하지 않음. 상태 최상하지만 배터리 효율 낮음. 박스 및 구성품 있음.,156710,141039,0.1
SK매직 GRA-B3FDD,가스레인지,1개월 사용했습니다. 외관 약간 흠집이며 작동 이상 없음. 정품 인증서 포함.,126000,113400,0.1
린나이 RBR-S4000,가스레인지,4년 사용했습니다. 생활흔적 있음이며 작동 이상 없음. 박스 및 구성품 있음.,260460,143253,0.45
SK매직 GRA-B3216D,가스레인지,1개월 사용했습니다. 사용감 있음그리고 화면 금 갔음. 충전기 없음.,113920,85440,0.25
SK매직 GRA-B322K,가스레인지,3년 사용했습니다. 상태 보통이며 고장 없음.,174080,116633,0.33
린나이 RBR-P4400,가스레인지,거의 사용하지 않음. 상태 양호하지만 화면 금 갔음.,436700,349360,0.2
린나이 RT-5102,가스레인지,3년 사용했습니다. 상태 양호이며 작동 이상 없음. 충전기 없음.,250380,167754,0.33
린나이 INBS301DJ,가스레인지,5년 사용했습니다. 사용감 있음그리고 화면 금 갔음. 박스 및 구성품 있음.,167350,50205,0.7
SK매직 GRAB221K,가스레인지,6개월 사용했습니다. 사용감 있음이며 작동 이상 없음. 충전기 없음.,85440,74332,0.13
린나이 RBR-S3307DJ,가스레인지,거의 사용하지 않음. 생활흔적 있음이며 고장 없음. 박스 및 구성품 있음.,158790,142911,0.1
린나이 RBR-S3001D,가스레인지,5년 사용했습니다. 외관 약간 흠집그리고 화면 금 갔음. 충전기 없음.,213600,59808,0.72
린나이 CTA22NJ,가스레인지,5년 사용했습니다. 외관 심한 흠집그리고 액정 파손. 박스 및 구성품 있음.,138600,27719,0.8
린나이 RT-1620I,가스레인지,6개월 사용했습니다. 상태 양호하지만 배터리 효율 낮음.,189730,161270,0.15
매직쉐프 MMW-W23FDHW,가스레인지,5년 사용했습니다. 사용감 있음이며 고장 없음.,119960,53981,0.55
린나이 RT-1080IJ,가스레인지,1년 사용했습니다. 외관 약간 흠집이며 고장 없음.,128060,110131,0.14
린나이 INCP2032WJ,가스레인지,1개월 사용했습니다. 사용감 있음그리고 생활 기스 있음. 추가 액세서리 포함.,143060,128754,0.1
SK매직 GRA-B3218D,가스레인지,5년 사용했습니다. 외관 약간 흠집그리고 배터리 효율 낮음. 정품 인증서 포함.,147990,54756,0.63
린나이 RT-6520I,가스레인지,4년 사용했습니다. 외관 심한 흠집이며 작동 이상 없음. 박스 없음.,188810,90628,0.52
린나이 CPBC611DJ,가스레인지,2년 사용했습니다. 외관 약간 흠집그리고 액정 파손. 정품 인증서 포함.,176080,100365,0.43
SK매직 GRA-BA301D,가스레인지,3년 사용했습니다. 상태 최상하지만 생활 기스 있음. 추가 액세서리 포함.,229020,164894,0.28
린나이 RBR-PF3000,가스레인지,1년 사용했습니다. 사용감 있음이며 고장 없음. 박스 없음.,294960,244816,0.17
SK매직 뉴에코 GRA-851SR,가스레인지,2년 사용했습니다. 외관 약간 흠집그리고 생활 기스 있음. 정품 인증서 포함.,128820,92750,0.28
린나이 RBR-S6201D,가스레인지,2년 사용했습니다. 상태 최상하지만 액정 파손.,180000,117000,0.35
린나이 RBR-P3511WD,가스레인지,1년 사용했습니다. 상태 보통그리고 배터리 효율 낮음. 박스 없음.,241400,181050,0.25
린나이 RBR-P2501D,가스레인지,1개월 사용했습니다. 상태 보통그리고 배터리 효율 낮음. 박스 없음.,210750,174922,0.17
SK매직 뉴에코 GRA-910SR,가스레인지,5년 사용했습니다. 생활흔적 있음이며 작동 이상 없음. 박스 없음.,171700,73831,0.57
SK매직 GRA-F2NRH,가스레인지,2년 사용했습니다. 상태 보통그리고 배터리 효율 낮음. 박스 없음.,116450,75692,0.35
린나이 GTA24SJ,가스레인지,2년 사용했습니다. 생활흔적 있음이며 작동 이상 없음. 정품 인증서 포함.,133400,101384,0.24
SK매직 뉴에코 GRA-841SR (GRA-841R),가스레인지,6개월 사용했습니다. 상태 보통그리고 액정 파손. 박스 없음.,144000,100800,0.3
린나이 RBR-S3000,가스레인지,4년 사용했습니다. 상태 양호하지만 액정 파손. 박스 및 구성품 있음.,218950,87580,0.6
하츠 GC-3605SDBH,가스레인지,5년 사용했습니다. 사용감 있음이며 고장 없음. 추가 액세서리 포함.,135000,63450,0.53
린나이 RBR-S3603DIJ,가스레인지,3년 사용했습니다. 외관 심한 흠집이며 작동 이상 없음. 박스 없음.,156710,90891,0.42
SK매직 GRA-B3FDD,가스레인지,6개월 사용했습니다. 사용감 있음그리고 배터리 효율 낮음. 박스 및 구성품 있음.,126000,100800,0.2
린나이 RBR-S4000,가스레인지,2년 사용했습니다. 외관 심한 흠집그리고 화면 금 갔음. 박스 없음.,260460,138043,0.47
SK매직 GRA-B3216D,가스레인지,6개월 사용했습니다. 상태 보통그리고 화면 금 갔음. 정품 인증서 포함.,113920,88857,0.22
SK매직 GRA-B322K,가스레인지,1개월 사용했습니다. 사용감 있음그리고 액정 파손. 박스 없음.,174080,123596,0.29
린나이 RBR-P4400,가스레인지,거의 사용하지 않음. 상태 양호하지만 화면 금 갔음. 충전기 없음.,436700,336259,0.23
린나이 RT-5102,가스레인지,5년 사용했습니다. 외관 심한 흠집이며 고장 없음. 추가 액세서리 포함.,250380,105159,0.58
린나이 INBS301DJ,가스레인지,2년 사용했습니다. 상태 양호이며 고장 없음.,167350,133880,0.2
SK매직 GRAB221K,가스레인지,거의 사용하지 않음. 생활흔적 있음그리고 화면 금 갔음. 충전기 없음.,85440,61516,0.28
린나이 RBR-S3307DJ,가스레인지,3년 사용했습니다. 상태 양호이며 작동 이상 없음. 충전기 없음.,158790,106389,0.33
린나이 RBR-S3001D,가스레인지,5년 사용했습니다. 생활흔적 있음이며 고장 없음. 충전기 없음.,213600,89712,0.58
린나이 CTA22NJ,가스레인지,2년 사용했습니다. 상태 최상이며 고장 없음. 추가 액세서리 포함.,138600,120582,0.13
린나이 RT-1620I,가스레인지,2년 사용했습니다. 상태 보통이며 작동 이상 없음. 정품 인증서 포함.,189730,147989,0.22
매직쉐프 MMW-W23FDHW,가스레인지,2년 사용했습니다. 외관 심한 흠집이며 고장 없음. 정품 인증서 포함.,119960,85171,0.29
린나이 RT-1080IJ,가스레인지,1년 사용했습니다. 외관 심한 흠집그리고 배터리 효율 낮음. 정품 인증서 포함.,128060,90922,0.29
린나이 INCP2032WJ,가스레인지,6개월 사용했습니다. 상태 보통그리고 생활 기스 있음. 박스 없음.,143060,121601,0.15
SK매직 GRA-B3218D,가스레인지,5년 사용했습니다. 생활흔적 있음그리고 화면 금 갔음.,147990,44397,0.7
린나이 RT-6520I,가스레인지,1개월 사용했습니다. 상태 최상하지만 화면 금 갔음. 추가 액세서리 포함.,188810,169929,0.1
린나이 CPBC611DJ,가스레인지,6개월 사용했습니다. 생활흔적 있음이며 고장 없음. 충전기 없음.,176080,153189,0.13
SK매직 GRA-BA301D,가스레인지,거의 사용하지 않음. 사용감 있음그리고 생활 기스 있음. 충전기 없음.,229020,187796,0.18
린나이 RBR-PF3000,가스레인지,5년 사용했습니다. 상태 최상하지만 화면 금 갔음. 추가 액세서리 포함.,294960,123883,0.58
SK매직 뉴에코 GRA-851SR,가스레인지,1개월 사용했습니다. 생활흔적 있음이며 작동 이상 없음. 정품 인증서 포함.,128820,115938,0.1
린나이 RBR-S6201D,가스레인지,1개월 사용했습니다. 생활흔적 있음그리고 배터리 효율 낮음. 정품 인증서 포함.,180000,151200,0.16
린나이 RBR-P3511WD,가스레인지,6개월 사용했습니다. 외관 약간 흠집그리고 생활 기스 있음.,241400,207604,0.14
린나이 RBR-P2501D,가스레인지,5년 사용했습니다. 외관 약간 흠집그리고 액정 파손. 충전기 없음.,210750,48472,0.77
SK매직 뉴에코 GRA-910SR,가스레인지,3년 사용했습니다. 상태 보통그리고 생활 기스 있음.,171700,106454,0.38
SK매직 GRA-F2NRH,가스레인지,거의 사용하지 않음. 상태 최상하지만 화면 금 갔음. 정품 인증서 포함.,116450,100147,0.14
린나이 GTA24SJ,가스레인지,5년 사용했습니다. 외관 심한 흠집그리고 생활 기스 있음. 박스 및 구성품 있음.,133400,46690,0.65
SK매직 뉴에코 GRA-841SR (GRA-841R),가스레인지,거의 사용하지 않음. 상태 보통그리고 생활 기스 있음.,144000,125280,0.13
린나이 RBR-S3000,가스레인지,1개월 사용했습니다. 외관 심한 흠집그리고 생활 기스 있음. 정품 인증서 포함.,218950,183918,0.16
하츠 GC-3605SDBH,가스레인지,4년 사용했습니다. 외관 약간 흠집그리고 액정 파손.,135000,48600,0.64
린나이 RBR-S3603DIJ,가스레인지,1개월 사용했습니다. 사용감 있음그리고 화면 금 갔음. 추가 액세서리 포함.,156710,125368,0.2
SK매직 GRA-B3FDD,가스레인지,4년 사용했습니다. 외관 약간 흠집이며 작동 이상 없음. 박스 없음.,126000,68040,0.46
린나이 RBR-S4000,가스레인지,2년 사용했습니다. 외관 약간 흠집그리고 액정 파손. 박스 및 구성품 있음.,260460,145857,0.44
SK매직 GRA-B3216D,가스레인지,4년 사용했습니다. 상태 보통그리고 생활 기스 있음. 충전기 없음.,113920,55820,0.51
SK매직 GRA-B322K,가스레인지,6개월 사용했습니다. 외관 심한 흠집그리고 배터리 효율 낮음. 박스 없음.,174080,127078,0.27
린나이 RBR-P4400,가스레인지,1개월 사용했습니다. 상태 최상이며 작동 이상 없음. 추가 액세서리 포함.,436700,393030,0.1
린나이 RT-5102,가스레인지,5년 사용했습니다. 외관 심한 흠집이며 작동 이상 없음. 정품 인증서 포함.,250380,102655,0.59
린나이 INBS301DJ,가스레인지,1개월 사용했습니다. 상태 양호하지만 배터리 효율 낮음. 정품 인증서 포함.,167350,148941,0.11
SK매직 GRAB221K,가스레인지,1년 사용했습니다. 생활흔적 있음이며 고장 없음. 충전기 없음.,85440,70060,0.18
린나이 RBR-S3307DJ,가스레인지,1개월 사용했습니다. 상태 양호이며 작동 이상 없음. 충전기 없음.,158790,142911,0.1
린나이 RBR-S3001D,가스레인지,2년 사용했습니다. 외관 심한 흠집그리고 생활 기스 있음. 충전기 없음.,213600,132432,0.38
린나이 CTA22NJ,가스레인지,6개월 사용했습니다. 사용감 있음그리고 액정 파손. 추가 액세서리 포함.,138600,99792,0.28
린나이 RT-1620I,가스레인지,4년 사용했습니다. 외관 심한 흠집그리고 화면 금 갔음. 박스 및 구성품 있음.,189730,66405,0.65
매직쉐프 MMW-W23FDHW,가스레인지,5년 사용했습니다. 상태 보통이며 고장 없음.,119960,56381,0.53
린나이 RT-1080IJ,가스레인지,2년 사용했습니다. 상태 최상하지만 화면 금 갔음. 박스 및 구성품 있음.,128060,89642,0.3
린나이 INCP2032WJ,가스레인지,1개월 사용했습니다. 상태 최상하지만 생활 기스 있음. 박스 및 구성품 있음.,143060,128754,0.1
SK매직 GRA-B3218D,가스레인지,6개월 사용했습니다. 외관 심한 흠집이며 작동 이상 없음. 박스 및 구성품 있음.,147990,125791,0.15
린나이 RT-6520I,가스레인지,3년 사용했습니다. 상태 최상하지만 액정 파손. 정품 인증서 포함.,188810,105733,0.44
린나이 CPBC611DJ,가스레인지,1개월 사용했습니다. 상태 보통이며 고장 없음.,176080,158472,0.1
SK매직 GRA-BA301D,가스레인지,2년 사용했습니다. 외관 약간 흠집그리고 액정 파손.,229020,128251,0.44
린나이 RBR-PF3000,가스레인지,거의 사용하지 않음. 외관 심한 흠집이며 고장 없음. 박스 및 구성품 있음.,294960,250716,0.15
SK매직 뉴에코 GRA-851SR,가스레인지,3년 사용했습니다. 외관 약간 흠집그리고 액정 파손. 정품 인증서 포함.,128820,60545,0.53
린나이 RBR-S6201D,가스레인지,4년 사용했습니다. 사용감 있음그리고 액정 파손.,180000,62999,0.65
린나이 RBR-P3511WD,가스레인지,3년 사용했습니다. 사용감 있음이며 고장 없음. 정품 인증서 포함.,241400,159323,0.34
린나이 RBR-P2501D,가스레인지,1년 사용했습니다. 상태 보통그리고 생활 기스 있음.,210750,172815,0.18
SK매직 뉴에코 GRA-910SR,가스레인지,6개월 사용했습니다. 상태 최상하지만 배터리 효율 낮음. 추가 액세서리 포함.,171700,154530,0.1
SK매직 GRA-F2NRH,가스레인지,1개월 사용했습니다. 사용감 있음이며 작동 이상 없음. 박스 및 구성품 있음.,116450,104805,0.1
린나이 GTA24SJ,가스레인지,3년 사용했습니다. 상태 최상이며 고장 없음. 추가 액세서리 포함.,133400,102718,0.23
SK매직 뉴에코 GRA-841SR (GRA-841R),가스레인지,3년 사용했습니다. 상태 보통그리고 생활 기스 있음. 박스 없음.,144000,86400,0.4
린나이 RBR-S3000,가스레인지,4년 사용했습니다. 상태 양호하지만 배터리 효율 낮음.,218950,109475,0.5
하츠 GC-3605SDBH,가스레인지,2년 사용했습니다. 사용감 있음그리고 액정 파손. 정품 인증서 포함.,135000,75600,0.44
린나이 RBR-S3603DIJ,가스레인지,거의 사용하지 않음. 상태 최상이며 고장 없음. 박스 없음.,156710,141039,0.1
SK매직 GRA-B3FDD,가스레인지,3년 사용했습니다. 외관 약간 흠집그리고 생활 기스 있음. 박스 없음.,126000,74340,0.41
린나이 RBR-S4000,가스레인지,3년 사용했습니다. 외관 약간 흠집이며 작동 이상 없음. 정품 인증서 포함.,260460,174508,0.33
SK매직 GRA-B3216D,가스레인지,5년 사용했습니다. 외관 약간 흠집이며 작동 이상 없음. 정품 인증서 포함.,113920,53542,0.53
SK매직 GRA-B322K,가스레인지,6개월 사용했습니다. 상태 보통이며 고장 없음. 추가 액세서리 포함.,174080,156672,0.1
린나이 RBR-P4400,가스레인지,5년 사용했습니다. 생활흔적 있음그리고 화면 금 갔음. 충전기 없음.,436700,117909,0.73
린나이 RT-5102,가스레인지,1개월 사용했습니다. 상태 보통이며 고장 없음. 박스 및 구성품 있음.,250380,225342,0.1
린나이 INBS301DJ,가스레인지,2년 사용했습니다. 사용감 있음이며 작동 이상 없음. 박스 및 구성품 있음.,167350,125512,0.25
SK매직 GRAB221K,가스레인지,4년 사용했습니다. 외관 약간 흠집이며 작동 이상 없음. 충전기 없음.,85440,45283,0.47
린나이 RBR-S3307DJ,가스레인지,6개월 사용했습니다. 외관 약간 흠집그리고 배터리 효율 낮음.,158790,128619,0.19
린나이 RBR-S3001D,가스레인지,2년 사용했습니다. 외관 심한 흠집이며 고장 없음.,213600,149520,0.3
린나이 CTA22NJ,가스레인지,3년 사용했습니다. 외관 심한 흠집그리고 생활 기스 있음. 추가 액세서리 포함.,138600,79002,0.43
린나이 RT-1620I,가스레인지,2년 사용했습니다. 상태 보통그리고 액정 파손. 박스 없음.,189730,104351,0.45
매직쉐프 MMW-W23FDHW,가스레인지,5년 사용했습니다. 외관 심한 흠집그리고 생활 기스 있음. 정품 인증서 포함.,119960,43185,0.64
린나이 RT-1080IJ,가스레인지,2년 사용했습니다. 상태 양호이며 고장 없음. 박스 없음.,128060,99886,0.22
린나이 INCP2032WJ,가스레인지,3년 사용했습니다. 사용감 있음그리고 배터리 효율 낮음. 박스 없음.,143060,75821,0.47
SK매직 GRA-B3218D,가스레인지,거의 사용하지 않음. 상태 최상하지만 생활 기스 있음. 추가 액세서리 포함.,147990,133191,0.1
린나이 RT-6520I,가스레인지,5년 사용했습니다. 상태 양호하지만 액정 파손. 충전기 없음.,188810,50978,0.73
린나이 CPBC611DJ,가스레인지,3년 사용했습니다. 상태 양호하지만 생활 기스 있음. 충전기 없음.,176080,109169,0.38
SK매직 GRA-BA301D,가스레인지,6개월 사용했습니다. 사용감 있음그리고 액정 파손. 충전기 없음.,229020,153443,0.33
린나이 RBR-PF3000,가스레인지,2년 사용했습니다. 생활흔적 있음이며 작동 이상 없음. 박스 없음.,294960,215320,0.27
SK매직 뉴에코 GRA-851SR,가스레인지,6개월 사용했습니다. 상태 보통그리고 액정 파손. 추가 액세서리 포함.,128820,95326,0.26
린나이 RBR-S6201D,가스레인지,3년 사용했습니다. 상태 보통그리고 배터리 효율 낮음.,180000,102600,0.43
린나이 RBR-P3511WD,가스레인지,5년 사용했습니다. 외관 약간 흠집그리고 배터리 효율 낮음. 박스 없음.,241400,82075,0.66
린나이 RBR-P2501D,가스레인지,2년 사용했습니다. 생활흔적 있음이며 작동 이상 없음. 추가 액세서리 포함.,210750,162277,0.23
SK매직 뉴에코 GRA-910SR,가스레인지,6개월 사용했습니다. 생활흔적 있음그리고 화면 금 갔음. 박스 및 구성품 있음.,171700,128775,0.25
SK매직 GRA-F2NRH,가스레인지,1개월 사용했습니다. 사용감 있음이며 작동 이상 없음. 박스 및 구성품 있음.,116450,104805,0.1
린나이 GTA24SJ,가스레인지,5년 사용했습니다. 생활흔적 있음그리고 생활 기스 있음. 추가 액세서리 포함.,133400,56028,0.58
SK매직 뉴에코 GRA-841SR (GRA-841R),가스레인지,2년 사용했습니다. 상태 최상하지만 화면 금 갔음. 추가 액세서리 포함.,144000,103680,0.28
린나이 RBR-S3000,가스레인지,5년 사용했습니다. 상태 양호하지만 화면 금 갔음. 정품 인증서 포함.,218950,78822,0.64
하츠 GC-3605SDBH,가스레인지,1년 사용했습니다. 상태 최상이며 고장 없음. 충전기 없음.,135000,121500,0.1
린나이 RBR-S3603DIJ,가스레인지,2년 사용했습니다. 생활흔적 있음그리고 화면 금 갔음. 박스 없음.,156710,90891,0.42
SK매직 GRA-B3FDD,가스레인지,4년 사용했습니다. 외관 심한 흠집그리고 배터리 효율 낮음. 추가 액세서리 포함.,126000,52920,0.58
린나이 RBR-S4000,가스레인지,6개월 사용했습니다. 생활흔적 있음이며 고장 없음. 추가 액세서리 포함.,260460,234414,0.1
SK매직 GRA-B3216D,가스레인지,3년 사용했습니다. 상태 보통이며 고장 없음. 박스 및 구성품 있음.,113920,76326,0.33
SK매직 GRA-B322K,가스레인지,4년 사용했습니다. 상태 양호이며 작동 이상 없음. 박스 없음.,174080,100966,0.42
린나이 RBR-P4400,가스레인지,6개월 사용했습니다. 외관 약간 흠집그리고 배터리 효율 낮음. 박스 없음.,436700,344993,0.21
린나이 RT-5102,가스레인지,2년 사용했습니다. 외관 약간 흠집그리고 생활 기스 있음. 박스 없음.,250380,172762,0.31
린나이 INBS301DJ,가스레인지,3년 사용했습니다. 사용감 있음그리고 화면 금 갔음. 충전기 없음.,167350,78654,0.53
SK매직 GRAB221K,가스레인지,2년 사용했습니다. 상태 최상하지만 화면 금 갔음. 충전기 없음.,85440,57244,0.33
린나이 RBR-S3307DJ,가스레인지,거의 사용하지 않음. 상태 최상하지만 화면 금 갔음.,158790,134971,0.15
린나이 RBR-S3001D,가스레인지,3년 사용했습니다. 상태 양호하지만 배터리 효율 낮음. 추가 액세서리 포함.,213600,132432,0.38
린나이 CTA22NJ,가스레인지,거의 사용하지 않음. 상태 보통그리고 배터리 효율 낮음. 박스 없음.,138600,110880,0.2
린나이 RT-1620I,가스레인지,1년 사용했습니다. 상태 최상하지만 배터리 효율 낮음. 박스 및 구성품 있음.,189730,161270,0.15
매직쉐프 MMW-W23FDHW,가스레인지,3년 사용했습니다. 상태 양호이며 고장 없음. 정품 인증서 포함.,119960,85171,0.29
린나이 RT-1080IJ,가스레인지,2년 사용했습니다. 사용감 있음그리고 화면 금 갔음. 추가 액세서리 포함.,128060,79397,0.38
린나이 INCP2032WJ,가스레인지,거의 사용하지 않음. 외관 심한 흠집그리고 배터리 효율 낮음. 박스 없음.,143060,104433,0.27
SK매직 GRA-B3218D,가스레인지,6개월 사용했습니다. 외관 약간 흠집그리고 배터리 효율 낮음. 정품 인증서 포함.,147990,121351,0.18
린나이 RT-6520I,가스레인지,6개월 사용했습니다. 사용감 있음그리고 생활 기스 있음.,188810,160488,0.15
린나이 CPBC611DJ,가스레인지,5년 사용했습니다. 생활흔적 있음이며 작동 이상 없음. 충전기 없음.,176080,73953,0.58
SK매직 GRA-BA301D,가스레인지,1년 사용했습니다. 상태 최상이며 작동 이상 없음. 추가 액세서리 포함.,229020,206118,0.1
린나이 RBR-PF3000,가스레인지,2년 사용했습니다. 사용감 있음그리고 액정 파손. 추가 액세서리 포함.,294960,168127,0.43
SK매직 뉴에코 GRA-851SR,가스레인지,4년 사용했습니다. 생활흔적 있음그리고 생활 기스 있음. 추가 액세서리 포함.,128820,66986,0.48
린나이 RBR-S6201D,가스레인지,거의 사용하지 않음. 외관 약간 흠집이며 고장 없음. 박스 및 구성품 있음.,180000,162000,0.1
린나이 RBR-P3511WD,가스레인지,거의 사용하지 않음. 사용감 있음그리고 생활 기스 있음. 박스 및 구성품 있음.,241400,205190,0.15
린나이 RBR-P2501D,가스레인지,1개월 사용했습니다. 생활흔적 있음이며 작동 이상 없음. 충전기 없음.,210750,189675,0.1
SK매직 뉴에코 GRA-910SR,가스레인지,5년 사용했습니다. 사용감 있음그리고 생활 기스 있음. 충전기 없음.,171700,63529,0.63
SK매직 GRA-F2NRH,가스레인지,4년 사용했습니다. 상태 양호이며 작동 이상 없음. 박스 및 구성품 있음.,116450,69870,0.4
린나이 GTA24SJ,가스레인지,3년 사용했습니다. 상태 보통이며 작동 이상 없음.,133400,89377,0.33
SK매직 뉴에코 GRA-841SR (GRA-841R),가스레인지,3년 사용했습니다. 외관 약간 흠집그리고 액정 파손. 추가 액세서리 포함.,144000,69120,0.52
린나이 RBR-S3000,가스레인지,1개월 사용했습니다. 상태 보통그리고 액정 파손. 추가 액세서리 포함.,218950,168591,0.23
하츠 GC-3605SDBH,가스레인지,1개월 사용했습니다. 외관 심한 흠집그리고 생활 기스 있음. 추가 액세서리 포함.,135000,114750,0.15
린나이 RBR-S3603DIJ,가스레인지,1년 사용했습니다. 상태 보통그리고 액정 파손. 박스 없음.,156710,101861,0.35
SK매직 GRA-B3FDD,가스레인지,6개월 사용했습니다. 상태 최상이며 작동 이상 없음. 박스 없음.,126000,113400,0.1
린나이 RBR-S4000,가스레인지,1년 사용했습니다. 생활흔적 있음이며 고장 없음. 충전기 없음.,260460,213577,0.18
SK매직 GRA-B3216D,가스레인지,4년 사용했습니다. 생활흔적 있음이며 작동 이상 없음. 박스 없음.,113920,60377,0.47
SK매직 GRA-B322K,가스레인지,2년 사용했습니다. 외관 심한 흠집그리고 액정 파손. 박스 및 구성품 있음.,174080,87040,0.5
린나이 RBR-P4400,가스레인지,2년 사용했습니다. 상태 보통그리고 액정 파손.,436700,248919,0.43
린나이 RT-5102,가스레인지,1개월 사용했습니다. 외관 약간 흠집그리고 배터리 효율 낮음.,250380,210319,0.16
린나이 INBS301DJ,가스레인지,2년 사용했습니다. 외관 약간 흠집그리고 생활 기스 있음.,167350,118818,0.29
SK매직 GRAB221K,가스레인지,1년 사용했습니다. 사용감 있음그리고 배터리 효율 낮음.,85440,64080,0.25
린나이 RBR-S3307DJ,가스레인지,거의 사용하지 않음. 외관 약간 흠집이며 작동 이상 없음. 정품 인증서 포함.,158790,142911,0.1
린나이 RBR-S3001D,가스레인지,6개월 사용했습니다. 상태 최상하지만 화면 금 갔음.,213600,181560,0.15
린나이 CTA22NJ,가스레인지,2년 사용했습니다. 상태 양호하지만 화면 금 갔음. 박스 없음.,138600,87318,0.37
린나이 RT-1620I,가스레인지,1년 사용했습니다. 상태 최상하지만 생활 기스 있음. 박스 및 구성품 있음.,189730,170757,0.1
매직쉐프 MMW-W23FDHW,가스레인지,6개월 사용했습니다. 상태 최상이며 작동 이상 없음. 정품 인증서 포함.,119960,107964,0.1
린나이 RT-1080IJ,가스레인지,1개월 사용했습니다. 생활흔적 있음그리고 화면 금 갔음. 정품 인증서 포함.,128060,101167,0.21
린나이 INCP2032WJ,가스레인지,1년 사용했습니다. 사용감 있음그리고 배터리 효율 낮음. 추가 액세서리 포함.,143060,110156,0.23
SK매직 GRA-B3218D,가스레인지,6개월 사용했습니다. 상태 양호이며 고장 없음. 박스 없음.,147990,133191,0.1
린나이 RT-6520I,가스레인지,2년 사용했습니다. 외관 약간 흠집이며 고장 없음. 박스 및 구성품 있음.,188810,143495,0.24
린나이 CPBC611DJ,가스레인지,2년 사용했습니다. 외관 심한 흠집그리고 배터리 효율 낮음. 충전기 없음.,176080,100365,0.43
SK매직 GRA-BA301D,가스레인지,3년 사용했습니다. 상태 최상하지만 배터리 효율 낮음. 박스 및 구성품 있음.,229020,148863,0.35
린나이 RBR-PF3000,가스레인지,1년 사용했습니다. 외관 심한 흠집그리고 배터리 효율 낮음. 충전기 없음.,294960,197623,0.33
SK매직 뉴에코 GRA-851SR,가스레인지,5년 사용했습니다. 상태 양호하지만 화면 금 갔음. 추가 액세서리 포함.,128820,47663,0.63
린나이 RBR-S6201D,가스레인지,1년 사용했습니다. 외관 심한 흠집이며 작동 이상 없음. 충전기 없음.,180000,138600,0.23
린나이 RBR-P3511WD,가스레인지,2년 사용했습니다. 상태 최상하지만 배터리 효율 낮음. 정품 인증서 포함.,241400,183464,0.24
린나이 RBR-P2501D,가스레인지,1년 사용했습니다. 생활흔적 있음그리고 배터리 효율 낮음. 추가 액세서리 포함.,210750,162277,0.23
SK매직 뉴에코 GRA-910SR,가스레인지,1개월 사용했습니다. 생활흔적 있음그리고 화면 금 갔음. 박스 및 구성품 있음.,171700,133926,0.22
SK매직 GRA-F2NRH,가스레인지,5년 사용했습니다. 외관 약간 흠집그리고 화면 금 갔음. 추가 액세서리 포함.,116450,38428,0.67
린나이 GTA24SJ,가스레인지,4년 사용했습니다. 상태 양호하지만 액정 파손. 추가 액세서리 포함.,133400,56028,0.58
SK매직 뉴에코 GRA-841SR (GRA-841R),가스레인지,5년 사용했습니다. 생활흔적 있음그리고 액정 파손. 추가 액세서리 포함.,144000,38880,0.73
린나이 RBR-S3000,가스레인지,2년 사용했습니다. 상태 양호하지만 배터리 효율 낮음. 정품 인증서 포함.,218950,155454,0.29
하츠 GC-3605SDBH,가스레인지,거의 사용하지 않음. 생활흔적 있음그리고 생활 기스 있음. 추가 액세서리 포함.,135000,117450,0.13
린나이 RBR-S3603DIJ,가스레인지,거의 사용하지 않음. 상태 최상하지만 배터리 효율 낮음. 추가 액세서리 포함.,156710,141039,0.1
SK매직 GRA-B3FDD,가스레인지,2년 사용했습니다. 사용감 있음이며 고장 없음. 박스 없음.,126000,91980,0.27
린나이 RBR-S4000,가스레인지,3년 사용했습니다. 상태 최상이며 고장 없음.,260460,195345,0.25
SK매직 GRA-B3216D,가스레인지,4년 사용했습니다. 외관 심한 흠집이며 고장 없음. 정품 인증서 포함.,113920,58099,0.49
SK매직 GRA-B322K,가스레인지,6개월 사용했습니다. 상태 양호이며 작동 이상 없음. 추가 액세서리 포함.,174080,156672,0.1
린나이 RBR-P4400,가스레인지,거의 사용하지 않음. 외관 약간 흠집그리고 생활 기스 있음. 박스 없음.,436700,366828,0.16
린나이 RT-5102,가스레인지,1년 사용했습니다. 상태 최상이며 고장 없음. 박스 없음.,250380,225342,0.1
린나이 INBS301DJ,가스레인지,거의 사용하지 않음. 상태 최상하지만 액정 파손. 충전기 없음.,167350,128859,0.23
SK매직 GRAB221K,가스레인지,1개월 사용했습니다. 생활흔적 있음그리고 생활 기스 있음.,85440,75187,0.12
린나이 RBR-S3307DJ,가스레인지,5년 사용했습니다. 외관 약간 흠집그리고 액정 파손. 박스 및 구성품 있음.,158790,41285,0.74
린나이 RBR-S3001D,가스레인지,1년 사용했습니다. 생활흔적 있음그리고 액정 파손. 충전기 없음.,213600,132432,0.38
린나이 CTA22NJ,가스레인지,거의 사용하지 않음. 생활흔적 있음그리고 생활 기스 있음. 충전기 없음.,138600,113652,0.18
린나이 RT-1620I,가스레인지,거의 사용하지 않음. 생활흔적 있음이며 작동 이상 없음. 충전기 없음.,189730,165065,0.13
매직쉐프 MMW-W23FDHW,가스레인지,2년 사용했습니다. 사용감 있음그리고 액정 파손. 충전기 없음.,119960,62379,0.48
린나이 RT-1080IJ,가스레인지,1년 사용했습니다. 외관 약간 흠집그리고 배터리 효율 낮음. 추가 액세서리 포함.,128060,99886,0.22
린나이 INCP2032WJ,가스레인지,2년 사용했습니다. 상태 보통이며 고장 없음. 박스 및 구성품 있음.,143060,110156,0.23
SK매직 GRA-B3218D,가스레인지,4년 사용했습니다. 상태 최상하지만 화면 금 갔음. 박스 없음.,147990,71035,0.52
린나이 RT-6520I,가스레인지,2년 사용했습니다. 사용감 있음그리고 화면 금 갔음. 박스 없음.,188810,109509,0.42
린나이 CPBC611DJ,가스레인지,2년 사용했습니다. 생활흔적 있음그리고 배터리 효율 낮음. 정품 인증서 포함.,176080,116212,0.34
SK매직 GRA-BA301D,가스레인지,5년 사용했습니다. 상태 최상이며 고장 없음. 박스 없음.,229020,121380,0.47
린나이 RBR-PF3000,가스레인지,거의 사용하지 않음. 외관 심한 흠집그리고 생활 기스 있음. 충전기 없음.,294960,227119,0.23
SK매직 뉴에코 GRA-851SR,가스레인지,6개월 사용했습니다. 외관 심한 흠집그리고 배터리 효율 낮음.,128820,96615,0.25
린나이 RBR-S6201D,가스레인지,5년 사용했습니다. 상태 양호하지만 배터리 효율 낮음. 박스 없음.,180000,68400,0.62
린나이 RBR-P3511WD,가스레인지,5년 사용했습니다. 외관 약간 흠집이며 작동 이상 없음. 박스 및 구성품 있음.,241400,111043,0.54
린나이 RBR-P2501D,가스레인지,4년 사용했습니다. 상태 최상이며 작동 이상 없음. 충전기 없음.,210750,130665,0.38
SK매직 뉴에코 GRA-910SR,가스레인지,1개월 사용했습니다. 외관 약간 흠집이며 작동 이상 없음. 박스 없음.,171700,154530,0.1
SK매직 GRA-F2NRH,가스레인지,거의 사용하지 않음. 상태 최상하지만 화면 금 갔음.,116450,98982,0.15
린나이 GTA24SJ,가스레인지,3년 사용했습니다. 상태 최상이며 고장 없음. 박스 및 구성품 있음.,133400,100050,0.25
SK매직 뉴에코 GRA-841SR (GRA-841R),가스레인지,3년 사용했습니다. 외관 약간 흠집이며 작동 이상 없음.,144000,95039,0.34
린나이 RBR-S3000,가스레인지,4년 사용했습니다. 생활흔적 있음이며 작동 이상 없음. 추가 액세서리 포함.,218950,124801,0.43
하츠 GC-3605SDBH,가스레인지,6개월 사용했습니다. 생활흔적 있음그리고 화면 금 갔음. 박스 및 구성품 있음.,135000,101250,0.25
린나이 RBR-S3603DIJ,가스레인지,6개월 사용했습니다. 상태 최상하지만 액정 파손. 충전기 없음.,156710,120666,0.23
SK매직 GRA-B3FDD,가스레인지,6개월 사용했습니다. 사용감 있음이며 고장 없음. 추가 액세서리 포함.,126000,113400,0.1
린나이 RBR-S4000,가스레인지,5년 사용했습니다. 상태 양호하지만 배터리 효율 낮음. 박스 없음.,260460,98974,0.62
SK매직 GRA-B3216D,가스레인지,2년 사용했습니다. 사용감 있음그리고 화면 금 갔음. 박스 없음.,113920,66073,0.42
SK매직 GRA-B322K,가스레인지,1개월 사용했습니다. 상태 최상하지만 화면 금 갔음. 충전기 없음.,174080,147968,0.15
린나이 RBR-P4400,가스레인지,6개월 사용했습니다. 사용감 있음그리고 액정 파손. 박스 및 구성품 있음.,436700,305690,0.3
린나이 RT-5102,가스레인지,거의 사용하지 않음. 상태 양호하지만 화면 금 갔음. 박스 및 구성품 있음.,250380,200304,0.2
린나이 INBS301DJ,가스레인지,1개월 사용했습니다. 상태 최상하지만 액정 파손. 박스 없음.,167350,135553,0.19
SK매직 GRAB221K,가스레인지,1년 사용했습니다. 상태 보통그리고 생활 기스 있음. 충전기 없음.,85440,67497,0.21
린나이 RBR-S3307DJ,가스레인지,2년 사용했습니다. 상태 보통그리고 생활 기스 있음. 박스 없음.,158790,111153,0.3
린나이 RBR-S3001D,가스레인지,1년 사용했습니다. 생활흔적 있음그리고 화면 금 갔음.,213600,149520,0.3
린나이 CTA22NJ,가스레인지,1개월 사용했습니다. 상태 양호하지만 배터리 효율 낮음. 박스 없음.,138600,119196,0.14
린나이 RT-1620I,가스레인지,1년 사용했습니다. 상태 최상하지만 생활 기스 있음. 충전기 없음.,189730,165065,0.13
매직쉐프 MMW-W23FDHW,가스레인지,1개월 사용했습니다. 외관 심한 흠집그리고 배터리 효율 낮음. 박스 및 구성품 있음.,119960,93568,0.22
린나이 RT-1080IJ,가스레인지,거의 사용하지 않음. 외관 심한 흠집그리고 배터리 효율 낮음. 박스 없음.,128060,93483,0.27
린나이 INCP2032WJ,가스레인지,6개월 사용했습니다. 상태 최상하지만 배터리 효율 낮음. 박스 및 구성품 있음.,143060,128754,0.1
SK매직 GRA-B3218D,가스레인지,3년 사용했습니다. 상태 양호하지만 액정 파손. 추가 액세서리 포함.,147990,76954,0.48
린나이 RT-6520I,가스레인지,거의 사용하지 않음. 사용감 있음그리고 생활 기스 있음. 박스 및 구성품 있음.,188810,160488,0.15
린나이 CPBC611DJ,가스레인지,1개월 사용했습니다. 외관 심한 흠집이며 작동 이상 없음. 박스 없음.,176080,151428,0.14
SK매직 GRA-BA301D,가스레인지,6개월 사용했습니다. 생활흔적 있음이며 작동 이상 없음.,229020,206118,0.1
린나이 RBR-PF3000,가스레인지,4년 사용했습니다. 상태 최상이며 고장 없음. 충전기 없음.,294960,182875,0.38
SK매직 뉴에코 GRA-851SR,가스레인지,1개월 사용했습니다. 상태 보통이며 작동 이상 없음.,128820,115938,0.1
린나이 RBR-S6201D,가스레인지,3년 사용했습니다. 외관 약간 흠집이며 고장 없음. 충전기 없음.,180000,113400,0.37
린나이 RBR-P3511WD,가스레인지,4년 사용했습니다. 외관 약간 흠집그리고 생활 기스 있음.,241400,123114,0.49
린나이 RBR-P2501D,가스레인지,2년 사용했습니다. 외관 심한 흠집이며 작동 이상 없음. 박스 없음.,210750,143310,0.32
SK매직 뉴에코 GRA-910SR,가스레인지,1개월 사용했습니다. 생활흔적 있음그리고 배터리 효율 낮음. 충전기 없음.,171700,137360,0.2
SK매직 GRA-F2NRH,가스레인지,5년 사용했습니다. 상태 최상이며 고장 없음. 정품 인증서 포함.,116450,65212,0.44
린나이 GTA24SJ,가스레인지,3년 사용했습니다. 상태 보통그리고 배터리 효율 낮음. 추가 액세서리 포함.,133400,78706,0.41
SK매직 뉴에코 GRA-841SR (GRA-841R),가스레인지,거의 사용하지 않음. 상태 최상하지만 배터리 효율 낮음. 충전기 없음.,144000,125280,0.13
린나이 RBR-S3000,가스레인지,4년 사용했습니다. 상태 최상이며 고장 없음. 박스 및 구성품 있음.,218950,142317,0.35
하츠 GC-3605SDBH,가스레인지,1년 사용했습니다. 외관 심한 흠집그리고 화면 금 갔음. 충전기 없음.,135000,83700,0.38
린나이 RBR-S3603DIJ,가스레인지,4년 사용했습니다. 생활흔적 있음그리고 액정 파손. 충전기 없음.,156710,50147,0.68
SK매직 GRA-B3FDD,가스레인지,2년 사용했습니다. 상태 최상이며 작동 이상 없음. 충전기 없음.,126000,103320,0.18
린나이 RBR-S4000,가스레인지,4년 사용했습니다. 외관 약간 흠집이며 작동 이상 없음. 충전기 없음.,260460,138043,0.47
SK매직 GRA-B3216D,가스레인지,6개월 사용했습니다. 외관 약간 흠집이며 고장 없음. 충전기 없음.,113920,100249,0.12
SK매직 GRA-B322K,가스레인지,3년 사용했습니다. 사용감 있음그리고 생활 기스 있음. 박스 및 구성품 있음.,174080,104448,0.4
린나이 RBR-P4400,가스레인지,2년 사용했습니다. 상태 보통이며 고장 없음. 정품 인증서 포함.,436700,340626,0.22
린나이 RT-5102,가스레인지,2년 사용했습니다. 사용감 있음이며 작동 이상 없음. 충전기 없음.,250380,180273,0.28
린나이 INBS301DJ,가스레인지,6개월 사용했습니다. 외관 심한 흠집그리고 화면 금 갔음. 정품 인증서 포함.,167350,118818,0.29
SK매직 GRAB221K,가스레인지,3년 사용했습니다. 사용감 있음이며 고장 없음.,85440,55536,0.35
린나이 RBR-S3307DJ,가스레인지,6개월 사용했습니다. 상태 보통그리고 배터리 효율 낮음. 충전기 없음.,158790,125444,0.21
린나이 RBR-S3001D,가스레인지,거의 사용하지 않음. 상태 양호하지만 배터리 효율 낮음. 정품 인증서 포함.,213600,183696,0.14
린나이 CTA22NJ,가스레인지,6개월 사용했습니다. 상태 최상하지만 배터리 효율 낮음. 박스 및 구성품 있음.,138600,124740,0.1
린나이 RT-1620I,가스레인지,5년 사용했습니다. 사용감 있음그리고 배터리 효율 낮음. 박스 및 구성품 있음.,189730,66405,0.65
매직쉐프 MMW-W23FDHW,가스레인지,2년 사용했습니다. 사용감 있음이며 고장 없음. 추가 액세서리 포함.,119960,92369,0.23
린나이 RT-1080IJ,가스레인지,1년 사용했습니다. 상태 보통이며 작동 이상 없음. 추가 액세서리 포함.,128060,113973,0.11
린나이 INCP2032WJ,가스레인지,거의 사용하지 않음. 외관 심한 흠집그리고 액정 파손. 추가 액세서리 포함.,143060,95850,0.33
SK매직 GRA-B3218D,가스레인지,4년 사용했습니다. 상태 양호이며 작동 이상 없음. 박스 없음.,147990,85834,0.42
린나이 RT-6520I,가스레인지,거의 사용하지 않음. 생활흔적 있음그리고 화면 금 갔음. 박스 및 구성품 있음.,188810,141607,0.25
린나이 CPBC611DJ,가스레인지,3년 사용했습니다. 상태 양호하지만 배터리 효율 낮음. 추가 액세서리 포함.,176080,109169,0.38
SK매직 GRA-BA301D,가스레인지,1개월 사용했습니다. 생활흔적 있음그리고 배터리 효율 낮음. 정품 인증서 포함.,229020,192376,0.16
린나이 RBR-PF3000,가스레인지,거의 사용하지 않음. 상태 보통그리고 생활 기스 있음. 박스 없음.,294960,250716,0.15
SK매직 뉴에코 GRA-851SR,가스레인지,거의 사용하지 않음. 생활흔적 있음이며 고장 없음. 충전기 없음.,128820,112073,0.13
린나이 RBR-S6201D,가스레인지,3년 사용했습니다. 사용감 있음그리고 생활 기스 있음. 충전기 없음.,180000,102600,0.43
린나이 RBR-P3511WD,가스레인지,6개월 사용했습니다. 외관 약간 흠집그리고 화면 금 갔음. 박스 및 구성품 있음.,241400,183464,0.24
린나이 RBR-P2501D,가스레인지,5년 사용했습니다. 생활흔적 있음그리고 화면 금 갔음.,210750,63225,0.7
SK매직 뉴에코 GRA-910SR,가스레인지,3년 사용했습니다. 상태 양호하지만 배터리 효율 낮음. 박스 없음.,171700,99586,0.42
SK매직 GRA-F2NRH,가스레인지,1개월 사용했습니다. 생활흔적 있음그리고 화면 금 갔음.,116450,90831,0.22
린나이 GTA24SJ,가스레인지,1년 사용했습니다. 상태 최상하지만 생활 기스 있음. 박스 없음.,133400,117392,0.12
SK매직 뉴에코 GRA-841SR (GRA-841R),가스레인지,1개월 사용했습니다. 상태 보통그리고 화면 금 갔음. 박스 없음.,144000,112320,0.22
린나이 RBR-S3000,가스레인지,4년 사용했습니다. 외관 약간 흠집이며 고장 없음. 충전기 없음.,218950,116043,0.47
하츠 GC-3605SDBH,가스레인지,4년 사용했습니다. 외관 약간 흠집그리고 생활 기스 있음. 정품 인증서 포함.,135000,70200,0.48
린나이 RBR-S3603DIJ,가스레인지,거의 사용하지 않음. 사용감 있음그리고 화면 금 갔음. 충전기 없음.,156710,112831,0.28
SK매직 GRA-B3FDD,가스레인지,4년 사용했습니다. 상태 보통그리고 생활 기스 있음. 충전기 없음.,126000,61740,0.51
린나이 RBR-S4000,가스레인지,5년 사용했습니다. 상태 최상하지만 액정 파손. 추가 액세서리 포함.,260460,96370,0.63
SK매직 GRA-B3216D,가스레인지,3년 사용했습니다. 상태 양호하지만 배터리 효율 낮음. 박스 및 구성품 있음.,113920,68352,0.4
SK매직 GRA-B322K,가스레인지,1개월 사용했습니다. 상태 최상이며 고장 없음. 충전기 없음.,174080,156672,0.1
린나이 RBR-P4400,가스레인지,2년 사용했습니다. 상태 양호하지만 생활 기스 있음. 충전기 없음.,436700,314424,0.28
린나이 RT-5102,가스레인지,5년 사용했습니다. 상태 최상이며 고장 없음. 충전기 없음.,250380,130197,0.48
린나이 INBS301DJ,가스레인지,5년 사용했습니다. 사용감 있음그리고 생활 기스 있음. 박스 및 구성품 있음.,167350,66940,0.6
SK매직 GRAB221K,가스레인지,3년 사용했습니다. 상태 최상이며 고장 없음. 박스 및 구성품 있음.,85440,64080,0.25
린나이 RBR-S3307DJ,가스레인지,4년 사용했습니다. 상태 양호하지만 화면 금 갔음. 충전기 없음.,158790,66691,0.58
린나이 RBR-S3001D,가스레인지,1년 사용했습니다. 생활흔적 있음그리고 배터리 효율 낮음. 추가 액세서리 포함.,213600,164472,0.23
린나이 CTA22NJ,가스레인지,2년 사용했습니다. 상태 보통그리고 액정 파손. 정품 인증서 포함.,138600,80388,0.42
린나이 RT-1620I,가스레인지,6개월 사용했습니다. 상태 최상하지만 생활 기스 있음.,189730,170757,0.1
매직쉐프 MMW-W23FDHW,가스레인지,1개월 사용했습니다. 사용감 있음이며 작동 이상 없음. 박스 없음.,119960,107964,0.1
린나이 RT-1080IJ,가스레인지,4년 사용했습니다. 생활흔적 있음그리고 화면 금 갔음. 충전기 없음.,128060,47382,0.63
린나이 INCP2032WJ,가스레인지,5년 사용했습니다. 사용감 있음이며 작동 이상 없음. 추가 액세서리 포함.,143060,67238,0.53
SK매직 GRA-B3218D,가스레인지,2년 사용했습니다. 생활흔적 있음이며 고장 없음.,147990,110992,0.25
린나이 RT-6520I,가스레인지,4년 사용했습니다. 상태 양호하지만 배터리 효율 낮음. 충전기 없음.,188810,88740,0.53
린나이 CPBC611DJ,가스레인지,1개월 사용했습니다. 외관 심한 흠집그리고 생활 기스 있음. 충전기 없음.,176080,140864,0.2
SK매직 GRA-BA301D,가스레인지,5년 사용했습니다. 사용감 있음그리고 배터리 효율 낮음. 박스 없음.,229020,75576,0.67
린나이 RBR-PF3000,가스레인지,5년 사용했습니다. 생활흔적 있음그리고 생활 기스 있음. 박스 및 구성품 있음.,294960,117984,0.6
SK매직 뉴에코 GRA-851SR,가스레인지,2년 사용했습니다. 상태 최상하지만 액정 파손. 정품 인증서 포함.,128820,85021,0.34
린나이 RBR-S6201D,가스레인지,2년 사용했습니다. 외관 심한 흠집그리고 화면 금 갔음.,180000,99000,0.45
린나이 RBR-P3511WD,가스레인지,2년 사용했습니다. 상태 양호하지만 배터리 효율 낮음. 박스 및 구성품 있음.,241400,168980,0.3
린나이 RBR-P2501D,가스레인지,1개월 사용했습니다. 생활흔적 있음그리고 화면 금 갔음.,210750,164385,0.22
SK매직 뉴에코 GRA-910SR,가스레인지,1년 사용했습니다. 상태 보통이며 고장 없음. 박스 및 구성품 있음.,171700,149379,0.13
SK매직 GRA-F2NRH,가스레인지,거의 사용하지 않음. 외관 심한 흠집그리고 액정 파손. 충전기 없음.,116450,72199,0.38
린나이 GTA24SJ,가스레인지,2년 사용했습니다. 상태 보통그리고 화면 금 갔음. 충전기 없음.,133400,78706,0.41
SK매직 뉴에코 GRA-841SR (GRA-841R),가스레인지,2년 사용했습니다. 생활흔적 있음이며 고장 없음. 추가 액세서리 포함.,144000,110880,0.23
린나이 RBR-S3000,가스레인지,3년 사용했습니다. 생활흔적 있음그리고 액정 파손. 정품 인증서 포함.,218950,100716,0.54
하츠 GC-3605SDBH,가스레인지,거의 사용하지 않음. 사용감 있음그리고 배터리 효율 낮음. 정품 인증서 포함.,135000,109350,0.19
린나이 RBR-S3603DIJ,가스레인지,2년 사용했습니다. 외관 심한 흠집그리고 액정 파손. 박스 및 구성품 있음.,156710,78355,0.5
SK매직 GRA-B3FDD,가스레인지,거의 사용하지 않음. 상태 양호이며 작동 이상 없음. 정품 인증서 포함.,126000,113400,0.1
린나이 RBR-S4000,가스레인지,6개월 사용했습니다. 외관 약간 흠집그리고 화면 금 갔음. 박스 및 구성품 있음.,260460,197949,0.24
SK매직 GRA-B3216D,가스레인지,5년 사용했습니다. 상태 보통그리고 배터리 효율 낮음. 충전기 없음.,113920,38732,0.66
SK매직 GRA-B322K,가스레인지,5년 사용했습니다. 외관 약간 흠집그리고 배터리 효율 낮음. 충전기 없음.,174080,57446,0.67
린나이 RBR-P4400,가스레인지,3년 사용했습니다. 사용감 있음이며 고장 없음. 정품 인증서 포함.,436700,288221,0.34
린나이 RT-5102,가스레인지,4년 사용했습니다. 외관 심한 흠집그리고 화면 금 갔음. 박스 및 구성품 있음.,250380,87633,0.65
린나이 INBS301DJ,가스레인지,거의 사용하지 않음. 상태 최상이며 고장 없음. 박스 없음.,167350,150615,0.1
SK매직 GRAB221K,가스레인지,3년 사용했습니다. 상태 양호하지만 화면 금 갔음.,85440,46992,0.45
린나이 RBR-S3307DJ,가스레인지,거의 사용하지 않음. 사용감 있음이며 작동 이상 없음. 박스 및 구성품 있음.,158790,142911,0.1
린나이 RBR-S3001D,가스레인지,5년 사용했습니다. 상태 보통그리고 생활 기스 있음. 충전기 없음.,213600,83304,0.61
린나이 CTA22NJ,가스레인지,1개월 사용했습니다. 외관 약간 흠집그리고 배터리 효율 낮음. 추가 액세서리 포함.,138600,119196,0.14
린나이 RT-1620I,가스레인지,3년 사용했습니다. 외관 약간 흠집그리고 생활 기스 있음. 충전기 없음.,189730,110043,0.42
매직쉐프 MMW-W23FDHW,가스레인지,2년 사용했습니다. 상태 보통이며 작동 이상 없음.,119960,92369,0.23
린나이 RT-1080IJ,가스레인지,1년 사용했습니다. 상태 최상하지만 생활 기스 있음.,128060,115254,0.1
린나이 INCP2032WJ,가스레인지,4년 사용했습니다. 상태 최상이며 고장 없음. 박스 및 구성품 있음.,143060,92989,0.35
SK매직 GRA-B3218D,가스레인지,6개월 사용했습니다. 상태 양호하지만 화면 금 갔음. 충전기 없음.,147990,113952,0.23
린나이 RT-6520I,가스레인지,1년 사용했습니다. 사용감 있음이며 고장 없음. 충전기 없음.,188810,154824,0.18
린나이 CPBC611DJ,가스레인지,3년 사용했습니다. 외관 심한 흠집그리고 액정 파손. 박스 없음.,176080,66910,0.62
SK매직 GRA-BA301D,가스레인지,3년 사용했습니다. 상태 양호하지만 액정 파손. 박스 없음.,229020,109929,0.52
린나이 RBR-PF3000,가스레인지,1개월 사용했습니다. 외관 심한 흠집그리고 액정 파손. 정품 인증서 포함.,294960,203522,0.31
SK매직 뉴에코 GRA-851SR,가스레인지,5년 사용했습니다. 상태 최상하지만 배터리 효율 낮음. 정품 인증서 포함.,128820,59257,0.54
린나이 RBR-S6201D,가스레인지,1년 사용했습니다. 외관 약간 흠집그리고 생활 기스 있음. 박스 없음.,180000,142200,0.21
린나이 RBR-P3511WD,가스레인지,3년 사용했습니다. 생활흔적 있음그리고 생활 기스 있음. 정품 인증서 포함.,241400,147254,0.39
린나이 RBR-P2501D,가스레인지,4년 사용했습니다. 사용감 있음그리고 화면 금 갔음. 충전기 없음.,210750,77977,0.63
SK매직 뉴에코 GRA-910SR,가스레인지,1년 사용했습니다. 상태 최상하지만 액정 파손. 박스 없음.,171700,125341,0.27
SK매직 GRA-F2NRH,가스레인지,1년 사용했습니다. 상태 보통그리고 액정 파손. 박스 없음.,116450,75692,0.35
린나이 GTA24SJ,가스레인지,1개월 사용했습니다. 외관 심한 흠집그리고 배터리 효율 낮음. 박스 없음.,133400,101384,0.24
SK매직 뉴에코 GRA-841SR (GRA-841R),가스레인지,1개월 사용했습니다. 상태 보통이며 고장 없음.,144000,129600,0.1
린나이 RBR-S3000,가스레인지,4년 사용했습니다. 생활흔적 있음그리고 배터리 효율 낮음. 박스 없음.,218950,94148,0.57
하츠 GC-3605SDBH,가스레인지,2년 사용했습니다. 외관 심한 흠집그리고 생활 기스 있음. 정품 인증서 포함.,135000,89099,0.34
린나이 RBR-S3603DIJ,가스레인지,1년 사용했습니다. 상태 양호하지만 생활 기스 있음.,156710,133203,0.15
SK매직 GRA-B3FDD,가스레인지,4년 사용했습니다. 생활흔적 있음그리고 생활 기스 있음. 추가 액세서리 포함.,126000,65520,0.48
린나이 RBR-S4000,가스레인지,2년 사용했습니다. 외관 심한 흠집그리고 배터리 효율 낮음.,260460,156276,0.4
SK매직 GRA-B3216D,가스레인지,4년 사용했습니다. 생활흔적 있음이며 고장 없음. 박스 없음.,113920,60377,0.47
SK매직 GRA-B322K,가스레인지,거의 사용하지 않음. 외관 약간 흠집그리고 화면 금 갔음. 박스 및 구성품 있음.,174080,132300,0.24
린나이 RBR-P4400,가스레인지,1개월 사용했습니다. 상태 최상하지만 생활 기스 있음. 정품 인증서 포함.,436700,393030,0.1
린나이 RT-5102,가스레인지,1년 사용했습니다. 생활흔적 있음그리고 배터리 효율 낮음. 정품 인증서 포함.,250380,190288,0.24
린나이 INBS301DJ,가스레인지,1개월 사용했습니다. 사용감 있음그리고 배터리 효율 낮음. 박스 없음.,167350,135553,0.19
SK매직 GRAB221K,가스레인지,5년 사용했습니다. 상태 보통그리고 생활 기스 있음. 박스 없음.,85440,34176,0.6
린나이 RBR-S3307DJ,가스레인지,5년 사용했습니다. 사용감 있음그리고 생활 기스 있음.,158790,63516,0.6
린나이 RBR-S3001D,가스레인지,6개월 사용했습니다. 외관 심한 흠집그리고 생활 기스 있음.,213600,170880,0.2
린나이 CTA22NJ,가스레인지,2년 사용했습니다. 상태 양호이며 고장 없음.,138600,110880,0.2
린나이 RT-1620I,가스레인지,2년 사용했습니다. 생활흔적 있음이며 작동 이상 없음. 박스 없음.,189730,138502,0.27
매직쉐프 MMW-W23FDHW,가스레인지,거의 사용하지 않음. 외관 심한 흠집그리고 액정 파손. 정품 인증서 포함.,119960,79173,0.34
린나이 RT-1080IJ,가스레인지,2년 사용했습니다. 외관 약간 흠집그리고 액정 파손. 충전기 없음.,128060,67871,0.47
린나이 INCP2032WJ,가스레인지,6개월 사용했습니다. 외관 심한 흠집그리고 생활 기스 있음. 충전기 없음.,143060,110156,0.23
SK매직 GRA-B3218D,가스레인지,6개월 사용했습니다. 상태 양호하지만 생활 기스 있음. 박스 없음.,147990,130231,0.12
린나이 RT-6520I,가스레인지,1개월 사용했습니다. 사용감 있음그리고 생활 기스 있음. 충전기 없음.,188810,160488,0.15
린나이 CPBC611DJ,가스레인지,거의 사용하지 않음. 상태 최상하지만 생활 기스 있음. 박스 및 구성품 있음.,176080,158472,0.1
SK매직 GRA-BA301D,가스레인지,3년 사용했습니다. 상태 양호하지만 배터리 효율 낮음.,229020,137412,0.4
린나이 RBR-PF3000,가스레인지,1개월 사용했습니다. 상태 보통그리고 액정 파손. 추가 액세서리 포함.,294960,227119,0.23
SK매직 뉴에코 GRA-851SR,가스레인지,5년 사용했습니다. 상태 양호하지만 화면 금 갔음. 추가 액세서리 포함.,128820,47663,0.63
린나이 RBR-S6201D,가스레인지,거의 사용하지 않음. 외관 심한 흠집이며 작동 이상 없음. 추가 액세서리 포함.,180000,156600,0.13
린나이 RBR-P3511WD,가스레인지,1개월 사용했습니다. 생활흔적 있음그리고 화면 금 갔음. 박스 없음.,241400,183464,0.24
린나이 RBR-P2501D,가스레인지,6개월 사용했습니다. 상태 보통그리고 생활 기스 있음. 박스 및 구성품 있음.,210750,183352,0.13
SK매직 뉴에코 GRA-910SR,가스레인지,1년 사용했습니다. 외관 약간 흠집이며 고장 없음. 박스 및 구성품 있음.,171700,147662,0.14
SK매직 GRA-F2NRH,가스레인지,4년 사용했습니다. 상태 양호하지만 액정 파손. 정품 인증서 포함.,116450,47744,0.59
린나이 GTA24SJ,가스레인지,2년 사용했습니다. 생활흔적 있음그리고 액정 파손. 충전기 없음.,133400,69368,0.48
SK매직 뉴에코 GRA-841SR (GRA-841R),가스레인지,3년 사용했습니다. 상태 보통이며 작동 이상 없음. 추가 액세서리 포함.,144000,99359,0.31
린나이 RBR-S3000,가스레인지,4년 사용했습니다. 생활흔적 있음이며 고장 없음. 박스 없음.,218950,116043,0.47
하츠 GC-3605SDBH,가스레인지,거의 사용하지 않음. 사용감 있음그리고 액정 파손. 박스 없음.,135000,91799,0.32
린나이 RBR-S3603DIJ,가스레인지,6개월 사용했습니다. 외관 심한 흠집그리고 배터리 효율 낮음. 추가 액세서리 포함.,156710,120666,0.23
SK매직 GRA-B3FDD,가스레인지,3년 사용했습니다. 사용감 있음이며 작동 이상 없음. 추가 액세서리 포함.,126000,84419,0.33
린나이 RBR-S4000,가스레인지,6개월 사용했습니다. 상태 보통그리고 배터리 효율 낮음. 추가 액세서리 포함.,260460,218786,0.16
SK매직 GRA-B3216D,가스레인지,4년 사용했습니다. 외관 심한 흠집그리고 액정 파손. 박스 없음.,113920,31897,0.72
SK매직 GRA-B322K,가스레인지,5년 사용했습니다. 상태 보통그리고 화면 금 갔음. 추가 액세서리 포함.,174080,59187,0.66
린나이 RBR-P4400,가스레인지,5년 사용했습니다. 외관 약간 흠집그리고 생활 기스 있음. 정품 인증서 포함.,436700,183414,0.58
린나이 RT-5102,가스레인지,6개월 사용했습니다. 외관 약간 흠집그리고 생활 기스 있음. 박스 없음.,250380,210319,0.16
린나이 INBS301DJ,가스레인지,2년 사용했습니다. 상태 양호이며 작동 이상 없음. 정품 인증서 포함.,167350,135553,0.19
SK매직 GRAB221K,가스레인지,6개월 사용했습니다. 생활흔적 있음그리고 배터리 효율 낮음. 박스 없음.,85440,66643,0.22
린나이 RBR-S3307DJ,가스레인지,6개월 사용했습니다. 생활흔적 있음그리고 화면 금 갔음. 박스 없음.,158790,115916,0.27
린나이 RBR-S3001D,가스레인지,2년 사용했습니다. 사용감 있음그리고 생활 기스 있음. 충전기 없음.,213600,143111,0.33
린나이 CTA22NJ,가스레인지,2년 사용했습니다. 사용감 있음그리고 생활 기스 있음.,138600,97020,0.3
린나이 RT-1620I,가스레인지,6개월 사용했습니다. 상태 보통그리고 화면 금 갔음. 추가 액세서리 포함.,189730,149886,0.21
매직쉐프 MMW-W23FDHW,가스레인지,5년 사용했습니다. 생활흔적 있음그리고 배터리 효율 낮음. 박스 없음.,119960,39586,0.67
린나이 RT-1080IJ,가스레인지,6개월 사용했습니다. 생활흔적 있음이며 작동 이상 없음. 정품 인증서 포함.,128060,115254,0.1
린나이 INCP2032WJ,가스레인지,1개월 사용했습니다. 상태 최상이며 작동 이상 없음. 박스 및 구성품 있음.,143060,128754,0.1
SK매직 GRA-B3218D,가스레인지,5년 사용했습니다. 상태 최상하지만 액정 파손. 박스 및 구성품 있음.,147990,51796,0.65
린나이 RT-6520I,가스레인지,1년 사용했습니다. 상태 최상하지만 화면 금 갔음. 충전기 없음.,188810,145383,0.23
린나이 CPBC611DJ,가스레인지,6개월 사용했습니다. 생활흔적 있음이며 작동 이상 없음. 충전기 없음.,176080,153189,0.13
SK매직 GRA-BA301D,가스레인지,3년 사용했습니다. 사용감 있음그리고 생활 기스 있음. 박스 없음.,229020,132831,0.42
린나이 RBR-PF3000,가스레인지,1개월 사용했습니다. 사용감 있음그리고 화면 금 갔음. 박스 없음.,294960,224169,0.24
SK매직 뉴에코 GRA-851SR,가스레인지,거의 사용하지 않음. 외관 약간 흠집그리고 화면 금 갔음. 박스 및 구성품 있음.,128820,97903,0.24
린나이 RBR-S6201D,가스레인지,4년 사용했습니다. 상태 양호하지만 화면 금 갔음. 추가 액세서리 포함.,180000,84600,0.53
린나이 RBR-P3511WD,가스레인지,4년 사용했습니다. 상태 양호이며 작동 이상 없음. 정품 인증서 포함.,241400,147254,0.39
린나이 RBR-P2501D,가스레인지,6개월 사용했습니다. 외관 약간 흠집그리고 배터리 효율 낮음. 충전기 없음.,210750,164385,0.22
SK매직 뉴에코 GRA-910SR,가스레인지,1년 사용했습니다. 사용감 있음그리고 생활 기스 있음. 충전기 없음.,171700,132209,0.23
SK매직 GRA-F2NRH,가스레인지,2년 사용했습니다. 생활흔적 있음그리고 배터리 효율 낮음. 추가 액세서리 포함.,116450,78021,0.33
린나이 GTA24SJ,가스레인지,1개월 사용했습니다. 사용감 있음그리고 화면 금 갔음.,133400,104052,0.22
SK매직 뉴에코 GRA-841SR (GRA-841R),가스레인지,2년 사용했습니다. 외관 심한 흠집그리고 액정 파손.,144000,72000,0.5
린나이 RBR-S3000,가스레인지,1년 사용했습니다. 상태 양호이며 작동 이상 없음. 박스 없음.,218950,192676,0.12
하츠 GC-3605SDBH,가스레인지,4년 사용했습니다. 외관 약간 흠집그리고 액정 파손. 정품 인증서 포함.,135000,49950,0.63
린나이 RBR-S3603DIJ,가스레인지,5년 사용했습니다. 외관 심한 흠집그리고 액정 파손. 추가 액세서리 포함.,156710,34476,0.78
SK매직 GRA-B3FDD,가스레인지,2년 사용했습니다. 사용감 있음그리고 생활 기스 있음. 정품 인증서 포함.,126000,89460,0.29
린나이 RBR-S4000,가스레인지,6개월 사용했습니다. 상태 양호이며 작동 이상 없음.,260460,234414,0.1
SK매직 GRA-B3216D,가스레인지,3년 사용했습니다. 외관 약간 흠집그리고 생활 기스 있음.,113920,69491,0.39
SK매직 GRA-B322K,가스레인지,1년 사용했습니다. 외관 약간 흠집그리고 생활 기스 있음. 박스 없음.,174080,137523,0.21
린나이 RBR-P4400,가스레인지,거의 사용하지 않음. 외관 심한 흠집이며 작동 이상 없음. 박스 및 구성품 있음.,436700,371195,0.15
린나이 RT-5102,가스레인지,1개월 사용했습니다. 외관 약간 흠집그리고 생활 기스 있음.,250380,222838,0.11
린나이 INBS301DJ,가스레인지,1년 사용했습니다. 상태 양호하지만 화면 금 갔음. 추가 액세서리 포함.,167350,128859,0.23
SK매직 GRAB221K,가스레인지,거의 사용하지 않음. 외관 심한 흠집이며 고장 없음. 박스 없음.,85440,70915,0.17
린나이 RBR-S3307DJ,가스레인지,2년 사용했습니다. 외관 약간 흠집그리고 생활 기스 있음. 충전기 없음.,158790,107977,0.32
린나이 RBR-S3001D,가스레인지,3년 사용했습니다. 상태 보통그리고 액정 파손. 충전기 없음.,213600,93983,0.56
린나이 CTA22NJ,가스레인지,4년 사용했습니다. 상태 양호이며 고장 없음. 정품 인증서 포함.,138600,84546,0.39
린나이 RT-1620I,가스레인지,1개월 사용했습니다. 상태 보통이며 고장 없음. 추가 액세서리 포함.,189730,170757,0.1
매직쉐프 MMW-W23FDHW,가스레인지,거의 사용하지 않음. 생활흔적 있음그리고 액정 파손. 박스 및 구성품 있음.,119960,83972,0.3
린나이 RT-1080IJ,가스레인지,1개월 사용했습니다. 생활흔적 있음그리고 배터리 효율 낮음. 정품 인증서 포함.,128060,107570,0.16
린나이 INCP2032WJ,가스레인지,5년 사용했습니다. 상태 최상하지만 배터리 효율 낮음. 충전기 없음.,143060,60085,0.58
SK매직 GRA-B3218D,가스레인지,거의 사용하지 않음. 상태 최상하지만 화면 금 갔음. 박스 및 구성품 있음.,147990,125791,0.15
린나이 RT-6520I,가스레인지,4년 사용했습니다. 상태 최상하지만 화면 금 갔음. 추가 액세서리 포함.,188810,98181,0.48
린나이 CPBC611DJ,가스레인지,6개월 사용했습니다. 상태 양호하지만 생활 기스 있음.,176080,158472,0.1
SK매직 GRA-BA301D,가스레인지,6개월 사용했습니다. 상태 최상하지만 화면 금 갔음. 박스 없음.,229020,190086,0.17
린나이 RBR-PF3000,가스레인지,1년 사용했습니다. 상태 양호하지만 화면 금 갔음. 정품 인증서 포함.,294960,224169,0.24
SK매직 뉴에코 GRA-851SR,가스레인지,5년 사용했습니다. 외관 심한 흠집그리고 배터리 효율 낮음. 충전기 없음.,128820,34781,0.73
린나이 RBR-S6201D,가스레인지,3년 사용했습니다. 외관 약간 흠집이며 작동 이상 없음. 추가 액세서리 포함.,180000,122399,0.32
린나이 RBR-P3511WD,가스레인지,거의 사용하지 않음. 외관 약간 흠집이며 작동 이상 없음. 충전기 없음.,241400,212432,0.12
린나이 RBR-P2501D,가스레인지,1년 사용했습니다. 외관 약간 흠집그리고 화면 금 갔음. 정품 인증서 포함.,210750,151740,0.28
SK매직 뉴에코 GRA-910SR,가스레인지,거의 사용하지 않음. 외관 심한 흠집그리고 생활 기스 있음. 추가 액세서리 포함.,171700,140794,0.18
SK매직 GRA-F2NRH,가스레인지,3년 사용했습니다. 상태 최상하지만 화면 금 갔음.,116450,69870,0.4
린나이 GTA24SJ,가스레인지,4년 사용했습니다. 상태 양호하지만 생활 기스 있음. 박스 없음.,133400,70702,0.47
SK매직 뉴에코 GRA-841SR (GRA-841R),가스레인지,거의 사용하지 않음. 상태 최상하지만 액정 파손. 정품 인증서 포함.,144000,116640,0.19
린나이 RBR-S3000,가스레인지,5년 사용했습니다. 외관 약간 흠집그리고 생활 기스 있음. 충전기 없음.,218950,83201,0.62
하츠 GC-3605SDBH,가스레인지,3년 사용했습니다. 외관 약간 흠집그리고 배터리 효율 낮음. 추가 액세서리 포함.,135000,78300,0.42
린나이 RBR-S3603DIJ,가스레인지,거의 사용하지 않음. 외관 심한 흠집이며 고장 없음. 정품 인증서 포함.,156710,134770,0.14
SK매직 GRA-B3FDD,가스레인지,3년 사용했습니다. 상태 보통그리고 액정 파손. 충전기 없음.,126000,55439,0.56
린나이 RBR-S4000,가스레인지,거의 사용하지 않음. 외관 심한 흠집그리고 생활 기스 있음. 박스 없음.,260460,203158,0.22
SK매직 GRA-B3216D,가스레인지,6개월 사용했습니다. 상태 보통그리고 생활 기스 있음. 정품 인증서 포함.,113920,100249,0.12
SK매직 GRA-B322K,가스레인지,3년 사용했습니다. 외관 약간 흠집그리고 액정 파손. 박스 및 구성품 있음.,174080,80076,0.54
린나이 RBR-P4400,가스레인지,거의 사용하지 않음. 생활흔적 있음이며 고장 없음. 충전기 없음.,436700,379929,0.13
린나이 RT-5102,가스레인지,6개월 사용했습니다. 상태 보통이며 고장 없음. 박스 없음.,250380,225342,0.1
린나이 INBS301DJ,가스레인지,2년 사용했습니다. 상태 보통그리고 액정 파손. 박스 및 구성품 있음.,167350,95389,0.43
SK매직 GRAB221K,가스레인지,1년 사용했습니다. 상태 최상하지만 액정 파손. 충전기 없음.,85440,61516,0.28
린나이 RBR-S3307DJ,가스레인지,5년 사용했습니다. 사용감 있음이며 작동 이상 없음. 추가 액세서리 포함.,158790,74631,0.53
린나이 RBR-S3001D,가스레인지,4년 사용했습니다. 사용감 있음그리고 화면 금 갔음. 박스 및 구성품 있음.,213600,85440,0.6
린나이 CTA22NJ,가스레인지,1개월 사용했습니다. 상태 양호하지만 배터리 효율 낮음.,138600,121968,0.12
린나이 RT-1620I,가스레인지,1년 사용했습니다. 상태 최상하지만 화면 금 갔음. 박스 및 구성품 있음.,189730,151784,0.2
매직쉐프 MMW-W23FDHW,가스레인지,거의 사용하지 않음. 사용감 있음그리고 생활 기스 있음. 박스 없음.,119960,99566,0.17
린나이 RT-1080IJ,가스레인지,거의 사용하지 않음. 상태 보통그리고 액정 파손. 추가 액세서리 포함.,128060,94764,0.26
린나이 INCP2032WJ,가스레인지,2년 사용했습니다. 상태 보통이며 작동 이상 없음. 정품 인증서 포함.,143060,111586,0.22
SK매직 GRA-B3218D,가스레인지,거의 사용하지 않음. 상태 양호이며 작동 이상 없음. 박스 및 구성품 있음.,147990,133191,0.1
린나이 RT-6520I,가스레인지,6개월 사용했습니다. 외관 심한 흠집그리고 생활 기스 있음. 박스 없음.,188810,147271,0.22
린나이 CPBC611DJ,가스레인지,3년 사용했습니다. 외관 약간 흠집그리고 액정 파손. 충전기 없음.,176080,75714,0.57
SK매직 GRA-BA301D,가스레인지,거의 사용하지 않음. 사용감 있음이며 작동 이상 없음. 정품 인증서 포함.,229020,206118,0.1
린나이 RBR-PF3000,가스레인지,6개월 사용했습니다. 상태 양호이며 고장 없음.,294960,265464,0.1
SK매직 뉴에코 GRA-851SR,가스레인지,4년 사용했습니다. 상태 최상이며 작동 이상 없음. 정품 인증서 포함.,128820,85021,0.34
린나이 RBR-S6201D,가스레인지,6개월 사용했습니다. 외관 심한 흠집이며 작동 이상 없음. 박스 및 구성품 있음.,180000,153000,0.15
린나이 RBR-P3511WD,가스레인지,5년 사용했습니다. 상태 양호하지만 액정 파손. 정품 인증서 포함.,241400,74834,0.69
린나이 RBR-P2501D,가스레인지,4년 사용했습니다. 사용감 있음그리고 생활 기스 있음. 정품 인증서 포함.,210750,107482,0.49
SK매직 뉴에코 GRA-910SR,가스레인지,2년 사용했습니다. 상태 최상하지만 배터리 효율 낮음. 정품 인증서 포함.,171700,130492,0.24
SK매직 GRA-F2NRH,가스레인지,4년 사용했습니다. 상태 양호하지만 액정 파손. 충전기 없음.,116450,43086,0.63
린나이 GTA24SJ,가스레인지,5년 사용했습니다. 상태 양호이며 고장 없음. 박스 및 구성품 있음.,133400,66700,0.5
SK매직 뉴에코 GRA-841SR (GRA-841R),가스레인지,거의 사용하지 않음. 상태 최상이며 작동 이상 없음. 박스 및 구성품 있음.,144000,129600,0.1
린나이 RBR-S3000,가스레인지,1년 사용했습니다. 외관 심한 흠집그리고 배터리 효율 낮음.,218950,153265,0.3
하츠 GC-3605SDBH,가스레인지,거의 사용하지 않음. 생활흔적 있음그리고 배터리 효율 낮음. 추가 액세서리 포함.,135000,110700,0.18
린나이 RBR-S3603DIJ,가스레인지,1개월 사용했습니다. 생활흔적 있음그리고 화면 금 갔음. 박스 및 구성품 있음.,156710,122233,0.22
SK매직 GRA-B3FDD,가스레인지,5년 사용했습니다. 생활흔적 있음그리고 배터리 효율 낮음. 충전기 없음.,126000,40319,0.68
린나이 RBR-S4000,가스레인지,5년 사용했습니다. 상태 보통그리고 생활 기스 있음. 정품 인증서 포함.,260460,111997,0.57
SK매직 GRA-B3216D,가스레인지,3년 사용했습니다. 생활흔적 있음이며 고장 없음. 정품 인증서 포함.,113920,75187,0.34
SK매직 GRA-B322K,가스레인지,5년 사용했습니다. 상태 보통이며 고장 없음. 정품 인증서 포함.,174080,83558,0.52
린나이 RBR-P4400,가스레인지,5년 사용했습니다. 상태 보통이며 고장 없음.,436700,205249,0.53
린나이 RT-5102,가스레인지,1년 사용했습니다. 상태 최상하지만 생활 기스 있음. 충전기 없음.,250380,217830,0.13
린나이 INBS301DJ,가스레인지,5년 사용했습니다. 외관 심한 흠집그리고 화면 금 갔음.,167350,41837,0.75
SK매직 GRAB221K,가스레인지,1년 사용했습니다. 생활흔적 있음그리고 화면 금 갔음. 추가 액세서리 포함.,85440,61516,0.28
린나이 RBR-S3307DJ,가스레인지,4년 사용했습니다. 상태 양호이며 작동 이상 없음.,158790,95274,0.4
린나이 RBR-S3001D,가스레인지,1개월 사용했습니다. 생활흔적 있음이며 작동 이상 없음. 추가 액세서리 포함.,213600,192240,0.1
린나이 CTA22NJ,가스레인지,5년 사용했습니다. 생활흔적 있음이며 고장 없음. 정품 인증서 포함.,138600,63755,0.54
린나이 RT-1620I,가스레인지,6개월 사용했습니다. 상태 보통그리고 화면 금 갔음. 추가 액세서리 포함.,189730,149886,0.21
매직쉐프 MMW-W23FDHW,가스레인지,거의 사용하지 않음. 외관 약간 흠집그리고 화면 금 갔음. 박스 없음.,119960,88770,0.26
린나이 RT-1080IJ,가스레인지,1개월 사용했습니다. 외관 심한 흠집그리고 액정 파손. 박스 및 구성품 있음.,128060,87080,0.32
린나이 INCP2032WJ,가스레인지,1개월 사용했습니다. 상태 양호하지만 화면 금 갔음. 충전기 없음.,143060,114448,0.2
SK매직 GRA-B3218D,가스레인지,1개월 사용했습니다. 상태 양호하지만 화면 금 갔음.,147990,122831,0.17
린나이 RT-6520I,가스레인지,거의 사용하지 않음. 생활흔적 있음그리고 액정 파손. 추가 액세서리 포함.,188810,135943,0.28
린나이 CPBC611DJ,가스레인지,5년 사용했습니다. 상태 최상이며 고장 없음. 박스 및 구성품 있음.,176080,96844,0.45
SK매직 GRA-BA301D,가스레인지,5년 사용했습니다. 생활흔적 있음그리고 생활 기스 있음.,229020,91608,0.6
린나이 RBR-PF3000,가스레인지,거의 사용하지 않음. 상태 보통그리고 액정 파손. 박스 및 구성품 있음.,294960,212371,0.28
SK매직 뉴에코 GRA-851SR,가스레인지,2년 사용했습니다. 상태 양호하지만 액정 파손.,128820,77292,0.4
린나이 RBR-S6201D,가스레인지,1년 사용했습니다. 사용감 있음그리고 생활 기스 있음.,180000,144000,0.2
린나이 RBR-P3511WD,가스레인지,1개월 사용했습니다. 상태 보통그리고 배터리 효율 낮음. 박스 없음.,241400,200362,0.17
린나이 RBR-P2501D,가스레인지,5년 사용했습니다. 생활흔적 있음이며 작동 이상 없음. 박스 없음.,210750,90622,0.57
SK매직 뉴에코 GRA-910SR,가스레인지,1년 사용했습니다. 생활흔적 있음이며 고장 없음. 추가 액세서리 포함.,171700,149379,0.13
SK매직 GRA-F2NRH,가스레인지,1개월 사용했습니다. 생활흔적 있음이며 작동 이상 없음. 박스 및 구성품 있음.,116450,104805,0.1
린나이 GTA24SJ,가스레인지,5년 사용했습니다. 상태 양호이며 작동 이상 없음. 정품 인증서 포함.,133400,68034,0.49
SK매직 뉴에코 GRA-841SR (GRA-841R),가스레인지,3년 사용했습니다. 외관 약간 흠집이며 작동 이상 없음. 정품 인증서 포함.,144000,96479,0.33
린나이 RBR-S3000,가스레인지,3년 사용했습니다. 상태 보통이며 고장 없음. 정품 인증서 포함.,218950,148886,0.32
하츠 GC-3605SDBH,가스레인지,4년 사용했습니다. 외관 약간 흠집이며 고장 없음. 박스 없음.,135000,72900,0.46
린나이 RBR-S3603DIJ,가스레인지,4년 사용했습니다. 상태 양호하지만 화면 금 갔음. 충전기 없음.,156710,65818,0.58
SK매직 GRA-B3FDD,가스레인지,4년 사용했습니다. 생활흔적 있음그리고 배터리 효율 낮음. 박스 없음.,126000,54180,0.57
린나이 RBR-S4000,가스레인지,1개월 사용했습니다. 생활흔적 있음그리고 액정 파손. 충전기 없음.,260460,182322,0.3
SK매직 GRA-B3216D,가스레인지,거의 사용하지 않음. 외관 약간 흠집이며 고장 없음. 박스 및 구성품 있음.,113920,102528,0.1
SK매직 GRA-B322K,가스레인지,거의 사용하지 않음. 상태 보통그리고 액정 파손. 박스 없음.,174080,121855,0.3
린나이 RBR-P4400,가스레인지,6개월 사용했습니다. 생활흔적 있음그리고 화면 금 갔음. 박스 없음.,436700,318791,0.27
린나이 RT-5102,가스레인지,4년 사용했습니다. 생활흔적 있음이며 작동 이상 없음. 정품 인증서 포함.,250380,140212,0.44
린나이 INBS301DJ,가스레인지,5년 사용했습니다. 상태 최상하지만 생활 기스 있음. 충전기 없음.,167350,78654,0.53
SK매직 GRAB221K,가스레인지,1개월 사용했습니다. 생활흔적 있음그리고 액정 파손. 충전기 없음.,85440,59807,0.3
린나이 RBR-S3307DJ,가스레인지,3년 사용했습니다. 상태 양호하지만 배터리 효율 낮음. 충전기 없음.,158790,90510,0.43
린나이 RBR-S3001D,가스레인지,6개월 사용했습니다. 상태 최상이며 작동 이상 없음. 박스 없음.,213600,192240,0.1
린나이 CTA22NJ,가스레인지,6개월 사용했습니다. 사용감 있음그리고 생활 기스 있음. 박스 및 구성품 있음.,138600,117810,0.15
린나이 RT-1620I,가스레인지,3년 사용했습니다. 사용감 있음그리고 배터리 효율 낮음. 정품 인증서 포함.,189730,106248,0.44
매직쉐프 MMW-W23FDHW,가스레인지,5년 사용했습니다. 외관 심한 흠집이며 작동 이상 없음. 추가 액세서리 포함.,119960,50383,0.58
린나이 RT-1080IJ,가스레인지,2년 사용했습니다. 상태 양호이며 작동 이상 없음. 박스 없음.,128060,99886,0.22
린나이 INCP2032WJ,가스레인지,1개월 사용했습니다. 상태 양호이며 작동 이상 없음. 박스 및 구성품 있음.,143060,128754,0.1
SK매직 GRA-B3218D,가스레인지,1년 사용했습니다. 상태 보통그리고 생활 기스 있음. 충전기 없음.,147990,116912,0.21
린나이 RT-6520I,가스레인지,1년 사용했습니다. 사용감 있음이며 작동 이상 없음. 박스 및 구성품 있음.,188810,160488,0.15
린나이 CPBC611DJ,가스레인지,6개월 사용했습니다. 외관 심한 흠집이며 고장 없음. 정품 인증서 포함.,176080,151428,0.14
SK매직 GRA-BA301D,가스레인지,2년 사용했습니다. 생활흔적 있음그리고 화면 금 갔음. 박스 없음.,229020,132831,0.42
린나이 RBR-PF3000,가스레인지,4년 사용했습니다. 생활흔적 있음그리고 배터리 효율 낮음.,294960,132732,0.55
SK매직 뉴에코 GRA-851SR,가스레인지,2년 사용했습니다. 사용감 있음그리고 배터리 효율 낮음. 정품 인증서 포함.,128820,85021,0.34
린나이 RBR-S6201D,가스레인지,4년 사용했습니다. 상태 양호이며 고장 없음. 추가 액세서리 포함.,180000,111600,0.38
린나이 RBR-P3511WD,가스레인지,거의 사용하지 않음. 외관 약간 흠집그리고 화면 금 갔음.,241400,183464,0.24
린나이 RBR-P2501D,가스레인지,거의 사용하지 않음. 상태 보통그리고 화면 금 갔음.,210750,162277,0.23
SK매직 뉴에코 GRA-910SR,가스레인지,1년 사용했습니다. 사용감 있음그리고 생활 기스 있음. 박스 및 구성품 있음.,171700,137360,0.2
SK매직 GRA-F2NRH,가스레인지,1개월 사용했습니다. 외관 약간 흠집그리고 배터리 효율 낮음. 추가 액세서리 포함.,116450,100147,0.14
린나이 GTA24SJ,가스레인지,3년 사용했습니다. 상태 최상이며 작동 이상 없음. 박스 및 구성품 있음.,133400,100050,0.25
SK매직 뉴에코 GRA-841SR (GRA-841R),가스레인지,1년 사용했습니다. 외관 약간 흠집그리고 배터리 효율 낮음. 정품 인증서 포함.,144000,110880,0.23
린나이 RBR-S3000,가스레인지,1개월 사용했습니다. 외관 심한 흠집그리고 화면 금 갔음. 추가 액세서리 포함.,218950,164212,0.25
하츠 GC-3605SDBH,가스레인지,2년 사용했습니다. 상태 양호이며 작동 이상 없음. 정품 인증서 포함.,135000,109350,0.19
린나이 RBR-S3603DIJ,가스레인지,거의 사용하지 않음. 사용감 있음그리고 배터리 효율 낮음. 박스 없음.,156710,122233,0.22
SK매직 GRA-B3FDD,가스레인지,4년 사용했습니다. 상태 보통그리고 화면 금 갔음. 충전기 없음.,126000,49140,0.61
린나이 RBR-S4000,가스레인지,5년 사용했습니다. 외관 심한 흠집그리고 액정 파손. 박스 없음.,260460,46882,0.82
SK매직 GRA-B3216D,가스레인지,5년 사용했습니다. 상태 보통그리고 화면 금 갔음. 박스 없음.,113920,34176,0.7
SK매직 GRA-B322K,가스레인지,6개월 사용했습니다. 상태 최상이며 작동 이상 없음. 박스 없음.,174080,156672,0.1
린나이 RBR-P4400,가스레인지,1년 사용했습니다. 외관 약간 흠집그리고 액정 파손. 충전기 없음.,436700,275121,0.37
린나이 RT-5102,가스레인지,5년 사용했습니다. 생활흔적 있음그리고 액정 파손. 박스 및 구성품 있음.,250380,62595,0.75
린나이 INBS301DJ,가스레인지,1년 사용했습니다. 외관 약간 흠집그리고 생활 기스 있음. 충전기 없음.,167350,130533,0.22
SK매직 GRAB221K,가스레인지,3년 사용했습니다. 외관 약간 흠집그리고 배터리 효율 낮음.,85440,47846,0.44
린나이 RBR-S3307DJ,가스레인지,3년 사용했습니다. 사용감 있음이며 고장 없음. 추가 액세서리 포함.,158790,106389,0.33
린나이 RBR-S3001D,가스레인지,1개월 사용했습니다. 외관 심한 흠집이며 고장 없음. 박스 없음.,213600,183696,0.14
린나이 CTA22NJ,가스레인지,1개월 사용했습니다. 사용감 있음그리고 액정 파손. 박스 없음.,138600,98406,0.29
린나이 RT-1620I,가스레인지,6개월 사용했습니다. 상태 보통그리고 생활 기스 있음. 정품 인증서 포함.,189730,166962,0.12
매직쉐프 MMW-W23FDHW,가스레인지,1년 사용했습니다. 상태 보통그리고 액정 파손. 충전기 없음.,119960,76774,0.36
린나이 RT-1080IJ,가스레인지,1년 사용했습니다. 상태 최상하지만 화면 금 갔음. 박스 및 구성품 있음.,128060,102448,0.2
린나이 INCP2032WJ,가스레인지,4년 사용했습니다. 상태 양호하지만 생활 기스 있음. 정품 인증서 포함.,143060,80113,0.44
SK매직 GRA-B3218D,가스레인지,1년 사용했습니다. 사용감 있음그리고 액정 파손. 추가 액세서리 포함.,147990,99153,0.33
린나이 RT-6520I,가스레인지,2년 사용했습니다. 외관 심한 흠집그리고 화면 금 갔음. 박스 없음.,188810,100069,0.47
린나이 CPBC611DJ,가스레인지,3년 사용했습니다. 사용감 있음이며 고장 없음.,176080,114452,0.35
SK매직 GRA-BA301D,가스레인지,거의 사용하지 않음. 사용감 있음그리고 화면 금 갔음. 정품 인증서 포함.,229020,174055,0.24
린나이 RBR-PF3000,가스레인지,3년 사용했습니다. 상태 최상하지만 배터리 효율 낮음. 박스 및 구성품 있음.,294960,191724,0.35
SK매직 뉴에코 GRA-851SR,가스레인지,1개월 사용했습니다. 외관 심한 흠집그리고 화면 금 갔음.,128820,94038,0.27
린나이 RBR-S6201D,가스레인지,2년 사용했습니다. 상태 최상하지만 액정 파손. 박스 및 구성품 있음.,180000,117000,0.35
린나이 RBR-P3511WD,가스레인지,3년 사용했습니다. 상태 보통그리고 생활 기스 있음. 추가 액세서리 포함.,241400,154496,0.36
린나이 RBR-P2501D,가스레인지,1개월 사용했습니다. 사용감 있음그리고 배터리 효율 낮음. 충전기 없음.,210750,168600,0.2
SK매직 뉴에코 GRA-910SR,가스레인지,2년 사용했습니다. 생활흔적 있음그리고 액정 파손. 정품 인증서 포함.,171700,96152,0.44
SK매직 GRA-F2NRH,가스레인지,2년 사용했습니다. 외관 약간 흠집그리고 화면 금 갔음.,116450,71034,0.39
린나이 GTA24SJ,가스레인지,3년 사용했습니다. 외관 심한 흠집이며 고장 없음. 충전기 없음.,133400,76038,0.43
SK매직 뉴에코 GRA-841SR (GRA-841R),가스레인지,1개월 사용했습니다. 상태 양호하지만 화면 금 갔음. 박스 및 구성품 있음.,144000,119520,0.17
린나이 RBR-S3000,가스레인지,거의 사용하지 않음. 상태 보통그리고 액정 파손. 정품 인증서 포함.,218950,159833,0.27
하츠 GC-3605SDBH,가스레인지,4년 사용했습니다. 외관 심한 흠집그리고 화면 금 갔음. 충전기 없음.,135000,43199,0.68
린나이 RBR-S3603DIJ,가스레인지,거의 사용하지 않음. 상태 최상이며 고장 없음.,156710,141039,0.1
SK매직 GRA-B3FDD,가스레인지,5년 사용했습니다. 상태 최상하지만 액정 파손. 정품 인증서 포함.,126000,45360,0.64
린나이 RBR-S4000,가스레인지,2년 사용했습니다. 상태 최상이며 작동 이상 없음. 박스 없음.,260460,216181,0.17
SK매직 GRA-B3216D,가스레인지,2년 사용했습니다. 생활흔적 있음그리고 액정 파손. 추가 액세서리 포함.,113920,64934,0.43
SK매직 GRA-B322K,가스레인지,1개월 사용했습니다. 상태 최상이며 고장 없음. 추가 액세서리 포함.,174080,156672,0.1
린나이 RBR-P4400,가스레인지,거의 사용하지 않음. 상태 최상하지만 배터리 효율 낮음. 박스 없음.,436700,384296,0.12
린나이 RT-5102,가스레인지,1년 사용했습니다. 외관 심한 흠집그리고 화면 금 갔음. 충전기 없음.,250380,155235,0.38
린나이 INBS301DJ,가스레인지,2년 사용했습니다. 외관 심한 흠집그리고 배터리 효율 낮음.,167350,100410,0.4
SK매직 GRAB221K,가스레인지,2년 사용했습니다. 생활흔적 있음그리고 배터리 효율 낮음. 충전기 없음.,85440,52972,0.38
린나이 RBR-S3307DJ,가스레인지,1개월 사용했습니다. 생활흔적 있음이며 고장 없음. 정품 인증서 포함.,158790,142911,0.1
린나이 RBR-S3001D,가스레인지,6개월 사용했습니다. 상태 양호하지만 생활 기스 있음. 정품 인증서 포함.,213600,192240,0.1
린나이 CTA22NJ,가스레인지,5년 사용했습니다. 상태 보통이며 작동 이상 없음. 박스 없음.,138600,62369,0.55
린나이 RT-1620I,가스레인지,1년 사용했습니다. 생활흔적 있음그리고 생활 기스 있음. 박스 없음.,189730,147989,0.22
매직쉐프 MMW-W23FDHW,가스레인지,4년 사용했습니다. 상태 최상하지만 액정 파손. 정품 인증서 포함.,119960,55181,0.54
린나이 RT-1080IJ,가스레인지,1년 사용했습니다. 상태 양호이며 작동 이상 없음. 박스 없음.,128060,112692,0.12
린나이 INCP2032WJ,가스레인지,4년 사용했습니다. 상태 양호하지만 액정 파손. 정품 인증서 포함.,143060,58654,0.59
SK매직 GRA-B3218D,가스레인지,1개월 사용했습니다. 상태 양호하지만 화면 금 갔음. 추가 액세서리 포함.,147990,125791,0.15
린나이 RT-6520I,가스레인지,2년 사용했습니다. 상태 양호하지만 화면 금 갔음. 박스 및 구성품 있음.,188810,122726,0.35
린나이 CPBC611DJ,가스레인지,1개월 사용했습니다. 사용감 있음그리고 액정 파손.,176080,128538,0.27
SK매직 GRA-BA301D,가스레인지,1년 사용했습니다. 생활흔적 있음그리고 액정 파손. 충전기 없음.,229020,141992,0.38
린나이 RBR-PF3000,가스레인지,4년 사용했습니다. 외관 약간 흠집그리고 생활 기스 있음. 박스 및 구성품 있음.,294960,150429,0.49
SK매직 뉴에코 GRA-851SR,가스레인지,4년 사용했습니다. 상태 최상이며 고장 없음.,128820,83733,0.35
린나이 RBR-S6201D,가스레인지,3년 사용했습니다. 외관 약간 흠집그리고 액정 파손. 충전기 없음.,180000,77400,0.57
린나이 RBR-P3511WD,가스레인지,1년 사용했습니다. 상태 양호하지만 액정 파손. 박스 및 구성품 있음.,241400,168980,0.3
린나이 RBR-P2501D,가스레인지,1년 사용했습니다. 상태 최상이며 고장 없음.,210750,189675,0.1
SK매직 뉴에코 GRA-910SR,가스레인지,6개월 사용했습니다. 사용감 있음이며 고장 없음.,171700,154530,0.1
SK매직 GRA-F2NRH,가스레인지,6개월 사용했습니다. 외관 약간 흠집그리고 배터리 효율 낮음. 정품 인증서 포함.,116450,95489,0.18
린나이 GTA24SJ,가스레인지,거의 사용하지 않음. 상태 최상하지만 배터리 효율 낮음. 박스 및 구성품 있음.,133400,120060,0.1
SK매직 뉴에코 GRA-841SR (GRA-841R),가스레인지,6개월 사용했습니다. 생활흔적 있음그리고 생활 기스 있음. 추가 액세서리 포함.,144000,125280,0.13
린나이 RBR-S3000,가스레인지,6개월 사용했습니다. 생활흔적 있음그리고 배터리 효율 낮음. 박스 없음.,218950,170781,0.22
하츠 GC-3605SDBH,가스레인지,6개월 사용했습니다. 외관 약간 흠집그리고 액정 파손. 박스 및 구성품 있음.,135000,95850,0.29
린나이 RBR-S3603DIJ,가스레인지,4년 사용했습니다. 외관 심한 흠집그리고 생활 기스 있음. 정품 인증서 포함.,156710,72086,0.54
SK매직 GRA-B3FDD,가스레인지,1년 사용했습니다. 상태 양호하지만 액정 파손.,126000,88200,0.3
린나이 RBR-S4000,가스레인지,2년 사용했습니다. 생활흔적 있음그리고 액정 파손. 박스 및 구성품 있음.,260460,143253,0.45
SK매직 GRA-B3216D,가스레인지,5년 사용했습니다. 상태 양호하지만 배터리 효율 낮음. 박스 및 구성품 있음.,113920,45568,0.6
SK매직 GRA-B322K,가스레인지,6개월 사용했습니다. 상태 보통그리고 화면 금 갔음.,174080,134041,0.23
린나이 RBR-P4400,가스레인지,4년 사용했습니다. 생활흔적 있음그리고 화면 금 갔음.,436700,174680,0.6
린나이 RT-5102,가스레인지,2년 사용했습니다. 외관 약간 흠집그리고 화면 금 갔음. 추가 액세서리 포함.,250380,157739,0.37
린나이 INBS301DJ,가스레인지,2년 사용했습니다. 사용감 있음이며 작동 이상 없음.,167350,125512,0.25
SK매직 GRAB221K,가스레인지,1년 사용했습니다. 외관 약간 흠집그리고 배터리 효율 낮음. 충전기 없음.,85440,62371,0.27
린나이 RBR-S3307DJ,가스레인지,1개월 사용했습니다. 생활흔적 있음그리고 배터리 효율 낮음.,158790,131795,0.17
린나이 RBR-S3001D,가스레인지,4년 사용했습니다. 외관 심한 흠집그리고 배터리 효율 낮음. 추가 액세서리 포함.,213600,89712,0.58
린나이 CTA22NJ,가스레인지,6개월 사용했습니다. 상태 최상이며 고장 없음. 박스 및 구성품 있음.,138600,124740,0.1
린나이 RT-1620I,가스레인지,5년 사용했습니다. 사용감 있음그리고 생활 기스 있음. 박스 및 구성품 있음.,189730,75892,0.6
매직쉐프 MMW-W23FDHW,가스레인지,5년 사용했습니다. 사용감 있음그리고 화면 금 갔음. 박스 및 구성품 있음.,119960,35988,0.7
린나이 RT-1080IJ,가스레인지,4년 사용했습니다. 사용감 있음그리고 화면 금 갔음. 충전기 없음.,128060,47382,0.63
린나이 INCP2032WJ,가스레인지,2년 사용했습니다. 상태 양호하지만 생활 기스 있음. 추가 액세서리 포함.,143060,110156,0.23
SK매직 GRA-B3218D,가스레인지,4년 사용했습니다. 외관 심한 흠집그리고 화면 금 갔음. 정품 인증서 포함.,147990,53276,0.64
린나이 RT-6520I,가스레인지,4년 사용했습니다. 외관 심한 흠집그리고 액정 파손. 박스 없음.,188810,52866,0.72
린나이 CPBC611DJ,가스레인지,6개월 사용했습니다. 외관 심한 흠집그리고 액정 파손. 충전기 없음.,176080,109169,0.38
SK매직 GRA-BA301D,가스레인지,4년 사용했습니다. 상태 최상이며 작동 이상 없음. 충전기 없음.,229020,141992,0.38
린나이 RBR-PF3000,가스레인지,3년 사용했습니다. 상태 보통그리고 생활 기스 있음. 박스 없음.,294960,176976,0.4
SK매직 뉴에코 GRA-851SR,가스레인지,거의 사용하지 않음. 상태 양호하지만 배터리 효율 낮음. 추가 액세서리 포함.,128820,112073,0.13
린나이 RBR-S6201D,가스레인지,6개월 사용했습니다. 상태 양호이며 고장 없음. 충전기 없음.,180000,162000,0.1
린나이 RBR-P3511WD,가스레인지,거의 사용하지 않음. 상태 양호하지만 화면 금 갔음. 충전기 없음.,241400,185878,0.23
린나이 RBR-P2501D,가스레인지,1년 사용했습니다. 생활흔적 있음이며 작동 이상 없음. 정품 인증서 포함.,210750,181245,0.14
SK매직 뉴에코 GRA-910SR,가스레인지,4년 사용했습니다. 상태 최상하지만 액정 파손. 박스 없음.,171700,73831,0.57
SK매직 GRA-F2NRH,가스레인지,거의 사용하지 않음. 상태 최상이며 고장 없음. 정품 인증서 포함.,116450,104805,0.1
린나이 GTA24SJ,가스레인지,거의 사용하지 않음. 사용감 있음그리고 액정 파손. 박스 및 구성품 있음.,133400,93380,0.3
SK매직 뉴에코 GRA-841SR (GRA-841R),가스레인지,6개월 사용했습니다. 상태 양호하지만 생활 기스 있음.,144000,129600,0.1
린나이 RBR-S3000,가스레인지,1년 사용했습니다. 생활흔적 있음이며 작동 이상 없음.,218950,186107,0.15
하츠 GC-3605SDBH,가스레인지,3년 사용했습니다. 외관 약간 흠집이며 작동 이상 없음. 박스 없음.,135000,86400,0.36
린나이 RBR-S3603DIJ,가스레인지,1개월 사용했습니다. 외관 약간 흠집그리고 배터리 효율 낮음. 박스 없음.,156710,128502,0.18
SK매직 GRA-B3FDD,가스레인지,6개월 사용했습니다. 사용감 있음이며 고장 없음. 충전기 없음.,126000,109620,0.13
린나이 RBR-S4000,가스레인지,1년 사용했습니다. 상태 양호하지만 생활 기스 있음. 박스 없음.,260460,216181,0.17
SK매직 GRA-B3216D,가스레인지,2년 사용했습니다. 상태 최상하지만 생활 기스 있음. 정품 인증서 포함.,113920,92275,0.19
SK매직 GRA-B322K,가스레인지,거의 사용하지 않음. 사용감 있음그리고 배터리 효율 낮음. 정품 인증서 포함.,174080,141004,0.19
린나이 RBR-P4400,가스레인지,5년 사용했습니다. 상태 보통이며 작동 이상 없음. 충전기 없음.,436700,192147,0.56
린나이 RT-5102,가스레인지,3년 사용했습니다. 생활흔적 있음이며 고장 없음. 충전기 없음.,250380,155235,0.38
린나이 INBS301DJ,가스레인지,4년 사용했습니다. 상태 보통그리고 배터리 효율 낮음. 정품 인증서 포함.,167350,80328,0.52
SK매직 GRAB221K,가스레인지,1년 사용했습니다. 외관 약간 흠집그리고 화면 금 갔음. 충전기 없음.,85440,58099,0.32
린나이 RBR-S3307DJ,가스레인지,1개월 사용했습니다. 상태 최상이며 작동 이상 없음. 박스 및 구성품 있음.,158790,142911,0.1
린나이 RBR-S3001D,가스레인지,거의 사용하지 않음. 상태 보통그리고 배터리 효율 낮음. 충전기 없음.,213600,168744,0.21
린나이 CTA22NJ,가스레인지,2년 사용했습니다. 상태 최상하지만 배터리 효율 낮음. 박스 없음.,138600,101178,0.27
린나이 RT-1620I,가스레인지,4년 사용했습니다. 상태 최상하지만 화면 금 갔음. 충전기 없음.,189730,89173,0.53
매직쉐프 MMW-W23FDHW,가스레인지,1년 사용했습니다. 상태 최상이며 고장 없음. 충전기 없음.,119960,107964,0.1
린나이 RT-1080IJ,가스레인지,2년 사용했습니다. 상태 최상이며 작동 이상 없음.,128060,108851,0.15
린나이 INCP2032WJ,가스레인지,6개월 사용했습니다. 외관 심한 흠집이며 고장 없음. 추가 액세서리 포함.,143060,124462,0.13
SK매직 GRA-B3218D,가스레인지,5년 사용했습니다. 상태 보통이며 작동 이상 없음. 정품 인증서 포함.,147990,71035,0.52
린나이 RT-6520I,가스레인지,3년 사용했습니다. 외관 약간 흠집이며 작동 이상 없음. 박스 및 구성품 있음.,188810,124614,0.34
린나이 CPBC611DJ,가스레인지,5년 사용했습니다. 상태 보통그리고 배터리 효율 낮음. 박스 없음.,176080,61627,0.65
SK매직 GRA-BA301D,가스레인지,거의 사용하지 않음. 상태 최상하지만 생활 기스 있음. 추가 액세서리 포함.,229020,206118,0.1
린나이 RBR-PF3000,가스레인지,거의 사용하지 않음. 사용감 있음그리고 생활 기스 있음. 박스 및 구성품 있음.,294960,250716,0.15
SK매직 뉴에코 GRA-851SR,가스레인지,거의 사용하지 않음. 상태 보통그리고 배터리 효율 낮음. 추가 액세서리 포함.,128820,108208,0.16
린나이 RBR-S6201D,가스레인지,1년 사용했습니다. 상태 보통그리고 배터리 효율 낮음. 충전기 없음.,180000,133200,0.26
린나이 RBR-P3511WD,가스레인지,1개월 사용했습니다. 외관 심한 흠집그리고 생활 기스 있음. 충전기 없음.,241400,193120,0.2
린나이 RBR-P2501D,가스레인지,6개월 사용했습니다. 상태 최상하지만 화면 금 갔음. 충전기 없음.,210750,172815,0.18
SK매직 뉴에코 GRA-910SR,가스레인지,1년 사용했습니다. 사용감 있음그리고 화면 금 갔음.,171700,120189,0.3
SK매직 GRA-F2NRH,가스레인지,6개월 사용했습니다. 상태 최상하지만 생활 기스 있음. 박스 및 구성품 있음.,116450,104805,0.1
린나이 GTA24SJ,가스레인지,2년 사용했습니다. 상태 보통그리고 액정 파손. 추가 액세서리 포함.,133400,78706,0.41
SK매직 뉴에코 GRA-841SR (GRA-841R),가스레인지,거의 사용하지 않음. 외관 심한 흠집그리고 배터리 효율 낮음. 충전기 없음.,144000,103680,0.28
린나이 RBR-S3000,가스레인지,2년 사용했습니다. 외관 약간 흠집그리고 액정 파손. 정품 인증서 포함.,218950,124801,0.43
하츠 GC-3605SDBH,가스레인지,거의 사용하지 않음. 상태 최상하지만 액정 파손.,135000,108000,0.2
린나이 RBR-S3603DIJ,가스레인지,5년 사용했습니다. 상태 최상하지만 배터리 효율 낮음. 박스 없음.,156710,67385,0.57
SK매직 GRA-B3FDD,가스레인지,1년 사용했습니다. 사용감 있음그리고 화면 금 갔음. 정품 인증서 포함.,126000,89460,0.29
린나이 RBR-S4000,가스레인지,6개월 사용했습니다. 상태 최상이며 작동 이상 없음. 충전기 없음.,260460,234414,0.1
SK매직 GRA-B3216D,가스레인지,6개월 사용했습니다. 상태 보통이며 작동 이상 없음. 추가 액세서리 포함.,113920,102528,0.1
SK매직 GRA-B322K,가스레인지,4년 사용했습니다. 사용감 있음그리고 액정 파손. 추가 액세서리 포함.,174080,64409,0.63
린나이 RBR-P4400,가스레인지,4년 사용했습니다. 사용감 있음이며 고장 없음. 박스 없음.,436700,231451,0.47
린나이 RT-5102,가스레인지,2년 사용했습니다. 사용감 있음그리고 화면 금 갔음. 박스 및 구성품 있음.,250380,150228,0.4
린나이 INBS301DJ,가스레인지,거의 사용하지 않음. 상태 최상하지만 배터리 효율 낮음.,167350,150615,0.1
SK매직 GRAB221K,가스레인지,1개월 사용했습니다. 상태 최상이며 고장 없음. 충전기 없음.,85440,76896,0.1
린나이 RBR-S3307DJ,가스레인지,4년 사용했습니다. 외관 심한 흠집그리고 화면 금 갔음. 정품 인증서 포함.,158790,57164,0.64
린나이 RBR-S3001D,가스레인지,2년 사용했습니다. 상태 최상이며 고장 없음. 박스 및 구성품 있음.,213600,181560,0.15
린나이 CTA22NJ,가스레인지,4년 사용했습니다. 사용감 있음그리고 배터리 효율 낮음. 박스 및 구성품 있음.,138600,62369,0.55
린나이 RT-1620I,가스레인지,3년 사용했습니다. 사용감 있음그리고 화면 금 갔음. 정품 인증서 포함.,189730,96762,0.49
매직쉐프 MMW-W23FDHW,가스레인지,6개월 사용했습니다. 외관 심한 흠집그리고 생활 기스 있음. 충전기 없음.,119960,92369,0.23
린나이 RT-1080IJ,가스레인지,5년 사용했습니다. 상태 최상하지만 배터리 효율 낮음. 정품 인증서 포함.,128060,58907,0.54
린나이 INCP2032WJ,가스레인지,5년 사용했습니다. 생활흔적 있음그리고 생활 기스 있음. 박스 및 구성품 있음.,143060,57224,0.6
SK매직 GRA-B3218D,가스레인지,3년 사용했습니다. 생활흔적 있음이며 작동 이상 없음. 충전기 없음.,147990,91753,0.38
린나이 RT-6520I,가스레인지,거의 사용하지 않음. 상태 최상하지만 액정 파손. 정품 인증서 포함.,188810,152936,0.19
린나이 CPBC611DJ,가스레인지,4년 사용했습니다. 상태 양호이며 고장 없음. 박스 없음.,176080,102126,0.42
SK매직 GRA-BA301D,가스레인지,1년 사용했습니다. 외관 심한 흠집그리고 배터리 효율 낮음. 박스 및 구성품 있음.,229020,160314,0.3
린나이 RBR-PF3000,가스레인지,거의 사용하지 않음. 외관 심한 흠집이며 고장 없음. 추가 액세서리 포함.,294960,256615,0.13
SK매직 뉴에코 GRA-851SR,가스레인지,1년 사용했습니다. 상태 양호하지만 액정 파손. 박스 없음.,128820,87597,0.32
린나이 RBR-S6201D,가스레인지,1년 사용했습니다. 상태 양호하지만 화면 금 갔음.,180000,135000,0.25
린나이 RBR-P3511WD,가스레인지,3년 사용했습니다. 외관 심한 흠집이며 고장 없음. 박스 없음.,241400,140012,0.42
린나이 RBR-P2501D,가스레인지,3년 사용했습니다. 생활흔적 있음이며 작동 이상 없음. 정품 인증서 포함.,210750,139094,0.34
SK매직 뉴에코 GRA-910SR,가스레인지,5년 사용했습니다. 외관 약간 흠집이며 고장 없음. 정품 인증서 포함.,171700,80699,0.53
SK매직 GRA-F2NRH,가스레인지,6개월 사용했습니다. 사용감 있음이며 고장 없음. 충전기 없음.,116450,101311,0.13
린나이 GTA24SJ,가스레인지,3년 사용했습니다. 상태 최상이며 작동 이상 없음. 박스 및 구성품 있음.,133400,100050,0.25
SK매직 뉴에코 GRA-841SR (GRA-841R),가스레인지,3년 사용했습니다. 상태 최상이며 고장 없음. 추가 액세서리 포함.,144000,110880,0.23
린나이 RBR-S3000,가스레인지,3년 사용했습니다. 생활흔적 있음그리고 생활 기스 있음. 충전기 없음.,218950,124801,0.43
하츠 GC-3605SDBH,가스레인지,1개월 사용했습니다. 생활흔적 있음이며 작동 이상 없음. 추가 액세서리 포함.,135000,121500,0.1
린나이 RBR-S3603DIJ,가스레인지,거의 사용하지 않음. 사용감 있음이며 작동 이상 없음.,156710,141039,0.1
SK매직 GRA-B3FDD,가스레인지,3년 사용했습니다. 외관 심한 흠집이며 작동 이상 없음. 박스 없음.,126000,73080,0.42
린나이 RBR-S4000,가스레인지,3년 사용했습니다. 생활흔적 있음그리고 생활 기스 있음. 정품 인증서 포함.,260460,158880,0.39
SK매직 GRA-B3216D,가스레인지,4년 사용했습니다. 사용감 있음그리고 화면 금 갔음. 추가 액세서리 포함.,113920,47846,0.58
SK매직 GRA-B322K,가스레인지,5년 사용했습니다. 상태 최상이며 고장 없음. 충전기 없음.,174080,90521,0.48
린나이 RBR-P4400,가스레인지,거의 사용하지 않음. 상태 양호이며 고장 없음. 박스 및 구성품 있음.,436700,393030,0.1
린나이 RT-5102,가스레인지,1년 사용했습니다. 외관 약간 흠집그리고 액정 파손. 박스 없음.,250380,160243,0.36
린나이 INBS301DJ,가스레인지,6개월 사용했습니다. 상태 보통이며 작동 이상 없음.,167350,150615,0.1
SK매직 GRAB221K,가스레인지,2년 사용했습니다. 외관 심한 흠집그리고 배터리 효율 낮음. 정품 인증서 포함.,85440,52118,0.39
린나이 RBR-S3307DJ,가스레인지,3년 사용했습니다. 상태 보통그리고 생활 기스 있음. 충전기 없음.,158790,93686,0.41
린나이 RBR-S3001D,가스레인지,6개월 사용했습니다. 상태 보통그리고 배터리 효율 낮음. 추가 액세서리 포함.,213600,179424,0.16
린나이 CTA22NJ,가스레인지,1개월 사용했습니다. 생활흔적 있음이며 고장 없음. 박스 없음.,138600,124740,0.1
린나이 RT-1620I,가스레인지,2년 사용했습니다. 상태 보통그리고 화면 금 갔음. 충전기 없음.,189730,111940,0.41
매직쉐프 MMW-W23FDHW,가스레인지,6개월 사용했습니다. 외관 약간 흠집그리고 액정 파손. 추가 액세서리 포함.,119960,87570,0.27
린나이 RT-1080IJ,가스레인지,5년 사용했습니다. 생활흔적 있음그리고 생활 기스 있음. 박스 없음.,128060,48662,0.62
린나이 INCP2032WJ,가스레인지,거의 사용하지 않음. 외관 심한 흠집이며 작동 이상 없음. 박스 없음.,143060,118739,0.17
SK매직 GRA-B3218D,가스레인지,4년 사용했습니다. 외관 약간 흠집그리고 화면 금 갔음. 추가 액세서리 포함.,147990,63635,0.57
린나이 RT-6520I,가스레인지,2년 사용했습니다. 외관 심한 흠집이며 고장 없음.,188810,132167,0.3
린나이 CPBC611DJ,가스레인지,1개월 사용했습니다. 생활흔적 있음그리고 액정 파손. 정품 인증서 포함.,176080,130299,0.26
SK매직 GRA-BA301D,가스레인지,5년 사용했습니다. 상태 최상하지만 액정 파손. 박스 및 구성품 있음.,229020,80157,0.65
린나이 RBR-PF3000,가스레인지,5년 사용했습니다. 사용감 있음그리고 생활 기스 있음. 박스 없음.,294960,112084,0.62
SK매직 뉴에코 GRA-851SR,가스레인지,6개월 사용했습니다. 사용감 있음이며 고장 없음. 박스 없음.,128820,113361,0.12
린나이 RBR-S6201D,가스레인지,6개월 사용했습니다. 외관 약간 흠집그리고 액정 파손. 충전기 없음.,180000,122399,0.32
린나이 RBR-P3511WD,가스레인지,4년 사용했습니다. 생활흔적 있음이며 고장 없음. 박스 없음.,241400,127942,0.47
린나이 RBR-P2501D,가스레인지,3년 사용했습니다. 생활흔적 있음이며 작동 이상 없음. 정품 인증서 포함.,210750,139094,0.34
SK매직 뉴에코 GRA-910SR,가스레인지,3년 사용했습니다. 상태 양호하지만 생활 기스 있음. 박스 없음.,171700,108171,0.37
SK매직 GRA-F2NRH,가스레인지,6개월 사용했습니다. 상태 양호하지만 화면 금 갔음. 충전기 없음.,116450,89666,0.23
린나이 GTA24SJ,가스레인지,1년 사용했습니다. 사용감 있음그리고 화면 금 갔음. 박스 없음.,133400,90711,0.32
SK매직 뉴에코 GRA-841SR (GRA-841R),가스레인지,4년 사용했습니다. 생활흔적 있음이며 고장 없음. 정품 인증서 포함.,144000,80640,0.44
린나이 RBR-S3000,가스레인지,3년 사용했습니다. 외관 약간 흠집그리고 생활 기스 있음. 박스 및 구성품 있음.,218950,133559,0.39
하츠 GC-3605SDBH,가스레인지,6개월 사용했습니다. 외관 약간 흠집그리고 생활 기스 있음. 충전기 없음.,135000,112050,0.17
린나이 RBR-S3603DIJ,가스레인지,거의 사용하지 않음. 상태 보통그리고 화면 금 갔음. 박스 없음.,156710,117532,0.25
SK매직 GRA-B3FDD,가스레인지,4년 사용했습니다. 외관 심한 흠집이며 고장 없음. 박스 및 구성품 있음.,126000,63000,0.5
린나이 RBR-S4000,가스레인지,4년 사용했습니다. 생활흔적 있음그리고 생활 기스 있음.,260460,130230,0.5
SK매직 GRA-B3216D,가스레인지,3년 사용했습니다. 상태 양호하지만 화면 금 갔음. 충전기 없음.,113920,59238,0.48
SK매직 GRA-B322K,가스레인지,거의 사용하지 않음. 외관 약간 흠집이며 작동 이상 없음. 충전기 없음.,174080,153190,0.12
린나이 RBR-P4400,가스레인지,6개월 사용했습니다. 상태 최상하지만 화면 금 갔음. 추가 액세서리 포함.,436700,379929,0.13
린나이 RT-5102,가스레인지,5년 사용했습니다. 외관 약간 흠집그리고 생활 기스 있음. 충전기 없음.,250380,95144,0.62
린나이 INBS301DJ,가스레인지,4년 사용했습니다. 외관 심한 흠집그리고 액정 파손. 충전기 없음.,167350,45184,0.73
SK매직 GRAB221K,가스레인지,5년 사용했습니다. 외관 심한 흠집그리고 화면 금 갔음. 박스 없음.,85440,19651,0.77
린나이 RBR-S3307DJ,가스레인지,4년 사용했습니다. 상태 보통그리고 화면 금 갔음. 추가 액세서리 포함.,158790,69867,0.56
린나이 RBR-S3001D,가스레인지,1개월 사용했습니다. 상태 최상하지만 화면 금 갔음. 추가 액세서리 포함.,213600,192240,0.1
린나이 CTA22NJ,가스레인지,1개월 사용했습니다. 외관 심한 흠집이며 작동 이상 없음. 정품 인증서 포함.,138600,123354,0.11
린나이 RT-1620I,가스레인지,거의 사용하지 않음. 외관 약간 흠집그리고 배터리 효율 낮음. 박스 및 구성품 있음.,189730,153681,0.19
매직쉐프 MMW-W23FDHW,가스레인지,1개월 사용했습니다. 상태 보통그리고 화면 금 갔음. 충전기 없음.,119960,92369,0.23
린나이 RT-1080IJ,가스레인지,5년 사용했습니다. 생활흔적 있음이며 작동 이상 없음. 박스 없음.,128060,55065,0.57
린나이 INCP2032WJ,가스레인지,3년 사용했습니다. 외관 심한 흠집그리고 액정 파손. 박스 없음.,143060,54362,0.62
SK매직 GRA-B3218D,가스레인지,1년 사용했습니다. 상태 보통그리고 액정 파손. 추가 액세서리 포함.,147990,102113,0.31
린나이 RT-6520I,가스레인지,5년 사용했습니다. 외관 심한 흠집그리고 배터리 효율 낮음. 박스 없음.,188810,52866,0.72
린나이 CPBC611DJ,가스레인지,4년 사용했습니다. 생활흔적 있음이며 작동 이상 없음. 박스 및 구성품 있음.,176080,96844,0.45
SK매직 GRA-BA301D,가스레인지,5년 사용했습니다. 외관 심한 흠집그리고 배터리 효율 낮음. 정품 인증서 포함.,229020,70996,0.69
린나이 RBR-PF3000,가스레인지,거의 사용하지 않음. 외관 심한 흠집그리고 액정 파손. 추가 액세서리 포함.,294960,197623,0.33
SK매직 뉴에코 GRA-851SR,가스레인지,3년 사용했습니다. 외관 약간 흠집그리고 액정 파손. 박스 및 구성품 있음.,128820,59257,0.54
린나이 RBR-S6201D,가스레인지,5년 사용했습니다. 생활흔적 있음그리고 화면 금 갔음. 추가 액세서리 포함.,180000,57599,0.68
린나이 RBR-P3511WD,가스레인지,거의 사용하지 않음. 상태 양호하지만 화면 금 갔음. 박스 및 구성품 있음.,241400,193120,0.2
린나이 RBR-P2501D,가스레인지,3년 사용했습니다. 생활흔적 있음그리고 생활 기스 있음.,210750,126450,0.4
SK매직 뉴에코 GRA-910SR,가스레인지,거의 사용하지 않음. 외관 심한 흠집이며 고장 없음. 박스 및 구성품 있음.,171700,145945,0.15
SK매직 GRA-F2NRH,가스레인지,1개월 사용했습니다. 외관 약간 흠집그리고 배터리 효율 낮음.,116450,97818,0.16
린나이 GTA24SJ,가스레인지,6개월 사용했습니다. 생활흔적 있음그리고 생활 기스 있음. 추가 액세서리 포함.,133400,116058,0.13
SK매직 뉴에코 GRA-841SR (GRA-841R),가스레인지,거의 사용하지 않음. 외관 심한 흠집그리고 생활 기스 있음.,144000,115200,0.2
린나이 RBR-S3000,가스레인지,1년 사용했습니다. 외관 약간 흠집이며 작동 이상 없음. 충전기 없음.,218950,181728,0.17
하츠 GC-3605SDBH,가스레인지,1년 사용했습니다. 사용감 있음이며 고장 없음. 박스 없음.,135000,112050,0.17
린나이 RBR-S3603DIJ,가스레인지,4년 사용했습니다. 사용감 있음이며 작동 이상 없음. 추가 액세서리 포함.,156710,89324,0.43
SK매직 GRA-B3FDD,가스레인지,2년 사용했습니다. 상태 보통이며 작동 이상 없음. 추가 액세서리 포함.,126000,99540,0.21
린나이 RBR-S4000,가스레인지,6개월 사용했습니다. 상태 양호하지만 액정 파손.,260460,195345,0.25
SK매직 GRA-B3216D,가스레인지,1년 사용했습니다. 생활흔적 있음그리고 배터리 효율 낮음. 박스 없음.,113920,83161,0.27
SK매직 GRA-B322K,가스레인지,1개월 사용했습니다. 상태 보통이며 고장 없음. 박스 없음.,174080,156672,0.1
린나이 RBR-P4400,가스레인지,거의 사용하지 않음. 상태 최상이며 작동 이상 없음. 추가 액세서리 포함.,436700,393030,0.1
린나이 RT-5102,가스레인지,4년 사용했습니다. 사용감 있음그리고 화면 금 갔음. 박스 없음.,250380,95144,0.62
린나이 INBS301DJ,가스레인지,거의 사용하지 않음. 상태 보통이며 고장 없음. 정품 인증서 포함.,167350,150615,0.1
SK매직 GRAB221K,가스레인지,5년 사용했습니다. 상태 보통이며 고장 없음. 박스 및 구성품 있음.,85440,40156,0.53
린나이 RBR-S3307DJ,가스레인지,거의 사용하지 않음. 상태 최상하지만 액정 파손. 추가 액세서리 포함.,158790,130207,0.18
린나이 RBR-S3001D,가스레인지,거의 사용하지 않음. 외관 약간 흠집이며 작동 이상 없음. 박스 및 구성품 있음.,213600,192240,0.1
린나이 CTA22NJ,가스레인지,6개월 사용했습니다. 상태 최상하지만 생활 기스 있음. 충전기 없음.,138600,124740,0.1
린나이 RT-1620I,가스레인지,거의 사용하지 않음. 사용감 있음그리고 생활 기스 있음. 충전기 없음.,189730,155578,0.18
매직쉐프 MMW-W23FDHW,가스레인지,5년 사용했습니다. 외관 심한 흠집그리고 액정 파손.,119960,23991,0.8
린나이 RT-1080IJ,가스레인지,3년 사용했습니다. 외관 약간 흠집이며 고장 없음. 충전기 없음.,128060,80677,0.37
린나이 INCP2032WJ,가스레인지,1년 사용했습니다. 생활흔적 있음그리고 액정 파손. 추가 액세서리 포함.,143060,95850,0.33
SK매직 GRA-B3218D,가스레인지,거의 사용하지 않음. 사용감 있음그리고 생활 기스 있음. 박스 및 구성품 있음.,147990,125791,0.15
린나이 RT-6520I,가스레인지,1개월 사용했습니다. 외관 심한 흠집그리고 화면 금 갔음.,188810,137831,0.27
린나이 CPBC611DJ,가스레인지,2년 사용했습니다. 상태 양호하지만 화면 금 갔음. 박스 없음.,176080,110930,0.37
SK매직 GRA-BA301D,가스레인지,1개월 사용했습니다. 사용감 있음그리고 배터리 효율 낮음.,229020,190086,0.17
린나이 RBR-PF3000,가스레인지,2년 사용했습니다. 상태 최상하지만 배터리 효율 낮음. 추가 액세서리 포함.,294960,227119,0.23
SK매직 뉴에코 GRA-851SR,가스레인지,6개월 사용했습니다. 사용감 있음이며 고장 없음. 박스 및 구성품 있음.,128820,115938,0.1
린나이 RBR-S6201D,가스레인지,1개월 사용했습니다. 사용감 있음그리고 화면 금 갔음. 충전기 없음.,180000,135000,0.25
린나이 RBR-P3511WD,가스레인지,6개월 사용했습니다. 사용감 있음그리고 액정 파손. 충전기 없음.,241400,161737,0.33
린나이 RBR-P2501D,가스레인지,3년 사용했습니다. 상태 양호이며 고장 없음. 정품 인증서 포함.,210750,149632,0.29
SK매직 뉴에코 GRA-910SR,가스레인지,1년 사용했습니다. 사용감 있음그리고 생활 기스 있음. 박스 없음.,171700,133926,0.22
SK매직 GRA-F2NRH,가스레인지,1개월 사용했습니다. 외관 심한 흠집이며 작동 이상 없음. 추가 액세서리 포함.,116450,104805,0.1
린나이 GTA24SJ,가스레인지,1년 사용했습니다. 생활흔적 있음그리고 액정 파손. 충전기 없음.,133400,82708,0.38
SK매직 뉴에코 GRA-841SR (GRA-841R),가스레인지,6개월 사용했습니다. 외관 약간 흠집이며 고장 없음. 박스 없음.,144000,128160,0.11
린나이 RBR-S3000,가스레인지,4년 사용했습니다. 외관 약간 흠집그리고 화면 금 갔음. 추가 액세서리 포함.,218950,94148,0.57
하츠 GC-3605SDBH,가스레인지,1개월 사용했습니다. 사용감 있음그리고 생활 기스 있음. 충전기 없음.,135000,114750,0.15
린나이 RBR-S3603DIJ,가스레인지,1개월 사용했습니다. 상태 보통이며 작동 이상 없음. 추가 액세서리 포함.,156710,141039,0.1
SK매직 GRA-B3FDD,가스레인지,1개월 사용했습니다. 외관 약간 흠집그리고 화면 금 갔음. 박스 및 구성품 있음.,126000,99540,0.21
린나이 RBR-S4000,가스레인지,6개월 사용했습니다. 상태 보통그리고 배터리 효율 낮음. 박스 및 구성품 있음.,260460,213577,0.18
SK매직 GRA-B3216D,가스레인지,1개월 사용했습니다. 외관 약간 흠집그리고 화면 금 갔음. 추가 액세서리 포함.,113920,92275,0.19
SK매직 GRA-B322K,가스레인지,1년 사용했습니다. 상태 보통그리고 생활 기스 있음.,174080,142745,0.18
린나이 RBR-P4400,가스레인지,1년 사용했습니다. 상태 양호이며 고장 없음. 정품 인증서 포함.,436700,393030,0.1
린나이 RT-5102,가스레인지,1년 사용했습니다. 상태 최상하지만 생활 기스 있음. 충전기 없음.,250380,217830,0.13
린나이 INBS301DJ,가스레인지,거의 사용하지 않음. 외관 심한 흠집그리고 화면 금 갔음. 추가 액세서리 포함.,167350,120492,0.28
SK매직 GRAB221K,가스레인지,거의 사용하지 않음. 사용감 있음그리고 화면 금 갔음. 정품 인증서 포함.,85440,64934,0.24
린나이 RBR-S3307DJ,가스레인지,1년 사용했습니다. 외관 심한 흠집그리고 액정 파손. 충전기 없음.,158790,90510,0.43
린나이 RBR-S3001D,가스레인지,1개월 사용했습니다. 상태 최상하지만 화면 금 갔음. 정품 인증서 포함.,213600,190104,0.11
린나이 CTA22NJ,가스레인지,2년 사용했습니다. 사용감 있음이며 고장 없음. 추가 액세서리 포함.,138600,106722,0.23
린나이 RT-1620I,가스레인지,2년 사용했습니다. 외관 약간 흠집그리고 배터리 효율 낮음.,189730,125221,0.34
매직쉐프 MMW-W23FDHW,가스레인지,거의 사용하지 않음. 외관 심한 흠집그리고 화면 금 갔음. 충전기 없음.,119960,80373,0.33
린나이 RT-1080IJ,가스레인지,3년 사용했습니다. 외관 심한 흠집그리고 화면 금 갔음. 추가 액세서리 포함.,128060,60188,0.53
린나이 INCP2032WJ,가스레인지,4년 사용했습니다. 상태 양호하지만 생활 기스 있음. 추가 액세서리 포함.,143060,81544,0.43
SK매직 GRA-B3218D,가스레인지,6개월 사용했습니다. 상태 최상하지만 생활 기스 있음. 충전기 없음.,147990,133191,0.1
린나이 RT-6520I,가스레인지,5년 사용했습니다. 상태 최상하지만 배터리 효율 낮음. 박스 없음.,188810,81188,0.57
린나이 CPBC611DJ,가스레인지,거의 사용하지 않음. 생활흔적 있음그리고 액정 파손. 정품 인증서 포함.,176080,125016,0.29
SK매직 GRA-BA301D,가스레인지,3년 사용했습니다. 생활흔적 있음그리고 액정 파손. 추가 액세서리 포함.,229020,107639,0.53
린나이 RBR-PF3000,가스레인지,1년 사용했습니다. 상태 양호하지만 액정 파손. 정품 인증서 포함.,294960,209421,0.29
SK매직 뉴에코 GRA-851SR,가스레인지,4년 사용했습니다. 외관 심한 흠집그리고 화면 금 갔음. 충전기 없음.,128820,41222,0.68
린나이 RBR-S6201D,가스레인지,4년 사용했습니다. 상태 최상하지만 액정 파손. 박스 없음.,180000,77400,0.57
린나이 RBR-P3511WD,가스레인지,6개월 사용했습니다. 상태 최상이며 고장 없음. 박스 없음.,241400,217260,0.1
린나이 RBR-P2501D,가스레인지,2년 사용했습니다. 상태 최상하지만 화면 금 갔음. 박스 및 구성품 있음.,210750,147525,0.3
SK매직 뉴에코 GRA-910SR,가스레인지,5년 사용했습니다. 외관 약간 흠집그리고 액정 파손. 박스 및 구성품 있음.,171700,44642,0.74
SK매직 GRA-F2NRH,가스레인지,1개월 사용했습니다. 생활흔적 있음그리고 액정 파손. 박스 및 구성품 있음.,116450,85008,0.27
린나이 GTA24SJ,가스레인지,거의 사용하지 않음. 상태 보통그리고 화면 금 갔음. 박스 없음.,133400,100050,0.25
SK매직 뉴에코 GRA-841SR (GRA-841R),가스레인지,1개월 사용했습니다. 상태 최상이며 작동 이상 없음.,144000,129600,0.1
린나이 RBR-S3000,가스레인지,거의 사용하지 않음. 상태 최상이며 고장 없음. 추가 액세서리 포함.,218950,197055,0.1
하츠 GC-3605SDBH,가스레인지,2년 사용했습니다. 상태 최상이며 고장 없음. 정품 인증서 포함.,135000,116100,0.14
린나이 RBR-S3603DIJ,가스레인지,거의 사용하지 않음. 사용감 있음이며 작동 이상 없음. 충전기 없음.,156710,136337,0.13
SK매직 GRA-B3FDD,가스레인지,1개월 사용했습니다. 외관 약간 흠집그리고 액정 파손. 추가 액세서리 포함.,126000,95760,0.24
린나이 RBR-S4000,가스레인지,5년 사용했습니다. 생활흔적 있음이며 작동 이상 없음. 박스 없음.,260460,111997,0.57
SK매직 GRA-B3216D,가스레인지,4년 사용했습니다. 생활흔적 있음그리고 화면 금 갔음.,113920,45568,0.6
SK매직 GRA-B322K,가스레인지,거의 사용하지 않음. 상태 양호하지만 생활 기스 있음.,174080,156672,0.1
린나이 RBR-P4400,가스레인지,2년 사용했습니다. 사용감 있음이며 고장 없음.,436700,327525,0.25
린나이 RT-5102,가스레인지,2년 사용했습니다. 외관 심한 흠집이며 작동 이상 없음. 박스 없음.,250380,170258,0.32
린나이 INBS301DJ,가스레인지,3년 사용했습니다. 상태 최상하지만 화면 금 갔음. 추가 액세서리 포함.,167350,103757,0.38
SK매직 GRAB221K,가스레인지,거의 사용하지 않음. 외관 약간 흠집그리고 화면 금 갔음. 박스 없음.,85440,63225,0.26
린나이 RBR-S3307DJ,가스레인지,거의 사용하지 않음. 상태 최상하지만 생활 기스 있음. 정품 인증서 포함.,158790,142911,0.1
린나이 RBR-S3001D,가스레인지,4년 사용했습니다. 상태 양호이며 고장 없음. 충전기 없음.,213600,121752,0.43
린나이 CTA22NJ,가스레인지,거의 사용하지 않음. 상태 최상하지만 생활 기스 있음. 박스 없음.,138600,124740,0.1
린나이 RT-1620I,가스레인지,거의 사용하지 않음. 외관 약간 흠집그리고 배터리 효율 낮음. 박스 및 구성품 있음.,189730,153681,0.19
매직쉐프 MMW-W23FDHW,가스레인지,4년 사용했습니다. 외관 심한 흠집그리고 화면 금 갔음.,119960,41986,0.65
린나이 RT-1080IJ,가스레인지,거의 사용하지 않음. 외관 심한 흠집그리고 배터리 효율 낮음. 박스 없음.,128060,93483,0.27
린나이 INCP2032WJ,가스레인지,거의 사용하지 않음. 사용감 있음그리고 배터리 효율 낮음. 박스 없음.,143060,111586,0.22
SK매직 GRA-B3218D,가스레인지,3년 사용했습니다. 상태 양호이며 고장 없음. 박스 없음.,147990,100633,0.32
린나이 RT-6520I,가스레인지,거의 사용하지 않음. 상태 양호이며 작동 이상 없음. 박스 없음.,188810,169929,0.1
린나이 CPBC611DJ,가스레인지,6개월 사용했습니다. 생활흔적 있음이며 작동 이상 없음.,176080,158472,0.1
SK매직 GRA-BA301D,가스레인지,3년 사용했습니다. 상태 양호하지만 화면 금 갔음. 추가 액세서리 포함.,229020,130541,0.43
린나이 RBR-PF3000,가스레인지,2년 사용했습니다. 외관 심한 흠집이며 고장 없음. 박스 및 구성품 있음.,294960,206472,0.3
SK매직 뉴에코 GRA-851SR,가스레인지,거의 사용하지 않음. 상태 최상이며 작동 이상 없음. 정품 인증서 포함.,128820,115938,0.1
린나이 RBR-S6201D,가스레인지,거의 사용하지 않음. 사용감 있음이며 고장 없음. 추가 액세서리 포함.,180000,162000,0.1
린나이 RBR-P3511WD,가스레인지,6개월 사용했습니다. 상태 양호하지만 생활 기스 있음. 정품 인증서 포함.,241400,217260,0.1
린나이 RBR-P2501D,가스레인지,6개월 사용했습니다. 상태 보통그리고 화면 금 갔음.,210750,162277,0.23
SK매직 뉴에코 GRA-910SR,가스레인지,4년 사용했습니다. 생활흔적 있음그리고 생활 기스 있음. 박스 및 구성품 있음.,171700,85850,0.5
SK매직 GRA-F2NRH,가스레인지,거의 사용하지 않음. 상태 보통그리고 생활 기스 있음.,116450,101311,0.13
린나이 GTA24SJ,가스레인지,1년 사용했습니다. 상태 양호하지만 액정 파손.,133400,93380,0.3
SK매직 뉴에코 GRA-841SR (GRA-841R),가스레인지,4년 사용했습니다. 외관 심한 흠집그리고 액정 파손. 정품 인증서 포함.,144000,44640,0.69
린나이 RBR-S3000,가스레인지,1개월 사용했습니다. 외관 심한 흠집이며 고장 없음. 추가 액세서리 포함.,218950,197055,0.1
하츠 GC-3605SDBH,가스레인지,6개월 사용했습니다. 사용감 있음그리고 화면 금 갔음. 정품 인증서 포함.,135000,102600,0.24
린나이 RBR-S3603DIJ,가스레인지,1년 사용했습니다. 외관 약간 흠집이며 고장 없음. 박스 없음.,156710,131636,0.16
SK매직 GRA-B3FDD,가스레인지,3년 사용했습니다. 외관 심한 흠집이며 고장 없음.,126000,75600,0.4
린나이 RBR-S4000,가스레인지,6개월 사용했습니다. 생활흔적 있음이며 고장 없음. 정품 인증서 포함.,260460,234414,0.1
SK매직 GRA-B3216D,가스레인지,거의 사용하지 않음. 상태 보통이며 작동 이상 없음. 충전기 없음.,113920,101388,0.11
SK매직 GRA-B322K,가스레인지,3년 사용했습니다. 외관 심한 흠집그리고 생활 기스 있음. 추가 액세서리 포함.,174080,99225,0.43
린나이 RBR-P4400,가스레인지,3년 사용했습니다. 생활흔적 있음그리고 배터리 효율 낮음. 추가 액세서리 포함.,436700,248919,0.43
린나이 RT-5102,가스레인지,1년 사용했습니다. 상태 최상하지만 액정 파손. 정품 인증서 포함.,250380,190288,0.24
린나이 INBS301DJ,가스레인지,거의 사용하지 않음. 사용감 있음그리고 배터리 효율 낮음. 정품 인증서 포함.,167350,135553,0.19
SK매직 GRAB221K,가스레인지,거의 사용하지 않음. 상태 양호하지만 배터리 효율 낮음. 충전기 없음.,85440,70060,0.18
린나이 RBR-S3307DJ,가스레인지,5년 사용했습니다. 외관 심한 흠집이며 작동 이상 없음. 정품 인증서 포함.,158790,65103,0.59
린나이 RBR-S3001D,가스레인지,1개월 사용했습니다. 상태 보통그리고 배터리 효율 낮음.,213600,181560,0.15
린나이 CTA22NJ,가스레인지,1년 사용했습니다. 외관 심한 흠집그리고 액정 파손. 충전기 없음.,138600,79002,0.43
린나이 RT-1620I,가스레인지,5년 사용했습니다. 상태 보통그리고 화면 금 갔음. 박스 없음.,189730,56919,0.7
매직쉐프 MMW-W23FDHW,가스레인지,3년 사용했습니다. 외관 심한 흠집그리고 화면 금 갔음. 박스 없음.,119960,51582,0.57
린나이 RT-1080IJ,가스레인지,1개월 사용했습니다. 상태 양호하지만 배터리 효율 낮음. 박스 없음.,128060,110131,0.14
린나이 INCP2032WJ,가스레인지,1개월 사용했습니다. 외관 약간 흠집그리고 배터리 효율 낮음. 추가 액세서리 포함.,143060,123031,0.14
SK매직 GRA-B3218D,가스레인지,거의 사용하지 않음. 상태 최상하지만 액정 파손. 정품 인증서 포함.,147990,119871,0.19
린나이 RT-6520I,가스레인지,5년 사용했습니다. 사용감 있음그리고 배터리 효율 낮음. 박스 및 구성품 있음.,188810,66083,0.65
린나이 CPBC611DJ,가스레인지,2년 사용했습니다. 사용감 있음그리고 배터리 효율 낮음. 박스 없음.,176080,110930,0.37
SK매직 GRA-BA301D,가스레인지,3년 사용했습니다. 상태 보통이며 고장 없음. 박스 및 구성품 있음.,229020,153443,0.33
린나이 RBR-PF3000,가스레인지,3년 사용했습니다. 외관 약간 흠집그리고 배터리 효율 낮음. 추가 액세서리 포함.,294960,171076,0.42
SK매직 뉴에코 GRA-851SR,가스레인지,1개월 사용했습니다. 상태 최상하지만 배터리 효율 낮음. 충전기 없음.,128820,115938,0.1
린나이 RBR-S6201D,가스레인지,4년 사용했습니다. 상태 양호이며 고장 없음. 정품 인증서 포함.,180000,109800,0.39
린나이 RBR-P3511WD,가스레인지,6개월 사용했습니다. 외관 심한 흠집그리고 배터리 효율 낮음. 추가 액세서리 포함.,241400,185878,0.23
린나이 RBR-P2501D,가스레인지,1년 사용했습니다. 상태 양호이며 고장 없음. 박스 없음.,210750,185460,0.12
SK매직 뉴에코 GRA-910SR,가스레인지,1년 사용했습니다. 상태 보통그리고 배터리 효율 낮음. 정품 인증서 포함.,171700,133926,0.22
SK매직 GRA-F2NRH,가스레인지,1개월 사용했습니다. 사용감 있음그리고 배터리 효율 낮음. 박스 및 구성품 있음.,116450,96653,0.17
린나이 GTA24SJ,가스레인지,1개월 사용했습니다. 생활흔적 있음그리고 화면 금 갔음. 박스 및 구성품 있음.,133400,104052,0.22
SK매직 뉴에코 GRA-841SR (GRA-841R),가스레인지,1개월 사용했습니다. 외관 약간 흠집그리고 배터리 효율 낮음. 박스 및 구성품 있음.,144000,120960,0.16
린나이 RBR-S3000,가스레인지,5년 사용했습니다. 상태 양호하지만 화면 금 갔음. 정품 인증서 포함.,218950,78822,0.64
하츠 GC-3605SDBH,가스레인지,5년 사용했습니다. 상태 최상하지만 생활 기스 있음. 충전기 없음.,135000,63450,0.53
린나이 RBR-S3603DIJ,가스레인지,1년 사용했습니다. 사용감 있음그리고 액정 파손. 추가 액세서리 포함.,156710,104995,0.33
SK매직 GRA-B3FDD,가스레인지,3년 사용했습니다. 상태 최상하지만 생활 기스 있음. 충전기 없음.,126000,84419,0.33
린나이 RBR-S4000,가스레인지,4년 사용했습니다. 사용감 있음이며 고장 없음. 박스 및 구성품 있음.,260460,143253,0.45
SK매직 GRA-B3216D,가스레인지,거의 사용하지 않음. 사용감 있음이며 고장 없음. 추가 액세서리 포함.,113920,102528,0.1
SK매직 GRA-B322K,가스레인지,6개월 사용했습니다. 사용감 있음이며 작동 이상 없음. 추가 액세서리 포함.,174080,156672,0.1
린나이 RBR-P4400,가스레인지,거의 사용하지 않음. 상태 보통그리고 생활 기스 있음.,436700,379929,0.13
린나이 RT-5102,가스레인지,5년 사용했습니다. 외관 약간 흠집그리고 액정 파손. 박스 및 구성품 있음.,250380,65098,0.74
린나이 INBS301DJ,가스레인지,6개월 사용했습니다. 상태 양호하지만 배터리 효율 낮음. 충전기 없음.,167350,137227,0.18
SK매직 GRAB221K,가스레인지,2년 사용했습니다. 상태 양호하지만 생활 기스 있음. 박스 및 구성품 있음.,85440,64080,0.25
린나이 RBR-S3307DJ,가스레인지,3년 사용했습니다. 상태 최상하지만 화면 금 갔음. 추가 액세서리 포함.,158790,98449,0.38
린나이 RBR-S3001D,가스레인지,1년 사용했습니다. 상태 최상하지만 화면 금 갔음. 추가 액세서리 포함.,213600,175152,0.18
린나이 CTA22NJ,가스레인지,3년 사용했습니다. 생활흔적 있음그리고 화면 금 갔음. 충전기 없음.,138600,65141,0.53
린나이 RT-1620I,가스레인지,거의 사용하지 않음. 외관 약간 흠집그리고 액정 파손. 정품 인증서 포함.,189730,136605,0.28
매직쉐프 MMW-W23FDHW,가스레인지,4년 사용했습니다. 외관 약간 흠집그리고 화면 금 갔음. 정품 인증서 포함.,119960,50383,0.58
린나이 RT-1080IJ,가스레인지,4년 사용했습니다. 외관 약간 흠집이며 고장 없음. 박스 없음.,128060,69152,0.46
린나이 INCP2032WJ,가스레인지,2년 사용했습니다. 사용감 있음그리고 배터리 효율 낮음.,143060,92989,0.35
SK매직 GRA-B3218D,가스레인지,거의 사용하지 않음. 외관 심한 흠집그리고 배터리 효율 낮음. 충전기 없음.,147990,106552,0.28
린나이 RT-6520I,가스레인지,3년 사용했습니다. 상태 보통그리고 화면 금 갔음. 정품 인증서 포함.,188810,100069,0.47
린나이 CPBC611DJ,가스레인지,3년 사용했습니다. 상태 최상하지만 배터리 효율 낮음. 박스 및 구성품 있음.,176080,114452,0.35
SK매직 GRA-BA301D,가스레인지,5년 사용했습니다. 외관 약간 흠집그리고 배터리 효율 낮음. 박스 및 구성품 있음.,229020,82447,0.64
린나이 RBR-PF3000,가스레인지,4년 사용했습니다. 사용감 있음그리고 액정 파손. 박스 및 구성품 있음.,294960,103236,0.65
SK매직 뉴에코 GRA-851SR,가스레인지,6개월 사용했습니다. 상태 최상이며 고장 없음. 추가 액세서리 포함.,128820,115938,0.1
린나이 RBR-S6201D,가스레인지,2년 사용했습니다. 상태 양호이며 고장 없음. 정품 인증서 포함.,180000,145800,0.19
린나이 RBR-P3511WD,가스레인지,4년 사용했습니다. 상태 최상하지만 화면 금 갔음. 충전기 없음.,241400,113458,0.53
린나이 RBR-P2501D,가스레인지,6개월 사용했습니다. 외관 심한 흠집이며 작동 이상 없음. 충전기 없음.,210750,172815,0.18
SK매직 뉴에코 GRA-910SR,가스레인지,거의 사용하지 않음. 상태 최상하지만 배터리 효율 낮음. 추가 액세서리 포함.,171700,154530,0.1
SK매직 GRA-F2NRH,가스레인지,1년 사용했습니다. 외관 약간 흠집그리고 화면 금 갔음. 박스 없음.,116450,80350,0.31
린나이 GTA24SJ,가스레인지,3년 사용했습니다. 상태 최상이며 작동 이상 없음. 추가 액세서리 포함.,133400,102718,0.23
SK매직 뉴에코 GRA-841SR (GRA-841R),가스레인지,4년 사용했습니다. 생활흔적 있음그리고 배터리 효율 낮음. 충전기 없음.,144000,60480,0.58
린나이 RBR-S3000,가스레인지,1개월 사용했습니다. 사용감 있음이며 작동 이상 없음. 추가 액세서리 포함.,218950,197055,0.1
하츠 GC-3605SDBH,가스레인지,3년 사용했습니다. 사용감 있음이며 작동 이상 없음. 박스 없음.,135000,85050,0.37
린나이 RBR-S3603DIJ,가스레인지,6개월 사용했습니다. 생활흔적 있음그리고 액정 파손. 정품 인증서 포함.,156710,111264,0.29
SK매직 GRA-B3FDD,가스레인지,거의 사용하지 않음. 상태 보통그리고 생활 기스 있음. 충전기 없음.,126000,105840,0.16
린나이 RBR-S4000,가스레인지,거의 사용하지 않음. 상태 최상이며 고장 없음. 충전기 없음.,260460,234414,0.1
SK매직 GRA-B3216D,가스레인지,6개월 사용했습니다. 사용감 있음그리고 배터리 효율 낮음. 박스 없음.,113920,88857,0.22
SK매직 GRA-B322K,가스레인지,거의 사용하지 않음. 외관 약간 흠집그리고 액정 파손. 박스 없음.,174080,120115,0.31
린나이 RBR-P4400,가스레인지,3년 사용했습니다. 외관 약간 흠집이며 작동 이상 없음. 충전기 없음.,436700,275121,0.37
린나이 RT-5102,가스레인지,1개월 사용했습니다. 외관 약간 흠집이며 고장 없음. 정품 인증서 포함.,250380,225342,0.1
린나이 INBS301DJ,가스레인지,3년 사용했습니다. 상태 보통그리고 배터리 효율 낮음. 충전기 없음.,167350,90369,0.46
SK매직 GRAB221K,가스레인지,1년 사용했습니다. 상태 보통그리고 배터리 효율 낮음. 추가 액세서리 포함.,85440,67497,0.21
린나이 RBR-S3307DJ,가스레인지,1개월 사용했습니다. 외관 심한 흠집그리고 생활 기스 있음.,158790,131795,0.17
린나이 RBR-S3001D,가스레인지,5년 사용했습니다. 상태 최상하지만 화면 금 갔음.,213600,85440,0.6
린나이 CTA22NJ,가스레인지,4년 사용했습니다. 상태 양호하지만 액정 파손. 박스 및 구성품 있음.,138600,55440,0.6
린나이 RT-1620I,가스레인지,5년 사용했습니다. 상태 양호하지만 액정 파손. 추가 액세서리 포함.,189730,60713,0.68
매직쉐프 MMW-W23FDHW,가스레인지,거의 사용하지 않음. 외관 심한 흠집그리고 생활 기스 있음. 박스 없음.,119960,93568,0.22
린나이 RT-1080IJ,가스레인지,2년 사용했습니다. 상태 보통그리고 액정 파손. 정품 인증서 포함.,128060,74274,0.42
린나이 INCP2032WJ,가스레인지,6개월 사용했습니다. 상태 최상이며 고장 없음.,143060,128754,0.1
SK매직 GRA-B3218D,가스레인지,6개월 사용했습니다. 상태 최상하지만 배터리 효율 낮음.,147990,133191,0.1
린나이 RT-6520I,가스레인지,거의 사용하지 않음. 외관 약간 흠집이며 고장 없음. 박스 및 구성품 있음.,188810,169929,0.1
린나이 CPBC611DJ,가스레인지,4년 사용했습니다. 상태 양호이며 고장 없음.,176080,105648,0.4
SK매직 GRA-BA301D,가스레인지,5년 사용했습니다. 생활흔적 있음그리고 화면 금 갔음.,229020,68706,0.7
린나이 RBR-PF3000,가스레인지,1개월 사용했습니다. 생활흔적 있음이며 작동 이상 없음. 박스 없음.,294960,265464,0.1
SK매직 뉴에코 GRA-851SR,가스레인지,4년 사용했습니다. 사용감 있음이며 고장 없음. 박스 및 구성품 있음.,128820,70851,0.45
린나이 RBR-S6201D,가스레인지,4년 사용했습니다. 외관 약간 흠집그리고 배터리 효율 낮음. 정품 인증서 포함.,180000,84600,0.53
린나이 RBR-P3511WD,가스레인지,거의 사용하지 않음. 상태 최상이며 작동 이상 없음.,241400,217260,0.1
린나이 RBR-P2501D,가스레인지,1개월 사용했습니다. 상태 보통그리고 화면 금 갔음. 박스 없음.,210750,164385,0.22
SK매직 뉴에코 GRA-910SR,가스레인지,2년 사용했습니다. 외관 약간 흠집그리고 배터리 효율 낮음. 충전기 없음.,171700,108171,0.37
SK매직 GRA-F2NRH,가스레인지,4년 사용했습니다. 생활흔적 있음이며 고장 없음. 추가 액세서리 포함.,116450,66376,0.43
린나이 GTA24SJ,가스레인지,1년 사용했습니다. 생활흔적 있음그리고 생활 기스 있음.,133400,106720,0.2
SK매직 뉴에코 GRA-841SR (GRA-841R),가스레인지,1개월 사용했습니다. 외관 심한 흠집이며 작동 이상 없음.,144000,126720,0.12
린나이 RBR-S3000,가스레인지,5년 사용했습니다. 외관 약간 흠집그리고 배터리 효율 낮음.,218950,78822,0.64
하츠 GC-3605SDBH,가스레인지,3년 사용했습니다. 외관 심한 흠집이며 작동 이상 없음. 충전기 없음.,135000,76950,0.43
린나이 RBR-S3603DIJ,가스레인지,4년 사용했습니다. 상태 양호하지만 화면 금 갔음. 박스 및 구성품 있음.,156710,70519,0.55
SK매직 GRA-B3FDD,가스레인지,3년 사용했습니다. 외관 약간 흠집그리고 배터리 효율 낮음.,126000,70560,0.44
린나이 RBR-S4000,가스레인지,1년 사용했습니다. 상태 보통그리고 화면 금 갔음. 추가 액세서리 포함.,260460,192740,0.26
SK매직 GRA-B3216D,가스레인지,1개월 사용했습니다. 상태 보통이며 작동 이상 없음. 정품 인증서 포함.,113920,102528,0.1
SK매직 GRA-B322K,가스레인지,5년 사용했습니다. 외관 약간 흠집그리고 배터리 효율 낮음. 충전기 없음.,174080,57446,0.67
린나이 RBR-P4400,가스레인지,1개월 사용했습니다. 외관 약간 흠집그리고 배터리 효율 낮음. 충전기 없음.,436700,353727,0.19
린나이 RT-5102,가스레인지,6개월 사용했습니다. 상태 양호이며 고장 없음.,250380,225342,0.1
린나이 INBS301DJ,가스레인지,1년 사용했습니다. 상태 최상이며 작동 이상 없음. 충전기 없음.,167350,150615,0.1
SK매직 GRAB221K,가스레인지,거의 사용하지 않음. 생활흔적 있음그리고 화면 금 갔음.,85440,64080,0.25
린나이 RBR-S3307DJ,가스레인지,3년 사용했습니다. 외관 약간 흠집그리고 배터리 효율 낮음. 박스 및 구성품 있음.,158790,88922,0.44
린나이 RBR-S3001D,가스레인지,2년 사용했습니다. 외관 약간 흠집그리고 생활 기스 있음. 추가 액세서리 포함.,213600,155928,0.27
린나이 CTA22NJ,가스레인지,거의 사용하지 않음. 사용감 있음그리고 액정 파손.,138600,97020,0.3
린나이 RT-1620I,가스레인지,5년 사용했습니다. 외관 심한 흠집그리고 화면 금 갔음. 박스 및 구성품 있음.,189730,47432,0.75
